case_id,changed_variable,value,source_classification,approved_operating_point,score,risk,estimated_cut_time_seconds,heat_score,heat_temp_rise_c,deflection_score,deflection_mm,rim_speed_score,rim_speed_m_s,bite_load_score,bite_load_mm,kickback_score,cutting_force_score,cutting_power_w,power_ratio,kc_j_per_mm3,blade_dynamics_score,warnings
CASE-B,none,,repository_fixture,False,56.2,RED,11.0,15.0,6602.9,20.0,74.9842,100.0,45.88,100.0,0.03623,65.0,10.0,112500.0,44.118,30.0,100.0,Critical heat: ~6603 C rise. Charring/fire risk. Reduce speed and increase feed immediately. | Excessive deflection 74.984 mm; blade wander will occur. Use stiffer blade or reduce cut depth. | Moderate kickback risk (1 factors) | OVERLOAD: cutting needs 112500 W but machine provides 2550 W (4412%)
CASE-C-rpm-2000,rpm,2000,hypothetical_sweep,False,51.0,RED,11.0,15.0,8672.2,20.0,129.3477,60.0,26.6,100.0,0.0625,65.0,10.0,112500.0,44.118,30.0,100.0,Critical heat: ~8672 C rise. Charring/fire risk. Reduce speed and increase feed immediately. | Excessive deflection 129.348 mm; blade wander will occur. Use stiffer blade or reduce cut depth. | Rim speed very low (26.6 m/s); may cause poor cut quality | Moderate kickback risk (1 factors) | OVERLOAD: cutting needs 112500 W but machine provides 2550 W (4412%)
CASE-C-rpm-6000,rpm,6000,hypothetical_sweep,False,43.9,RED,11.0,15.0,5006.9,20.0,43.1159,40.0,79.8,70.0,0.02083,65.0,10.0,112500.0,44.118,30.0,100.0,Critical heat: ~5007 C rise. Charring/fire risk. Reduce speed and increase feed immediately. | Excessive deflection 43.116 mm; blade wander will occur. Use stiffer blade or reduce cut depth. | Rim speed exceeds safe range (79.8 m/s); reduce RPM | Bite load below optimal (0.0208 mm); increase feed rate | Moderate kickback risk (1 factors) | OVERLOAD: cutting needs 112500 W but machine provides 2550 W (4412%)
CASE-C-rpm-10000,rpm,10000,hypothetical_sweep,False,27.4,RED,11.0,15.0,5817.5,20.0,25.8695,10.0,132.99,40.0,0.0125,55.0,10.0,112500.0,44.118,30.0,45.0,Critical heat: ~5817 C rise. Charring/fire risk. Reduce speed and increase feed immediately. | Excessive deflection 25.870 mm; blade wander will occur. Use stiffer blade or reduce cut depth. | DANGER: Rim speed critically high (133.0 m/s); DO NOT operate | Bite load very low (0.0125 mm); friction and burning likely | Elevated kickback risk; use push sticks and featherboards | OVERLOAD: cutting needs 112500 W but machine provides 2550 W (4412%) | Operating RPM 10000 is 10.6% from mode-1 critical speed (9043 RPM). Consider adjusting RPM.
CASE-C-feed_rate_mm_min-100.0,feed_rate_mm_min,100.0,hypothetical_sweep,False,45.7,RED,185.0,15.0,330.1,20.0,2.4995,100.0,45.88,40.0,0.00121,55.0,10.0,3750.0,1.471,30.0,100.0,Critical heat: ~330 C rise. Charring/fire risk. Reduce speed and increase feed immediately. | Excessive deflection 2.499 mm; blade wander will occur. Use stiffer blade or reduce cut depth. | Bite load very low (0.0012 mm); friction and burning likely | Elevated kickback risk; use push sticks and featherboards | OVERLOAD: cutting needs 3750 W but machine provides 2550 W (147%)
CASE-C-feed_rate_mm_min-8000.0,feed_rate_mm_min,8000.0,hypothetical_sweep,False,56.2,RED,7.25,15.0,17607.7,20.0,199.9579,100.0,45.88,100.0,0.09662,65.0,10.0,300000.0,117.647,30.0,100.0,Critical heat: ~17608 C rise. Charring/fire risk. Reduce speed and increase feed immediately. | Excessive deflection 199.958 mm; blade wander will occur. Use stiffer blade or reduce cut depth. | Moderate kickback risk (1 factors) | OVERLOAD: cutting needs 300000 W but machine provides 2550 W (11765%)
CASE-C-feed_rate_mm_min-20000.0,feed_rate_mm_min,20000.0,hypothetical_sweep,False,42.0,RED,5.9,15.0,44019.4,20.0,499.8946,100.0,45.88,20.0,0.24155,50.0,10.0,750000.0,294.118,30.0,100.0,Critical heat: ~44019 C rise. Charring/fire risk. Reduce speed and increase feed immediately. | Excessive deflection 499.895 mm; blade wander will occur. Use stiffer blade or reduce cut depth. | Bite load excessive (0.2415 mm); blade damage likely | Elevated kickback risk; use push sticks and featherboards | OVERLOAD: cutting needs 750000 W but machine provides 2550 W (29412%)
CASE-C-blade_diameter_mm-100.0,blade_diameter_mm,100.0,hypothetical_sweep,False,53.2,RED,11.0,15.0,10523.3,20.0,6.619,60.0,18.06,100.0,0.03623,80.0,10.0,112500.0,44.118,30.0,100.0,Critical heat: ~10523 C rise. Charring/fire risk. Reduce speed and increase feed immediately. | Excessive deflection 6.619 mm; blade wander will occur. Use stiffer blade or reduce cut depth. | Rim speed very low (18.1 m/s); may cause poor cut quality | OVERLOAD: cutting needs 112500 W but machine provides 2550 W (4412%)
CASE-C-blade_diameter_mm-400.0,blade_diameter_mm,400.0,hypothetical_sweep,False,45.7,RED,11.0,15.0,5261.6,20.0,209.5164,70.0,72.26,100.0,0.03623,65.0,10.0,112500.0,44.118,30.0,45.0,Critical heat: ~5262 C rise. Charring/fire risk. Reduce speed and increase feed immediately. | Excessive deflection 209.516 mm; blade wander will occur. Use stiffer blade or reduce cut depth. | Rim speed at upper limit (72.3 m/s); monitor blade temperature | Moderate kickback risk (1 factors) | OVERLOAD: cutting needs 112500 W but machine provides 2550 W (4412%) | Operating RPM 3450 is 5.4% from mode-1 critical speed (3647 RPM). Consider adjusting RPM.
CASE-C-blade_diameter_mm-600.0,blade_diameter_mm,600.0,hypothetical_sweep,False,44.5,RED,11.0,15.0,4296.1,20.0,504.1043,10.0,108.38,100.0,0.03623,65.0,10.0,112500.0,44.118,30.0,100.0,Critical heat: ~4296 C rise. Charring/fire risk. Reduce speed and increase feed immediately. | Excessive deflection 504.104 mm; blade wander will occur. Use stiffer blade or reduce cut depth. | DANGER: Rim speed critically high (108.4 m/s); DO NOT operate | Moderate kickback risk (1 factors) | OVERLOAD: cutting needs 112500 W but machine provides 2550 W (4412%)
CASE-C-blade_kerf_mm-1.0,blade_kerf_mm,1.0,hypothetical_sweep,False,56.2,RED,11.0,15.0,3812.2,20.0,24.9947,100.0,45.88,100.0,0.03623,65.0,10.0,37500.0,14.706,30.0,100.0,Critical heat: ~3812 C rise. Charring/fire risk. Reduce speed and increase feed immediately. | Excessive deflection 24.995 mm; blade wander will occur. Use stiffer blade or reduce cut depth. | Moderate kickback risk (1 factors) | OVERLOAD: cutting needs 37500 W but machine provides 2550 W (1471%)
CASE-C-blade_kerf_mm-6.0,blade_kerf_mm,6.0,hypothetical_sweep,False,56.2,RED,11.0,15.0,9337.9,20.0,149.9684,100.0,45.88,100.0,0.03623,65.0,10.0,225000.0,88.235,30.0,100.0,Critical heat: ~9338 C rise. Charring/fire risk. Reduce speed and increase feed immediately. | Excessive deflection 149.968 mm; blade wander will occur. Use stiffer blade or reduce cut depth. | Moderate kickback risk (1 factors) | OVERLOAD: cutting needs 225000 W but machine provides 2550 W (8824%)
CASE-C-blade_kerf_mm-10.0,blade_kerf_mm,10.0,hypothetical_sweep,False,56.2,RED,11.0,15.0,12055.2,20.0,249.9473,100.0,45.88,100.0,0.03623,65.0,10.0,375000.0,147.059,30.0,100.0,Critical heat: ~12055 C rise. Charring/fire risk. Reduce speed and increase feed immediately. | Excessive deflection 249.947 mm; blade wander will occur. Use stiffer blade or reduce cut depth. | Moderate kickback risk (1 factors) | OVERLOAD: cutting needs 375000 W but machine provides 2550 W (14706%)
CASE-C-tooth_count-10,tooth_count,10,hypothetical_sweep,False,56.2,RED,11.0,15.0,6602.9,20.0,74.9842,100.0,45.88,100.0,0.08696,65.0,10.0,112500.0,44.118,30.0,100.0,Critical heat: ~6603 C rise. Charring/fire risk. Reduce speed and increase feed immediately. | Excessive deflection 74.984 mm; blade wander will occur. Use stiffer blade or reduce cut depth. | Moderate kickback risk (1 factors) | OVERLOAD: cutting needs 112500 W but machine provides 2550 W (4412%)
CASE-C-tooth_count-80,tooth_count,80,hypothetical_sweep,False,45.7,RED,11.0,15.0,9904.4,20.0,74.9842,100.0,45.88,40.0,0.01087,55.0,10.0,112500.0,44.118,30.0,100.0,Critical heat: ~9904 C rise. Charring/fire risk. Reduce speed and increase feed immediately. | Excessive deflection 74.984 mm; blade wander will occur. Use stiffer blade or reduce cut depth. | Bite load very low (0.0109 mm); friction and burning likely | Elevated kickback risk; use push sticks and featherboards | OVERLOAD: cutting needs 112500 W but machine provides 2550 W (4412%)
CASE-C-tooth_count-120,tooth_count,120,hypothetical_sweep,False,45.7,RED,11.0,15.0,9904.4,20.0,74.9842,100.0,45.88,40.0,0.00725,55.0,10.0,112500.0,44.118,30.0,100.0,Critical heat: ~9904 C rise. Charring/fire risk. Reduce speed and increase feed immediately. | Excessive deflection 74.984 mm; blade wander will occur. Use stiffer blade or reduce cut depth. | Bite load very low (0.0072 mm); friction and burning likely | Elevated kickback risk; use push sticks and featherboards | OVERLOAD: cutting needs 112500 W but machine provides 2550 W (4412%)
CASE-C-stock_thickness_mm-1.0,stock_thickness_mm,1.0,hypothetical_sweep,False,56.2,RED,11.0,15.0,6602.9,20.0,74.9842,100.0,45.88,100.0,0.03623,65.0,10.0,4500.0,1.765,30.0,100.0,Critical heat: ~6603 C rise. Charring/fire risk. Reduce speed and increase feed immediately. | Excessive deflection 74.984 mm; blade wander will occur. Use stiffer blade or reduce cut depth. | Moderate kickback risk (1 factors) | OVERLOAD: cutting needs 4500 W but machine provides 2550 W (176%)
CASE-C-stock_thickness_mm-80.0,stock_thickness_mm,80.0,hypothetical_sweep,False,53.9,RED,11.0,15.0,6602.9,20.0,94.4683,100.0,45.88,100.0,0.03623,50.0,10.0,360000.0,141.176,30.0,100.0,Critical heat: ~6603 C rise. Charring/fire risk. Reduce speed and increase feed immediately. | Excessive deflection 94.468 mm; blade wander will occur. Use stiffer blade or reduce cut depth. | Elevated kickback risk; use push sticks and featherboards | OVERLOAD: cutting needs 360000 W but machine provides 2550 W (14118%)
CASE-C-stock_thickness_mm-150.0,stock_thickness_mm,150.0,hypothetical_sweep,False,57.7,RED,11.0,15.0,6602.9,20.0,177.128,100.0,45.88,100.0,0.03623,75.0,10.0,675000.0,264.706,30.0,100.0,Critical heat: ~6603 C rise. Charring/fire risk. Reduce speed and increase feed immediately. | Excessive deflection 177.128 mm; blade wander will occur. Use stiffer blade or reduce cut depth. | Moderate kickback risk (1 factors) | OVERLOAD: cutting needs 675000 W but machine provides 2550 W (26471%)
CASE-C-machine_power_kw-0.5,machine_power_kw,0.5,hypothetical_sweep,False,56.2,RED,11.0,15.0,6602.9,20.0,74.9842,100.0,45.88,100.0,0.03623,65.0,10.0,112500.0,264.706,30.0,100.0,Critical heat: ~6603 C rise. Charring/fire risk. Reduce speed and increase feed immediately. | Excessive deflection 74.984 mm; blade wander will occur. Use stiffer blade or reduce cut depth. | Moderate kickback risk (1 factors) | OVERLOAD: cutting needs 112500 W but machine provides 425 W (26471%)
CASE-C-machine_power_kw-15.0,machine_power_kw,15.0,hypothetical_sweep,False,56.2,RED,11.0,15.0,6602.9,20.0,74.9842,100.0,45.88,100.0,0.03623,65.0,10.0,112500.0,8.824,30.0,100.0,Critical heat: ~6603 C rise. Charring/fire risk. Reduce speed and increase feed immediately. | Excessive deflection 74.984 mm; blade wander will occur. Use stiffer blade or reduce cut depth. | Moderate kickback risk (1 factors) | OVERLOAD: cutting needs 112500 W but machine provides 12750 W (882%)
CASE-C-machine_power_kw-20.0,machine_power_kw,20.0,hypothetical_sweep,False,56.2,RED,11.0,15.0,6602.9,20.0,74.9842,100.0,45.88,100.0,0.03623,65.0,10.0,112500.0,6.618,30.0,100.0,Critical heat: ~6603 C rise. Charring/fire risk. Reduce speed and increase feed immediately. | Excessive deflection 74.984 mm; blade wander will occur. Use stiffer blade or reduce cut depth. | Moderate kickback risk (1 factors) | OVERLOAD: cutting needs 112500 W but machine provides 17000 W (662%)
CASE-C-repeat_count-2,repeat_count,2,hypothetical_sweep,False,56.2,RED,22.0,15.0,6602.9,20.0,74.9842,100.0,45.88,100.0,0.03623,65.0,10.0,112500.0,44.118,30.0,100.0,Critical heat: ~6603 C rise. Charring/fire risk. Reduce speed and increase feed immediately. | Excessive deflection 74.984 mm; blade wander will occur. Use stiffer blade or reduce cut depth. | Moderate kickback risk (1 factors) | OVERLOAD: cutting needs 112500 W but machine provides 2550 W (4412%)
CASE-C-repeat_count-8,repeat_count,8,hypothetical_sweep,False,56.2,RED,88.0,15.0,6602.9,20.0,74.9842,100.0,45.88,100.0,0.03623,65.0,10.0,112500.0,44.118,30.0,100.0,Critical heat: ~6603 C rise. Charring/fire risk. Reduce speed and increase feed immediately. | Excessive deflection 74.984 mm; blade wander will occur. Use stiffer blade or reduce cut depth. | Moderate kickback risk (1 factors) | OVERLOAD: cutting needs 112500 W but machine provides 2550 W (4412%)
CASE-C-repeat_count-100,repeat_count,100,hypothetical_sweep,False,56.2,RED,1100.0,15.0,6602.9,20.0,74.9842,100.0,45.88,100.0,0.03623,65.0,10.0,112500.0,44.118,30.0,100.0,Critical heat: ~6603 C rise. Charring/fire risk. Reduce speed and increase feed immediately. | Excessive deflection 74.984 mm; blade wander will occur. Use stiffer blade or reduce cut depth. | Moderate kickback risk (1 factors) | OVERLOAD: cutting needs 112500 W but machine provides 2550 W (4412%)
CASE-D,"feed_rate_mm_min,stock_thickness_mm,machine_power_kw,rpm","18000,100,0.5,9000",known_invalid_control,False,34.3,RED,6.0,15.0,24528.7,20.0,271.5963,10.0,119.69,100.0,0.08333,65.0,10.0,2700000.0,6352.941,30.0,15.0,Critical heat: ~24529 C rise. Charring/fire risk. Reduce speed and increase feed immediately. | Excessive deflection 271.596 mm; blade wander will occur. Use stiffer blade or reduce cut depth. | DANGER: Rim speed critically high (119.7 m/s); DO NOT operate | Moderate kickback risk (2 factors) | OVERLOAD: cutting needs 2700000 W but machine provides 425 W (635294%) | CRITICAL: Operating RPM 9000 is within 0.5% of mode-1 critical speed (9043 RPM). Blade resonance risk.
