s_in,x_in,y_in,z_in,x_mm,y_mm,z_mm,plan_fraction,developed_fraction,source_height_status,registration_status
0.0000,3.0858,0.0000,3.7500,78.3793,0.0000,95.2500,0.00000,0.00000,SOURCE_MEASURED,REGISTERED
0.1250,3.1708,0.0038,3.7488,80.5390,0.0960,95.2196,0.00348,0.00411,INTERPOLATED_004C,REGISTERED
0.2500,3.2560,0.0076,3.7477,82.7016,0.1922,95.1916,0.00696,0.00821,INTERPOLATED_004C,REGISTERED
0.3750,3.3412,0.0117,3.7467,84.8666,0.2980,95.1662,0.01044,0.01232,INTERPOLATED_004C,REGISTERED
0.5000,3.4265,0.0166,3.7458,87.0336,0.4217,95.1430,0.01393,0.01643,INTERPOLATED_004C,REGISTERED
0.6250,3.5119,0.0218,3.7450,89.2030,0.5546,95.1220,0.01743,0.02053,INTERPOLATED_004C,REGISTERED
0.7500,3.5974,0.0279,3.7442,91.3739,0.7098,95.1032,0.02093,0.02464,INTERPOLATED_004C,REGISTERED
0.8750,3.6829,0.0351,3.7436,93.5455,0.8922,95.0863,0.02443,0.02875,INTERPOLATED_004C,REGISTERED
1.0000,3.7684,0.0432,3.7430,95.7182,1.0967,95.0713,0.02794,0.03285,INTERPOLATED_004C,REGISTERED
1.1250,3.8540,0.0521,3.7424,97.8915,1.3240,95.0580,0.03145,0.03696,INTERPOLATED_004C,REGISTERED
1.2500,3.9395,0.0627,3.7420,100.0634,1.5915,95.0464,0.03497,0.04107,INTERPOLATED_004C,REGISTERED
1.3750,4.0250,0.0738,3.7416,102.2359,1.8733,95.0364,0.03850,0.04517,INTERPOLATED_004C,REGISTERED
1.5000,4.1101,0.0886,3.7413,104.3974,2.2512,95.0278,0.04202,0.04928,INTERPOLATED_004C,REGISTERED
1.6250,4.1945,0.1078,3.7410,106.5394,2.7388,95.0205,0.04556,0.05339,INTERPOLATED_004C,REGISTERED
1.7500,4.2785,0.1288,3.7407,108.6741,3.2724,95.0144,0.04910,0.05749,INTERPOLATED_004C,REGISTERED
1.8750,4.3622,0.1512,3.7405,110.8003,3.8400,95.0094,0.05264,0.06160,INTERPOLATED_004C,REGISTERED
2.0000,4.4441,0.1801,3.7404,112.8796,4.5755,95.0054,0.05619,0.06571,INTERPOLATED_004C,REGISTERED
2.1250,4.5241,0.2141,3.7402,114.9124,5.4371,95.0023,0.05974,0.06982,INTERPOLATED_004C,REGISTERED
2.2500,4.6042,0.2481,3.7402,116.9473,6.3021,95.0000,0.06330,0.07392,INTERPOLATED_004C,REGISTERED
2.3750,4.6843,0.2825,3.7401,118.9822,7.1745,94.9983,0.06686,0.07803,INTERPOLATED_004C,REGISTERED
2.5000,4.7634,0.3195,3.7400,120.9901,8.1147,94.9972,0.07043,0.08214,INTERPOLATED_004C,REGISTERED
2.6250,4.8405,0.3605,3.7400,122.9488,9.1576,94.9965,0.07400,0.08624,INTERPOLATED_004C,REGISTERED
2.7500,4.9134,0.4076,3.7400,124.8006,10.3540,94.9961,0.07758,0.09035,INTERPOLATED_004C,REGISTERED
2.8750,4.9822,0.4614,3.7400,126.5483,11.7194,94.9960,0.08116,0.09446,INTERPOLATED_004C,REGISTERED
3.0000,5.0466,0.5208,3.7400,128.1834,13.2271,94.9960,0.08475,0.09856,SOURCE_MEASURED,REGISTERED
3.1250,5.1059,0.5851,3.7405,129.6893,14.8604,95.0087,0.08834,0.10267,INTERPOLATED_004C,REGISTERED
3.2500,5.1626,0.6514,3.7420,131.1302,16.5444,95.0459,0.09194,0.10678,INTERPOLATED_004C,REGISTERED
3.3750,5.2160,0.7202,3.7443,132.4856,18.2940,95.1059,0.09554,0.11088,INTERPOLATED_004C,REGISTERED
3.5000,5.2674,0.7907,3.7475,133.7917,20.0830,95.1872,0.09915,0.11499,INTERPOLATED_004C,REGISTERED
3.6250,5.3143,0.8645,3.7515,134.9840,21.9578,95.2884,0.10276,0.11910,INTERPOLATED_004C,REGISTERED
3.7500,5.3576,0.9411,3.7562,136.0840,23.9029,95.4079,0.10638,0.12320,INTERPOLATED_004C,REGISTERED
3.8750,5.4010,1.0178,3.7616,137.1855,25.8511,95.5441,0.11000,0.12731,INTERPOLATED_004C,REGISTERED
4.0000,5.4407,1.0972,3.7675,138.1947,27.8696,95.6955,0.11363,0.13142,INTERPOLATED_004C,REGISTERED
4.1250,5.4760,1.1779,3.7740,139.0915,29.9180,95.8606,0.11727,0.13552,INTERPOLATED_004C,REGISTERED
4.2500,5.5114,1.2586,3.7810,139.9896,31.9693,96.0378,0.12091,0.13963,INTERPOLATED_004C,REGISTERED
4.3750,5.5444,1.3401,3.7884,140.8280,34.0379,96.2256,0.12455,0.14374,INTERPOLATED_004C,REGISTERED
4.5000,5.5733,1.4226,3.7962,141.5624,36.1344,96.4224,0.12820,0.14784,INTERPOLATED_004C,REGISTERED
4.6250,5.5999,1.5058,3.8042,142.2371,38.2483,96.6268,0.13186,0.15195,INTERPOLATED_004C,REGISTERED
4.7500,5.6265,1.5892,3.8125,142.9131,40.3651,96.8372,0.13552,0.15606,INTERPOLATED_004C,REGISTERED
4.8750,5.6532,1.6726,3.8209,143.5906,42.4849,97.0521,0.13918,0.16016,INTERPOLATED_004C,REGISTERED
5.0000,5.6749,1.7574,3.8295,144.1414,44.6380,97.2699,0.14285,0.16427,INTERPOLATED_004C,REGISTERED
5.1250,5.6949,1.8427,3.8382,144.6512,46.8042,97.4890,0.14653,0.16838,INTERPOLATED_004C,REGISTERED
5.2500,5.7111,1.9290,3.8468,145.0624,48.9969,97.7080,0.15021,0.17248,INTERPOLATED_004C,REGISTERED
5.3750,5.7301,2.0148,3.8553,145.5435,51.1764,97.9254,0.15390,0.17659,INTERPOLATED_004C,REGISTERED
5.5000,5.7451,2.1017,3.8638,145.9258,53.3827,98.1395,0.15759,0.18070,INTERPOLATED_004C,REGISTERED
5.6250,5.7602,2.1887,3.8720,146.3081,55.5924,98.3488,0.16129,0.18480,INTERPOLATED_004C,REGISTERED
5.7500,5.7752,2.2758,3.8800,146.6903,57.8055,98.5519,0.16499,0.18891,INTERPOLATED_004C,REGISTERED
5.8750,5.7852,2.3642,3.8877,146.9453,60.0519,98.7471,0.16870,0.19302,INTERPOLATED_004C,REGISTERED
6.0000,5.7889,2.4513,3.8950,147.0380,62.2635,98.9330,0.17242,0.19713,SOURCE_MEASURED,REGISTERED
6.1250,5.7852,2.5415,3.9022,146.9453,64.5552,99.1162,0.17614,0.20123,INTERPOLATED_004C,REGISTERED
6.2500,5.8003,2.6292,3.9096,147.3276,66.7819,99.3040,0.17986,0.20534,INTERPOLATED_004C,REGISTERED
6.3750,5.8103,2.7182,3.9172,147.5826,69.0421,99.4961,0.18359,0.20945,INTERPOLATED_004C,REGISTERED
6.5000,5.8153,2.8085,3.9249,147.7099,71.3360,99.6920,0.18733,0.21355,INTERPOLATED_004C,REGISTERED
6.6250,5.8153,2.9001,3.9327,147.7099,73.6634,99.8913,0.19107,0.21766,INTERPOLATED_004C,REGISTERED
6.7500,5.8153,2.9919,3.9407,147.7099,75.9943,100.0936,0.19482,0.22177,INTERPOLATED_004C,REGISTERED
6.8750,5.8212,3.0824,3.9488,147.8583,78.2936,100.2984,0.19857,0.22587,INTERPOLATED_004C,REGISTERED
7.0000,5.8204,3.1723,3.9569,147.8374,80.5763,100.5054,0.20233,0.22998,INTERPOLATED_004C,REGISTERED
7.1250,5.8204,3.2645,3.9651,147.8374,82.9177,100.7141,0.20610,0.23409,INTERPOLATED_004C,REGISTERED
7.2500,5.8204,3.3544,3.9734,147.8374,85.2024,100.9240,0.20987,0.23819,INTERPOLATED_004C,REGISTERED
7.3750,5.8103,3.4445,3.9817,147.5826,87.4908,101.1348,0.21364,0.24230,INTERPOLATED_004C,REGISTERED
7.5000,5.8103,3.5371,3.9900,147.5826,89.8429,101.3460,0.21743,0.24641,INTERPOLATED_004C,REGISTERED
7.6250,5.8071,3.6291,3.9983,147.5010,92.1792,101.5572,0.22121,0.25051,INTERPOLATED_004C,REGISTERED
7.7500,5.7970,3.7196,4.0066,147.2438,94.4776,101.7680,0.22501,0.25462,INTERPOLATED_004C,REGISTERED
7.8750,5.7903,3.8110,4.0149,147.0729,96.8001,101.9779,0.22881,0.25873,INTERPOLATED_004C,REGISTERED
7.9449,5.7860,3.8621,4.0195,146.9635,98.0971,102.0948,0.23093,0.26102,INTERPOLATED_004C,REGISTERED
8.0000,5.7802,3.9018,4.0231,146.8178,99.1063,102.1866,0.23261,0.26283,INTERPOLATED_004C,REGISTERED
8.1250,5.7752,3.9939,4.0312,146.6903,101.4462,102.3936,0.23642,0.26694,INTERPOLATED_004C,REGISTERED
8.2500,5.7602,4.0838,4.0393,146.3081,103.7296,102.5984,0.24024,0.27105,INTERPOLATED_004C,REGISTERED
8.3750,5.7454,4.1740,4.0473,145.9341,106.0185,102.8007,0.24406,0.27515,INTERPOLATED_004C,REGISTERED
8.5000,5.7304,4.2642,4.0551,145.5533,108.3096,103.0000,0.24789,0.27926,INTERPOLATED_004C,REGISTERED
8.6250,5.7199,4.3555,4.0628,145.2847,110.6308,103.1959,0.25173,0.28337,INTERPOLATED_004C,REGISTERED
8.7500,5.7050,4.4461,4.0704,144.9062,112.9298,103.3880,0.25557,0.28747,INTERPOLATED_004C,REGISTERED
8.8750,5.6899,4.5367,4.0778,144.5237,115.2314,103.5758,0.25941,0.29158,INTERPOLATED_004C,REGISTERED
9.0000,5.6698,4.6262,4.0850,144.0139,117.5066,103.7590,0.26326,0.29569,SOURCE_MEASURED,REGISTERED
9.1250,5.6590,4.7181,4.0921,143.7384,119.8409,103.9394,0.26712,0.29979,INTERPOLATED_004C,REGISTERED
9.2500,5.6397,4.8082,4.0992,143.2494,122.1285,104.1193,0.27099,0.30390,INTERPOLATED_004C,REGISTERED
9.3750,5.6282,4.9002,4.1062,142.9552,124.4658,104.2985,0.27486,0.30801,INTERPOLATED_004C,REGISTERED
9.5000,5.6096,4.9908,4.1133,142.4846,126.7653,104.4769,0.27873,0.31211,INTERPOLATED_004C,REGISTERED
9.6250,5.5971,5.0828,4.1202,142.1654,129.1043,104.6543,0.28261,0.31622,INTERPOLATED_004C,REGISTERED
9.7500,5.5795,5.1739,4.1272,141.7201,131.4173,104.8308,0.28650,0.32033,INTERPOLATED_004C,REGISTERED
9.8750,5.5657,5.2660,4.1341,141.3688,133.7562,105.0060,0.29040,0.32444,INTERPOLATED_004C,REGISTERED
10.0000,5.5494,5.3576,4.1409,140.9553,136.0842,105.1800,0.29430,0.32854,INTERPOLATED_004C,REGISTERED
10.1250,5.5344,5.4497,4.1477,140.5730,138.4233,105.3526,0.29820,0.33265,INTERPOLATED_004C,REGISTERED
10.2500,5.5243,5.5432,4.1545,140.3182,140.7964,105.5238,0.30211,0.33676,INTERPOLATED_004C,REGISTERED
10.3750,5.5067,5.6349,4.1612,139.8692,143.1274,105.6932,0.30603,0.34086,INTERPOLATED_004C,REGISTERED
10.5000,5.4892,5.7269,4.1678,139.4259,145.4636,105.8610,0.30996,0.34497,INTERPOLATED_004C,REGISTERED
10.6250,5.4691,5.8184,4.1743,138.9162,147.7880,106.0269,0.31389,0.34908,INTERPOLATED_004C,REGISTERED
10.7500,5.4583,5.9123,4.1807,138.6413,150.1717,106.1908,0.31783,0.35318,INTERPOLATED_004C,REGISTERED
10.8750,5.4440,6.0055,4.1871,138.2789,152.5386,106.3527,0.32177,0.35729,INTERPOLATED_004C,REGISTERED
11.0000,5.4340,6.0998,4.1934,138.0241,154.9348,106.5123,0.32572,0.36140,INTERPOLATED_004C,REGISTERED
11.1250,5.4228,6.1940,4.1996,137.7395,157.3278,106.6696,0.32968,0.36550,INTERPOLATED_004C,REGISTERED
11.2500,5.4139,6.2889,4.2057,137.5143,159.7388,106.8245,0.33364,0.36961,INTERPOLATED_004C,REGISTERED
11.3750,5.4089,6.3849,4.2117,137.3868,162.1767,106.9768,0.33761,0.37372,INTERPOLATED_004C,REGISTERED
11.5000,5.4089,6.4822,4.2176,137.3868,164.6486,107.1265,0.34158,0.37782,INTERPOLATED_004C,REGISTERED
11.5521,5.4089,6.5228,4.2200,137.3868,165.6801,107.1880,0.34324,0.37954,INTERPOLATED_004C,REGISTERED
11.6250,5.4089,6.5797,4.2234,137.3868,167.1243,107.2733,0.34556,0.38193,INTERPOLATED_004C,REGISTERED
11.7500,5.4089,6.6773,4.2290,137.3868,169.6029,107.4173,0.34955,0.38604,INTERPOLATED_004C,REGISTERED
11.8750,5.4139,6.7738,4.2346,137.5143,172.0542,107.5582,0.35354,0.39014,INTERPOLATED_004C,REGISTERED
12.0000,5.4190,6.8704,4.2400,137.6418,174.5083,107.6960,0.35753,0.39425,SOURCE_MEASURED,REGISTERED
12.1250,5.4290,6.9660,4.2453,137.8966,176.9353,107.8307,0.36153,0.39836,INTERPOLATED_004C,REGISTERED
12.2500,5.4390,7.0616,4.2505,138.1516,179.3649,107.9625,0.36553,0.40246,INTERPOLATED_004C,REGISTERED
12.3750,5.4491,7.1574,4.2556,138.4064,181.7974,108.0915,0.36954,0.40657,INTERPOLATED_004C,REGISTERED
12.5000,5.4591,7.2533,4.2606,138.6614,184.2327,108.2181,0.37355,0.41068,INTERPOLATED_004C,REGISTERED
12.6250,5.4752,7.3478,4.2654,139.0704,186.6345,108.3423,0.37757,0.41478,INTERPOLATED_004C,REGISTERED
12.7500,5.4923,7.4422,4.2702,139.5050,189.0331,108.4643,0.38159,0.41889,INTERPOLATED_004C,REGISTERED
12.8750,5.5095,7.5368,4.2750,139.9408,191.4342,108.5843,0.38562,0.42300,INTERPOLATED_004C,REGISTERED
13.0000,5.5267,7.6314,4.2796,140.3781,193.8379,108.7024,0.38965,0.42710,INTERPOLATED_004C,REGISTERED
13.1250,5.5394,7.7254,4.2842,140.7005,196.2261,108.8190,0.39369,0.43121,INTERPOLATED_004C,REGISTERED
13.2500,5.5595,7.8178,4.2887,141.2103,198.5730,108.9340,0.39773,0.43532,INTERPOLATED_004C,REGISTERED
13.3750,5.5815,7.9117,4.2932,141.7706,200.9561,109.0478,0.40177,0.43943,INTERPOLATED_004C,REGISTERED
13.5000,5.6096,8.0042,4.2977,142.4846,203.3059,109.1604,0.40582,0.44353,INTERPOLATED_004C,REGISTERED
13.6250,5.6297,8.0987,4.3021,142.9944,205.7066,109.2721,0.40987,0.44764,INTERPOLATED_004C,REGISTERED
13.7500,5.6563,8.1918,4.3064,143.6711,208.0709,109.3831,0.41393,0.45175,INTERPOLATED_004C,REGISTERED
13.8750,5.6829,8.2850,4.3108,144.3453,210.4386,109.4935,0.41800,0.45585,INTERPOLATED_004C,REGISTERED
14.0000,5.7100,8.3782,4.3151,145.0335,212.8060,109.6034,0.42206,0.45996,INTERPOLATED_004C,REGISTERED
14.1250,5.7451,8.4696,4.3194,145.9254,215.1281,109.7132,0.42614,0.46407,INTERPOLATED_004C,REGISTERED
14.2500,5.7763,8.5621,4.3237,146.7172,217.4767,109.8229,0.43021,0.46817,INTERPOLATED_004C,REGISTERED
14.3750,5.8120,8.6536,4.3281,147.6245,219.8010,109.9327,0.43429,0.47228,INTERPOLATED_004C,REGISTERED
14.5000,5.8478,8.7452,4.3324,148.5331,222.1278,110.0428,0.43838,0.47639,INTERPOLATED_004C,REGISTERED
14.6250,5.8841,8.8344,4.3368,149.4550,224.3933,110.1535,0.44247,0.48049,INTERPOLATED_004C,REGISTERED
14.7500,5.9223,8.9245,4.3411,150.4274,226.6812,110.2647,0.44657,0.48460,INTERPOLATED_004C,REGISTERED
14.8750,5.9609,9.0122,4.3455,151.4058,228.9095,110.3769,0.45067,0.48871,INTERPOLATED_004C,REGISTERED
15.0000,5.9971,9.1041,4.3500,152.3270,231.2450,110.4900,0.45477,0.49281,SOURCE_MEASURED,REGISTERED
15.1250,6.0376,9.1952,4.3545,153.3560,233.5579,110.6034,0.45888,0.49692,INTERPOLATED_004C,REGISTERED
15.2500,6.0766,9.2832,4.3589,154.3458,235.7924,110.7162,0.46300,0.50103,INTERPOLATED_004C,REGISTERED
15.3750,6.1214,9.3734,4.3633,155.4841,238.0854,110.8285,0.46712,0.50513,INTERPOLATED_004C,REGISTERED
15.5000,6.1608,9.4615,4.3677,156.4839,240.3232,110.9402,0.47124,0.50924,INTERPOLATED_004C,REGISTERED
15.6250,6.2017,9.5512,4.3721,157.5234,242.6000,111.0516,0.47537,0.51335,INTERPOLATED_004C,REGISTERED
15.7500,6.2452,9.6403,4.3765,158.6270,244.8646,111.1626,0.47950,0.51745,INTERPOLATED_004C,REGISTERED
15.8750,6.2870,9.7291,4.3808,159.6908,247.1187,111.2732,0.48364,0.52156,INTERPOLATED_004C,REGISTERED
16.0000,6.3282,9.8164,4.3852,160.7350,249.3354,111.3836,0.48778,0.52567,INTERPOLATED_004C,REGISTERED
16.1250,6.3736,9.9072,4.3895,161.8884,251.6426,111.4938,0.49193,0.52977,INTERPOLATED_004C,REGISTERED
16.2500,6.4124,9.9943,4.3938,162.8760,253.8558,111.6038,0.49608,0.53388,INTERPOLATED_004C,REGISTERED
16.3750,6.4553,10.0806,4.3982,163.9638,256.0481,111.7137,0.50024,0.53799,INTERPOLATED_004C,REGISTERED
16.5000,6.4972,10.1701,4.4025,165.0288,258.3193,111.8235,0.50440,0.54209,INTERPOLATED_004C,REGISTERED
16.6250,6.5409,10.2539,4.4068,166.1401,260.4503,111.9333,0.50857,0.54620,INTERPOLATED_004C,REGISTERED
16.7500,6.5813,10.3426,4.4112,167.1639,262.7033,112.0432,0.51274,0.55031,INTERPOLATED_004C,REGISTERED
16.8750,6.6232,10.4296,4.4155,168.2288,264.9128,112.1532,0.51692,0.55441,INTERPOLATED_004C,REGISTERED
17.0000,6.6659,10.5219,4.4198,169.3134,267.2569,112.2634,0.52110,0.55852,INTERPOLATED_004C,REGISTERED
17.1250,6.7082,10.6118,4.4242,170.3871,269.5401,112.3738,0.52528,0.56263,INTERPOLATED_004C,REGISTERED
17.2500,6.7507,10.7016,4.4285,171.4682,271.8215,112.4844,0.52947,0.56674,INTERPOLATED_004C,REGISTERED
17.3750,6.7914,10.7930,4.4329,172.5008,274.1415,112.5954,0.53367,0.57084,INTERPOLATED_004C,REGISTERED
17.5000,6.8313,10.8828,4.4373,173.5143,276.4235,112.7068,0.53787,0.57495,INTERPOLATED_004C,REGISTERED
17.6250,6.8720,10.9744,4.4417,174.5496,278.7489,112.8185,0.54207,0.57906,INTERPOLATED_004C,REGISTERED
17.7500,6.9128,11.0660,4.4461,175.5862,281.0770,112.9308,0.54628,0.58316,INTERPOLATED_004C,REGISTERED
17.8750,6.9537,11.1578,4.4505,176.6241,283.4078,113.0436,0.55050,0.58727,INTERPOLATED_004C,REGISTERED
18.0000,6.9893,11.2491,4.4550,177.5290,285.7275,113.1570,0.55472,0.59138,SOURCE_MEASURED,REGISTERED
18.1250,7.0303,11.3411,4.4595,178.5697,288.0638,113.2718,0.55894,0.59548,INTERPOLATED_004C,REGISTERED
18.2500,7.0668,11.4342,4.4641,179.4977,290.4295,113.3886,0.56317,0.59959,INTERPOLATED_004C,REGISTERED
18.3750,7.1049,11.5289,4.4688,180.4637,292.8348,113.5073,0.56741,0.60370,INTERPOLATED_004C,REGISTERED
18.5000,7.1454,11.6214,4.4735,181.4922,295.1829,113.6274,0.57165,0.60780,INTERPOLATED_004C,REGISTERED
18.6250,7.1852,11.7141,4.4783,182.5028,297.5382,113.7488,0.57589,0.61191,INTERPOLATED_004C,REGISTERED
18.7500,7.2221,11.8082,4.4831,183.4421,299.9278,113.8711,0.58014,0.61602,INTERPOLATED_004C,REGISTERED
18.8750,7.2556,11.9021,4.4880,184.2923,302.3129,113.9943,0.58439,0.62012,INTERPOLATED_004C,REGISTERED
19.0000,7.2933,11.9975,4.4928,185.2488,304.7356,114.1179,0.58865,0.62423,INTERPOLATED_004C,REGISTERED
19.1250,7.3257,12.0924,4.4977,186.0731,307.1468,114.2417,0.59291,0.62834,INTERPOLATED_004C,REGISTERED
19.2500,7.3658,12.1839,4.5026,187.0908,309.4709,114.3655,0.59718,0.63244,INTERPOLATED_004C,REGISTERED
19.3750,7.3997,12.2805,4.5074,187.9516,311.9253,114.4890,0.60146,0.63655,INTERPOLATED_004C,REGISTERED
19.5000,7.4331,12.3774,4.5123,188.7996,314.3859,114.6120,0.60573,0.64066,INTERPOLATED_004C,REGISTERED
19.6250,7.4661,12.4745,4.5171,189.6397,316.8515,114.7341,0.61002,0.64476,INTERPOLATED_004C,REGISTERED
19.7500,7.4962,12.5724,4.5219,190.4045,319.3378,114.8552,0.61431,0.64887,INTERPOLATED_004C,REGISTERED
19.8750,7.5290,12.6697,4.5266,191.2377,321.8111,114.9750,0.61860,0.65298,INTERPOLATED_004C,REGISTERED
19.9532,7.5495,12.7307,4.5295,191.7574,323.3604,115.0491,0.62129,0.65555,INTERPOLATED_004C,REGISTERED
20.0000,7.5626,12.7670,4.5312,192.0912,324.2827,115.0932,0.62290,0.65708,INTERPOLATED_004C,REGISTERED
20.1250,7.5918,12.8655,4.5358,192.8320,326.7840,115.2095,0.62720,0.66119,INTERPOLATED_004C,REGISTERED
20.2500,7.6210,12.9641,4.5403,193.5744,329.2881,115.3238,0.63151,0.66530,INTERPOLATED_004C,REGISTERED
20.3750,7.6503,13.0628,4.5447,194.3179,331.7949,115.4357,0.63582,0.66940,INTERPOLATED_004C,REGISTERED
20.5000,7.6752,13.1627,4.5490,194.9489,334.3314,115.5450,0.64014,0.67351,INTERPOLATED_004C,REGISTERED
20.6250,7.6969,13.2634,4.5532,195.5023,336.8893,115.6514,0.64446,0.67762,INTERPOLATED_004C,REGISTERED
20.7500,7.7220,13.3634,4.5573,196.1396,339.4306,115.7548,0.64879,0.68172,INTERPOLATED_004C,REGISTERED
20.8750,7.7455,13.4640,4.5612,196.7363,341.9845,115.8547,0.65312,0.68583,INTERPOLATED_004C,REGISTERED
21.0000,7.7661,13.5653,4.5650,197.2590,344.5590,115.9510,0.65746,0.68994,SOURCE_MEASURED,REGISTERED
21.1250,7.7822,13.6678,4.5687,197.6690,347.1633,116.0455,0.66181,0.69405,INTERPOLATED_004C,REGISTERED
21.2500,7.7973,13.7708,4.5724,198.0512,349.7773,116.1402,0.66615,0.69815,INTERPOLATED_004C,REGISTERED
21.3750,7.8123,13.8738,4.5762,198.4334,352.3944,116.2348,0.67051,0.70226,INTERPOLATED_004C,REGISTERED
21.5000,7.8224,13.9781,4.5799,198.6885,355.0446,116.3291,0.67487,0.70637,INTERPOLATED_004C,REGISTERED
21.6250,7.8274,14.0838,4.5836,198.8160,357.7281,116.4230,0.67923,0.71047,INTERPOLATED_004C,REGISTERED
21.7500,7.8374,14.1884,4.5873,199.0707,360.3847,116.5162,0.68360,0.71458,INTERPOLATED_004C,REGISTERED
21.8750,7.8444,14.2938,4.5909,199.2466,363.0631,116.6086,0.68797,0.71869,INTERPOLATED_004C,REGISTERED
22.0000,7.8525,14.3991,4.5945,199.4530,365.7374,116.6999,0.69235,0.72279,INTERPOLATED_004C,REGISTERED
22.1250,7.8575,14.5053,4.5980,199.5805,368.4335,116.7899,0.69673,0.72690,INTERPOLATED_004C,REGISTERED
22.2500,7.8575,14.6127,4.6015,199.5805,371.1629,116.8785,0.70112,0.73101,INTERPOLATED_004C,REGISTERED
22.3750,7.8625,14.7191,4.6049,199.7080,373.8653,116.9655,0.70552,0.73511,INTERPOLATED_004C,REGISTERED
22.5000,7.8575,14.8256,4.6083,199.5805,376.5709,117.0506,0.70991,0.73922,INTERPOLATED_004C,REGISTERED
22.6250,7.8575,14.9335,4.6116,199.5805,379.3098,117.1337,0.71432,0.74333,INTERPOLATED_004C,REGISTERED
22.7500,7.8575,15.0414,4.6147,199.5805,382.0519,117.2145,0.71873,0.74743,INTERPOLATED_004C,REGISTERED
22.8750,7.8475,15.1471,4.6178,199.3257,384.7370,117.2929,0.72314,0.75154,INTERPOLATED_004C,REGISTERED
23.0000,7.8466,15.2551,4.6208,199.3036,387.4803,117.3686,0.72756,0.75565,INTERPOLATED_004C,REGISTERED
23.1250,7.8374,15.3613,4.6237,199.0707,390.1769,117.4416,0.73199,0.75975,INTERPOLATED_004C,REGISTERED
23.2500,7.8224,15.4662,4.6264,198.6885,392.8415,117.5115,0.73642,0.76386,INTERPOLATED_004C,REGISTERED
23.3750,7.8224,15.5724,4.6291,198.6885,395.5393,117.5781,0.74085,0.76797,INTERPOLATED_004C,REGISTERED
23.5000,7.8224,15.6788,4.6315,198.6885,398.2403,117.6413,0.74529,0.77207,INTERPOLATED_004C,REGISTERED
23.6250,7.8168,15.7863,4.6339,198.5478,400.9716,117.7009,0.74974,0.77618,INTERPOLATED_004C,REGISTERED
23.7500,7.8073,15.8930,4.6361,198.3062,403.6822,117.7567,0.75419,0.78029,INTERPOLATED_004C,REGISTERED
23.8750,7.7923,15.9985,4.6381,197.9237,406.3628,117.8085,0.75864,0.78439,INTERPOLATED_004C,REGISTERED
24.0000,7.7822,16.1054,4.6400,197.6689,409.0768,117.8560,0.76310,0.78850,SOURCE_MEASURED,REGISTERED
24.1250,7.7672,16.2112,4.6417,197.2866,411.7639,117.9000,0.76757,0.79261,INTERPOLATED_004C,REGISTERED
24.2500,7.7521,16.3171,4.6434,196.9041,414.4542,117.9415,0.77204,0.79671,INTERPOLATED_004C,REGISTERED
24.3750,7.7345,16.4225,4.6449,196.4573,417.1325,117.9806,0.77651,0.80082,INTERPOLATED_004C,REGISTERED
24.5000,7.7169,16.5281,4.6464,196.0089,419.8138,118.0176,0.78100,0.80493,INTERPOLATED_004C,REGISTERED
24.6250,7.6969,16.6332,4.6477,195.5023,422.4845,118.0527,0.78548,0.80903,INTERPOLATED_004C,REGISTERED
24.7500,7.6724,16.7374,4.6491,194.8796,425.1310,118.0860,0.78997,0.81314,INTERPOLATED_004C,REGISTERED
24.8750,7.6518,16.8427,4.6503,194.3552,427.8040,118.1178,0.79447,0.81725,INTERPOLATED_004C,REGISTERED
25.0000,7.6267,16.9470,4.6515,193.7179,430.4537,118.1482,0.79897,0.82136,INTERPOLATED_004C,REGISTERED
25.1250,7.6016,17.0514,4.6527,193.0809,433.1067,118.1775,0.80348,0.82546,INTERPOLATED_004C,REGISTERED
25.2500,7.5738,17.1554,4.6538,192.3756,435.7467,118.2059,0.80799,0.82957,INTERPOLATED_004C,REGISTERED
25.3750,7.5423,17.2586,4.6549,191.5748,438.3676,118.2335,0.81251,0.83368,INTERPOLATED_004C,REGISTERED
25.5000,7.5113,17.3620,4.6559,190.7868,440.9947,118.2607,0.81704,0.83778,INTERPOLATED_004C,REGISTERED
25.6250,7.4812,17.4658,4.6570,190.0220,443.6305,118.2874,0.82156,0.84189,INTERPOLATED_004C,REGISTERED
25.7500,7.4474,17.5688,4.6580,189.1641,446.2478,118.3141,0.82610,0.84600,INTERPOLATED_004C,REGISTERED
25.8750,7.4157,17.6725,4.6591,188.3577,448.8804,118.3408,0.83064,0.85010,INTERPOLATED_004C,REGISTERED
26.0000,7.3794,17.7752,4.6602,187.4356,451.4890,118.3678,0.83518,0.85421,INTERPOLATED_004C,REGISTERED
26.1250,7.3357,17.8762,4.6612,186.3260,454.0567,118.3953,0.83973,0.85832,INTERPOLATED_004C,REGISTERED
26.2500,7.2931,17.9777,4.6623,185.2453,456.6344,118.4235,0.84429,0.86242,INTERPOLATED_004C,REGISTERED
26.3750,7.2522,18.0797,4.6635,184.2049,459.2250,118.4525,0.84885,0.86653,INTERPOLATED_004C,REGISTERED
26.5000,7.2067,18.1808,4.6647,183.0490,461.7917,118.4827,0.85341,0.87064,INTERPOLATED_004C,REGISTERED
26.6250,7.1566,18.2809,4.6659,181.7776,464.3343,118.5141,0.85798,0.87474,INTERPOLATED_004C,REGISTERED
26.7500,7.1065,18.3811,4.6672,180.5048,466.8801,118.5470,0.86256,0.87885,INTERPOLATED_004C,REGISTERED
26.8750,7.0526,18.4788,4.6686,179.1367,469.3612,118.5815,0.86714,0.88296,INTERPOLATED_004C,REGISTERED
27.0000,6.9987,18.5766,4.6700,177.7673,471.8453,118.6180,0.87173,0.88706,SOURCE_MEASURED,REGISTERED
27.1250,6.9410,18.6718,4.6715,176.3026,474.2649,118.6558,0.87632,0.89117,INTERPOLATED_004C,REGISTERED
27.2500,6.8796,18.7646,4.6730,174.7428,476.6198,118.6943,0.88092,0.89528,INTERPOLATED_004C,REGISTERED
27.3750,6.8149,18.8550,4.6745,173.0972,478.9169,118.7336,0.88552,0.89938,INTERPOLATED_004C,REGISTERED
27.5000,6.7467,18.9432,4.6761,171.3667,481.1571,118.7735,0.89013,0.90349,INTERPOLATED_004C,REGISTERED
27.6250,6.6785,19.0315,4.6777,169.6339,483.3997,118.8140,0.89475,0.90760,INTERPOLATED_004C,REGISTERED
27.7500,6.6044,19.1157,4.6793,167.7506,485.5379,118.8553,0.89937,0.91170,INTERPOLATED_004C,REGISTERED
27.8750,6.5272,19.1978,4.6810,165.7909,487.6251,118.8972,0.90399,0.91581,INTERPOLATED_004C,REGISTERED
28.0000,6.4470,19.2780,4.6827,163.7547,489.6613,118.9397,0.90862,0.91992,INTERPOLATED_004C,REGISTERED
28.1250,6.3668,19.3583,4.6844,161.7162,491.6998,118.9829,0.91326,0.92402,INTERPOLATED_004C,REGISTERED
28.2500,6.2828,19.4342,4.6861,159.5826,493.6276,119.0267,0.91790,0.92813,INTERPOLATED_004C,REGISTERED
28.3750,6.1934,19.5038,4.6878,157.3134,495.3954,119.0712,0.92254,0.93224,INTERPOLATED_004C,REGISTERED
28.5000,6.0973,19.5645,4.6896,154.8706,496.9388,119.1162,0.92720,0.93634,INTERPOLATED_004C,REGISTERED
28.6250,5.9982,19.6205,4.6914,152.3540,498.3618,119.1619,0.93185,0.94045,INTERPOLATED_004C,REGISTERED
28.7500,5.8970,19.6732,4.6932,149.7836,499.6988,119.2082,0.93652,0.94456,INTERPOLATED_004C,REGISTERED
28.8750,5.7921,19.7183,4.6951,147.1185,500.8448,119.2551,0.94118,0.94867,INTERPOLATED_004C,REGISTERED
29.0000,5.6866,19.7625,4.6970,144.4392,501.9674,119.3025,0.94586,0.95277,INTERPOLATED_004C,REGISTERED
29.1250,5.5796,19.8033,4.6988,141.7210,503.0037,119.3506,0.95054,0.95688,INTERPOLATED_004C,REGISTERED
29.2500,5.4711,19.8405,4.7008,138.9654,503.9478,119.3992,0.95522,0.96099,INTERPOLATED_004C,REGISTERED
29.3750,5.3616,19.8751,4.7027,136.1858,504.8273,119.4484,0.95991,0.96509,INTERPOLATED_004C,REGISTERED
29.5000,5.2501,19.9030,4.7046,133.3527,505.5356,119.4981,0.96461,0.96920,INTERPOLATED_004C,REGISTERED
29.6250,5.1377,19.9276,4.7066,130.4972,506.1607,119.5484,0.96931,0.97331,INTERPOLATED_004C,REGISTERED
29.7500,5.0244,19.9487,4.7086,127.6201,506.6964,119.5992,0.97402,0.97741,INTERPOLATED_004C,REGISTERED
29.8750,4.9104,19.9666,4.7107,124.7252,507.1506,119.6506,0.97873,0.98152,INTERPOLATED_004C,REGISTERED
30.0000,4.7955,19.9775,4.7127,121.8053,507.4292,119.7024,0.98344,0.98563,INTERPOLATED_004C,REGISTERED
30.1250,4.6800,19.9822,4.7148,118.8713,507.5489,119.7548,0.98817,0.98973,INTERPOLATED_004C,REGISTERED
30.2500,4.5642,19.9853,4.7168,115.9315,507.6273,119.8077,0.99290,0.99384,INTERPOLATED_004C,REGISTERED
30.3750,4.4484,19.9884,4.7189,112.9883,507.7057,119.8611,0.99763,0.99795,INTERPOLATED_004C,REGISTERED
30.4375,4.3904,19.9900,4.7200,111.5154,507.7450,119.8880,1.00000,1.00000,SOURCE_MEASURED,REGISTERED
