initial_radius_ft,iteration,radius_in_ft,radius_out_ft,delta_ft,converged
15.0,1,15.0000,15.6746,+0.6746,False
15.0,2,15.6746,16.3797,+0.7050,False
15.0,3,16.3797,17.1165,+0.7368,False
15.0,4,17.1165,17.8865,+0.7700,False
15.0,5,17.8865,18.6912,+0.8047,False
15.0,6,18.6912,19.5322,+0.8410,False
15.0,7,19.5322,20.4111,+0.8789,False
15.0,8,20.4111,21.3296,+0.9185,False
15.0,9,21.3296,22.2895,+0.9599,False
15.0,10,22.2895,23.2926,+1.0031,False
15.0,11,23.2926,24.3409,+1.0483,False
15.0,12,24.3409,25.4365,+1.0955,False
15.0,13,25.4365,26.5814,+1.1449,False
15.0,14,26.5814,27.7779,+1.1965,False
15.0,15,27.7779,29.0282,+1.2504,False
15.0,16,29.0282,30.3349,+1.3067,False
15.0,17,30.3349,31.7004,+1.3655,False
15.0,18,31.7004,33.1275,+1.4270,False
15.0,19,33.1275,34.6188,+1.4913,False
15.0,20,34.6188,36.1773,+1.5585,False
15.0,21,36.1773,37.8060,+1.6287,False
15.0,22,37.8060,39.5080,+1.7020,False
15.0,23,39.5080,41.2867,+1.7787,False
15.0,24,41.2867,43.1456,+1.8589,False
15.0,25,43.1456,45.0881,+1.9425,False
20.0,1,20.0000,20.9000,+0.9000,False
20.0,2,20.9000,21.8405,+0.9405,False
20.0,3,21.8405,22.8234,+0.9829,False
20.0,4,22.8234,23.8506,+1.0272,False
20.0,5,23.8506,24.9240,+1.0735,False
20.0,6,24.9240,26.0458,+1.1218,False
20.0,7,26.0458,27.2182,+1.1723,False
20.0,8,27.2182,28.4433,+1.2252,False
20.0,9,28.4433,29.7237,+1.2803,False
20.0,10,29.7237,31.0617,+1.3380,False
20.0,11,31.0617,32.4599,+1.3983,False
20.0,12,32.4599,33.9212,+1.4613,False
20.0,13,33.9212,35.4483,+1.5271,False
20.0,14,35.4483,37.0441,+1.5958,False
20.0,15,37.0441,38.7118,+1.6677,False
20.0,16,38.7118,40.4546,+1.7428,False
20.0,17,40.4546,42.2759,+1.8213,False
20.0,18,42.2759,44.1793,+1.9033,False
20.0,19,44.1793,46.1683,+1.9891,False
20.0,20,46.1683,48.2470,+2.0786,False
20.0,21,48.2470,50.4192,+2.1722,False
20.0,22,50.4192,52.6892,+2.2700,False
20.0,23,52.6892,55.0615,+2.3723,False
20.0,24,55.0615,57.5407,+2.4792,False
20.0,25,57.5407,60.1314,+2.5908,False
25.0,1,25.0000,26.1252,+1.1252,False
25.0,2,26.1252,27.3012,+1.1759,False
25.0,3,27.3012,28.5301,+1.2289,False
25.0,4,28.5301,29.8143,+1.2843,False
25.0,5,29.8143,31.1564,+1.3421,False
25.0,6,31.1564,32.5589,+1.4025,False
25.0,7,32.5589,34.0247,+1.4657,False
25.0,8,34.0247,35.5564,+1.5318,False
25.0,9,35.5564,37.1571,+1.6007,False
25.0,10,37.1571,38.8299,+1.6728,False
25.0,11,38.8299,40.5781,+1.7481,False
25.0,12,40.5781,42.4050,+1.8269,False
25.0,13,42.4050,44.3141,+1.9091,False
25.0,14,44.3141,46.3092,+1.9951,False
25.0,15,46.3092,48.3942,+2.0850,False
25.0,16,48.3942,50.5730,+2.1789,False
25.0,17,50.5730,52.8500,+2.2770,False
25.0,18,52.8500,55.2296,+2.3796,False
25.0,19,55.2296,57.7163,+2.4867,False
25.0,20,57.7163,60.3149,+2.5986,False
25.0,21,60.3149,63.0306,+2.7156,False
25.0,22,63.0306,65.8685,+2.8380,False
25.0,23,65.8685,68.8344,+2.9659,False
25.0,24,68.8344,71.9337,+3.0993,False
25.0,25,71.9337,75.1726,+3.2389,False
30.0,1,30.0000,31.3505,+1.3505,False
30.0,2,31.3505,32.7618,+1.4113,False
30.0,3,32.7618,34.2366,+1.4748,False
30.0,4,34.2366,35.7779,+1.5413,False
30.0,5,35.7779,37.3885,+1.6107,False
30.0,6,37.3885,39.0718,+1.6832,False
30.0,7,39.0718,40.8308,+1.7590,False
30.0,8,40.8308,42.6689,+1.8381,False
30.0,9,42.6689,44.5896,+1.9207,False
30.0,10,44.5896,46.5971,+2.0075,False
30.0,11,46.5971,48.6951,+2.0980,False
30.0,12,48.6951,50.8876,+2.1925,False
30.0,13,50.8876,53.1787,+2.2912,False
30.0,14,53.1787,55.5731,+2.3944,False
30.0,15,55.5731,58.0753,+2.5022,False
30.0,16,58.0753,60.6901,+2.6148,False
30.0,17,60.6901,63.4227,+2.7326,False
30.0,18,63.4227,66.2782,+2.8555,False
30.0,19,66.2782,69.2624,+2.9842,False
30.0,20,69.2624,72.3810,+3.1186,False
30.0,21,72.3810,75.6400,+3.2590,False
30.0,22,75.6400,79.0458,+3.4058,False
30.0,23,79.0458,82.6050,+3.5592,False
30.0,24,82.6050,86.3246,+3.7195,False
30.0,25,86.3246,90.2116,+3.8870,False
