s_in,u,height_in,height_mm,segment,source_status,exact_measurement,interpolation_method,local_slope,local_curvature,distance_to_nearest_source_station
0.0000,0.00000,3.75000,95.2500,0,ENDPOINT,3.7500,PCHIP,-0.01000,0.00667,0.0000
0.1250,0.00411,3.74880,95.2196,0,INTERPOLATED,,PCHIP,-0.00918,0.00639,0.1250
0.2500,0.00821,3.74770,95.1916,0,INTERPOLATED,,PCHIP,-0.00840,0.00611,0.2500
0.3750,0.01232,3.74670,95.1662,0,INTERPOLATED,,PCHIP,-0.00766,0.00583,0.3750
0.5000,0.01643,3.74579,95.1430,0,INTERPOLATED,,PCHIP,-0.00694,0.00556,0.5000
0.6250,0.02053,3.74496,95.1220,0,INTERPOLATED,,PCHIP,-0.00627,0.00528,0.6250
0.7500,0.02464,3.74422,95.1032,0,INTERPOLATED,,PCHIP,-0.00562,0.00500,0.7500
0.8750,0.02875,3.74355,95.0863,0,INTERPOLATED,,PCHIP,-0.00502,0.00472,0.8750
1.0000,0.03285,3.74296,95.0713,0,INTERPOLATED,,PCHIP,-0.00444,0.00444,1.0000
1.1250,0.03696,3.74244,95.0580,0,INTERPOLATED,,PCHIP,-0.00391,0.00417,1.1250
1.2500,0.04107,3.74198,95.0464,0,INTERPOLATED,,PCHIP,-0.00340,0.00389,1.2500
1.3750,0.04517,3.74159,95.0364,0,INTERPOLATED,,PCHIP,-0.00293,0.00361,1.3750
1.5000,0.04928,3.74125,95.0278,0,INTERPOLATED,,PCHIP,-0.00250,0.00333,1.5000
1.6250,0.05339,3.74096,95.0205,0,INTERPOLATED,,PCHIP,-0.00210,0.00306,1.3750
1.7500,0.05749,3.74072,95.0144,0,INTERPOLATED,,PCHIP,-0.00174,0.00278,1.2500
1.8750,0.06160,3.74053,95.0094,0,INTERPOLATED,,PCHIP,-0.00141,0.00250,1.1250
2.0000,0.06571,3.74037,95.0054,0,INTERPOLATED,,PCHIP,-0.00111,0.00222,1.0000
2.1250,0.06982,3.74025,95.0023,0,INTERPOLATED,,PCHIP,-0.00085,0.00194,0.8750
2.2500,0.07392,3.74016,95.0000,0,INTERPOLATED,,PCHIP,-0.00062,0.00167,0.7500
2.3750,0.07803,3.74009,94.9983,0,INTERPOLATED,,PCHIP,-0.00043,0.00139,0.6250
2.5000,0.08214,3.74005,94.9972,0,INTERPOLATED,,PCHIP,-0.00028,0.00111,0.5000
2.6250,0.08624,3.74002,94.9965,0,INTERPOLATED,,PCHIP,-0.00016,0.00083,0.3750
2.7500,0.09035,3.74001,94.9961,0,INTERPOLATED,,PCHIP,-0.00007,0.00056,0.2500
2.8750,0.09446,3.74000,94.9960,0,INTERPOLATED,,PCHIP,-0.00002,0.00028,0.1250
3.0000,0.09856,3.74000,94.9960,1,SOURCE_MEASURED,3.7400,PCHIP,0.00000,0.06539,0.0000
3.1250,0.10267,3.74050,95.0087,1,INTERPOLATED,,PCHIP,0.00793,0.06153,0.1250
3.2500,0.10678,3.74196,95.0459,1,INTERPOLATED,,PCHIP,0.01538,0.05766,0.2500
3.3750,0.11088,3.74433,95.1059,1,INTERPOLATED,,PCHIP,0.02235,0.05379,0.3750
3.5000,0.11499,3.74753,95.1872,1,INTERPOLATED,,PCHIP,0.02883,0.04992,0.5000
3.6250,0.11910,3.75151,95.2884,1,INTERPOLATED,,PCHIP,0.03483,0.04605,0.6250
3.7500,0.12320,3.75622,95.4079,1,INTERPOLATED,,PCHIP,0.04034,0.04218,0.7500
3.8750,0.12731,3.76158,95.5441,1,INTERPOLATED,,PCHIP,0.04537,0.03831,0.8750
4.0000,0.13142,3.76754,95.6955,1,INTERPOLATED,,PCHIP,0.04992,0.03444,1.0000
4.1250,0.13552,3.77404,95.8606,1,INTERPOLATED,,PCHIP,0.05398,0.03058,1.1250
4.2500,0.13963,3.78101,96.0378,1,INTERPOLATED,,PCHIP,0.05756,0.02671,1.2500
4.3750,0.14374,3.78841,96.2256,1,INTERPOLATED,,PCHIP,0.06066,0.02284,1.3750
4.5000,0.14784,3.79616,96.4224,1,INTERPOLATED,,PCHIP,0.06327,0.01897,1.5000
4.6250,0.15195,3.80421,96.6268,1,INTERPOLATED,,PCHIP,0.06540,0.01510,1.3750
4.7500,0.15606,3.81249,96.8372,1,INTERPOLATED,,PCHIP,0.06705,0.01123,1.2500
4.8750,0.16016,3.82095,97.0521,1,INTERPOLATED,,PCHIP,0.06821,0.00736,1.1250
5.0000,0.16427,3.82952,97.2699,1,INTERPOLATED,,PCHIP,0.06889,0.00349,1.0000
5.1250,0.16838,3.83815,97.4890,1,INTERPOLATED,,PCHIP,0.06908,-0.00037,0.8750
5.2500,0.17248,3.84677,97.7080,1,INTERPOLATED,,PCHIP,0.06880,-0.00424,0.7500
5.3750,0.17659,3.85533,97.9254,1,INTERPOLATED,,PCHIP,0.06802,-0.00811,0.6250
5.5000,0.18070,3.86376,98.1395,1,INTERPOLATED,,PCHIP,0.06677,-0.01198,0.5000
5.6250,0.18480,3.87200,98.3488,1,INTERPOLATED,,PCHIP,0.06503,-0.01585,0.3750
5.7500,0.18891,3.88000,98.5519,1,INTERPOLATED,,PCHIP,0.06280,-0.01972,0.2500
5.8750,0.19302,3.88768,98.7471,1,INTERPOLATED,,PCHIP,0.06010,-0.02359,0.1250
6.0000,0.19713,3.89500,98.9330,2,SOURCE_MEASURED,3.8950,PCHIP,0.05691,0.01285,0.0000
6.1250,0.20123,3.90221,99.1162,2,INTERPOLATED,,PCHIP,0.05845,0.01178,0.1250
6.2500,0.20534,3.90961,99.3040,2,INTERPOLATED,,PCHIP,0.05985,0.01071,0.2500
6.3750,0.20945,3.91717,99.4961,2,INTERPOLATED,,PCHIP,0.06112,0.00964,0.3750
6.5000,0.21355,3.92488,99.6920,2,INTERPOLATED,,PCHIP,0.06226,0.00857,0.5000
6.6250,0.21766,3.93273,99.8913,2,INTERPOLATED,,PCHIP,0.06327,0.00750,0.6250
6.7500,0.22177,3.94069,100.0936,2,INTERPOLATED,,PCHIP,0.06414,0.00643,0.7500
6.8750,0.22587,3.94876,100.2984,2,INTERPOLATED,,PCHIP,0.06487,0.00535,0.8750
7.0000,0.22998,3.95691,100.5054,2,INTERPOLATED,,PCHIP,0.06548,0.00428,1.0000
7.1250,0.23409,3.96512,100.7141,2,INTERPOLATED,,PCHIP,0.06594,0.00321,1.1250
7.2500,0.23819,3.97339,100.9240,2,INTERPOLATED,,PCHIP,0.06628,0.00214,1.2500
7.3750,0.24230,3.98168,101.1348,2,INTERPOLATED,,PCHIP,0.06648,0.00107,1.3750
7.5000,0.24641,3.99000,101.3460,2,INTERPOLATED,,PCHIP,0.06655,0.00000,1.5000
7.6250,0.25051,3.99832,101.5572,2,INTERPOLATED,,PCHIP,0.06648,-0.00107,1.3750
7.7500,0.25462,4.00661,101.7680,2,INTERPOLATED,,PCHIP,0.06628,-0.00214,1.2500
7.8750,0.25873,4.01488,101.9779,2,INTERPOLATED,,PCHIP,0.06594,-0.00321,1.1250
8.0000,0.26283,4.02309,102.1866,2,INTERPOLATED,,PCHIP,0.06548,-0.00428,1.0000
8.1250,0.26694,4.03124,102.3936,2,INTERPOLATED,,PCHIP,0.06487,-0.00535,0.8750
8.2500,0.27105,4.03931,102.5984,2,INTERPOLATED,,PCHIP,0.06414,-0.00643,0.7500
8.3750,0.27515,4.04727,102.8007,2,INTERPOLATED,,PCHIP,0.06327,-0.00750,0.6250
8.5000,0.27926,4.05512,103.0000,2,INTERPOLATED,,PCHIP,0.06226,-0.00857,0.5000
8.6250,0.28337,4.06283,103.1959,2,INTERPOLATED,,PCHIP,0.06112,-0.00964,0.3750
8.7500,0.28747,4.07039,103.3880,2,INTERPOLATED,,PCHIP,0.05985,-0.01071,0.2500
8.8750,0.29158,4.07779,103.5758,2,INTERPOLATED,,PCHIP,0.05845,-0.01178,0.1250
9.0000,0.29569,4.08500,103.7590,3,SOURCE_MEASURED,4.0850,PCHIP,0.05691,-0.00114,0.0000
9.1250,0.29979,4.09210,103.9394,3,INTERPOLATED,,PCHIP,0.05675,-0.00143,0.1250
9.2500,0.30390,4.09919,104.1193,3,INTERPOLATED,,PCHIP,0.05655,-0.00173,0.2500
9.3750,0.30801,4.10624,104.2985,3,INTERPOLATED,,PCHIP,0.05632,-0.00202,0.3750
9.5000,0.31211,4.11326,104.4769,3,INTERPOLATED,,PCHIP,0.05604,-0.00232,0.5000
9.6250,0.31622,4.12025,104.6543,3,INTERPOLATED,,PCHIP,0.05574,-0.00261,0.6250
9.7500,0.32033,4.12720,104.8308,3,INTERPOLATED,,PCHIP,0.05539,-0.00291,0.7500
9.8750,0.32444,4.13410,105.0060,3,INTERPOLATED,,PCHIP,0.05501,-0.00320,0.8750
10.0000,0.32854,4.14095,105.1800,3,INTERPOLATED,,PCHIP,0.05459,-0.00349,1.0000
10.1250,0.33265,4.14774,105.3526,3,INTERPOLATED,,PCHIP,0.05414,-0.00379,1.1250
10.2500,0.33676,4.15448,105.5238,3,INTERPOLATED,,PCHIP,0.05364,-0.00408,1.2500
10.3750,0.34086,4.16115,105.6932,3,INTERPOLATED,,PCHIP,0.05312,-0.00438,1.3750
10.5000,0.34497,4.16776,105.8610,3,INTERPOLATED,,PCHIP,0.05255,-0.00467,1.5000
10.6250,0.34908,4.17429,106.0269,3,INTERPOLATED,,PCHIP,0.05195,-0.00497,1.3750
10.7500,0.35318,4.18074,106.1908,3,INTERPOLATED,,PCHIP,0.05131,-0.00526,1.2500
10.8750,0.35729,4.18711,106.3527,3,INTERPOLATED,,PCHIP,0.05063,-0.00555,1.1250
11.0000,0.36140,4.19340,106.5123,3,INTERPOLATED,,PCHIP,0.04992,-0.00585,1.0000
11.1250,0.36550,4.19959,106.6696,3,INTERPOLATED,,PCHIP,0.04917,-0.00614,0.8750
11.2500,0.36961,4.20569,106.8245,3,INTERPOLATED,,PCHIP,0.04838,-0.00644,0.7500
11.3750,0.37372,4.21169,106.9768,3,INTERPOLATED,,PCHIP,0.04756,-0.00673,0.6250
11.5000,0.37782,4.21758,107.1265,3,INTERPOLATED,,PCHIP,0.04670,-0.00703,0.5000
11.6250,0.38193,4.22336,107.2733,3,INTERPOLATED,,PCHIP,0.04580,-0.00732,0.3750
11.7500,0.38604,4.22903,107.4173,3,INTERPOLATED,,PCHIP,0.04487,-0.00762,0.2500
11.8750,0.39014,4.23458,107.5582,3,INTERPOLATED,,PCHIP,0.04390,-0.00791,0.1250
12.0000,0.39425,4.24000,107.6960,4,SOURCE_MEASURED,4.2400,PCHIP,0.04289,-0.00773,0.0000
12.1250,0.39836,4.24530,107.8307,4,INTERPOLATED,,PCHIP,0.04195,-0.00729,0.1250
12.2500,0.40246,4.25049,107.9625,4,INTERPOLATED,,PCHIP,0.04107,-0.00684,0.2500
12.3750,0.40657,4.25557,108.0915,4,INTERPOLATED,,PCHIP,0.04024,-0.00639,0.3750
12.5000,0.41068,4.26055,108.2181,4,INTERPOLATED,,PCHIP,0.03947,-0.00594,0.5000
12.6250,0.41478,4.26544,108.3423,4,INTERPOLATED,,PCHIP,0.03876,-0.00549,0.6250
12.7500,0.41889,4.27025,108.4643,4,INTERPOLATED,,PCHIP,0.03810,-0.00505,0.7500
12.8750,0.42300,4.27497,108.5843,4,INTERPOLATED,,PCHIP,0.03750,-0.00460,0.8750
13.0000,0.42710,4.27962,108.7024,4,INTERPOLATED,,PCHIP,0.03695,-0.00415,1.0000
13.1250,0.43121,4.28421,108.8190,4,INTERPOLATED,,PCHIP,0.03646,-0.00370,1.1250
13.2500,0.43532,4.28874,108.9340,4,INTERPOLATED,,PCHIP,0.03603,-0.00326,1.2500
13.3750,0.43943,4.29322,109.0478,4,INTERPOLATED,,PCHIP,0.03565,-0.00281,1.3750
13.5000,0.44353,4.29765,109.1604,4,INTERPOLATED,,PCHIP,0.03532,-0.00236,1.5000
13.6250,0.44764,4.30205,109.2721,4,INTERPOLATED,,PCHIP,0.03506,-0.00191,1.3750
13.7500,0.45175,4.30642,109.3831,4,INTERPOLATED,,PCHIP,0.03485,-0.00146,1.2500
13.8750,0.45585,4.31077,109.4935,4,INTERPOLATED,,PCHIP,0.03469,-0.00102,1.1250
14.0000,0.45996,4.31510,109.6034,4,INTERPOLATED,,PCHIP,0.03459,-0.00057,1.0000
14.1250,0.46407,4.31942,109.7132,4,INTERPOLATED,,PCHIP,0.03455,-0.00012,0.8750
14.2500,0.46817,4.32374,109.8229,4,INTERPOLATED,,PCHIP,0.03456,0.00033,0.7500
14.3750,0.47228,4.32806,109.9327,4,INTERPOLATED,,PCHIP,0.03463,0.00077,0.6250
14.5000,0.47639,4.33240,110.0428,4,INTERPOLATED,,PCHIP,0.03475,0.00122,0.5000
14.6250,0.48049,4.33675,110.1535,4,INTERPOLATED,,PCHIP,0.03494,0.00167,0.3750
14.7500,0.48460,4.34113,110.2647,4,INTERPOLATED,,PCHIP,0.03517,0.00212,0.2500
14.8750,0.48871,4.34555,110.3769,4,INTERPOLATED,,PCHIP,0.03547,0.00257,0.1250
15.0000,0.49281,4.35000,110.4900,5,SOURCE_MEASURED,4.3500,PCHIP,0.03581,-0.00163,0.0000
15.1250,0.49692,4.35446,110.6034,5,INTERPOLATED,,PCHIP,0.03562,-0.00149,0.1250
15.2500,0.50103,4.35891,110.7162,5,INTERPOLATED,,PCHIP,0.03544,-0.00136,0.2500
15.3750,0.50513,4.36333,110.8285,5,INTERPOLATED,,PCHIP,0.03528,-0.00122,0.3750
15.5000,0.50924,4.36773,110.9402,5,INTERPOLATED,,PCHIP,0.03514,-0.00109,0.5000
15.6250,0.51335,4.37211,111.0516,5,INTERPOLATED,,PCHIP,0.03501,-0.00095,0.6250
15.7500,0.51745,4.37648,111.1626,5,INTERPOLATED,,PCHIP,0.03490,-0.00081,0.7500
15.8750,0.52156,4.38084,111.2732,5,INTERPOLATED,,PCHIP,0.03480,-0.00068,0.8750
16.0000,0.52567,4.38518,111.3836,5,INTERPOLATED,,PCHIP,0.03473,-0.00054,1.0000
16.1250,0.52977,4.38952,111.4938,5,INTERPOLATED,,PCHIP,0.03467,-0.00041,1.1250
16.2500,0.53388,4.39385,111.6038,5,INTERPOLATED,,PCHIP,0.03463,-0.00027,1.2500
16.3750,0.53799,4.39818,111.7137,5,INTERPOLATED,,PCHIP,0.03460,-0.00014,1.3750
16.5000,0.54209,4.40250,111.8235,5,INTERPOLATED,,PCHIP,0.03459,0.00000,1.5000
16.6250,0.54620,4.40682,111.9333,5,INTERPOLATED,,PCHIP,0.03460,0.00014,1.3750
16.7500,0.55031,4.41115,112.0432,5,INTERPOLATED,,PCHIP,0.03463,0.00027,1.2500
16.8750,0.55441,4.41548,112.1532,5,INTERPOLATED,,PCHIP,0.03467,0.00041,1.1250
17.0000,0.55852,4.41982,112.2634,5,INTERPOLATED,,PCHIP,0.03473,0.00054,1.0000
17.1250,0.56263,4.42416,112.3738,5,INTERPOLATED,,PCHIP,0.03480,0.00068,0.8750
17.2500,0.56674,4.42852,112.4844,5,INTERPOLATED,,PCHIP,0.03490,0.00081,0.7500
17.3750,0.57084,4.43289,112.5954,5,INTERPOLATED,,PCHIP,0.03501,0.00095,0.6250
17.5000,0.57495,4.43727,112.7068,5,INTERPOLATED,,PCHIP,0.03514,0.00109,0.5000
17.6250,0.57906,4.44167,112.8185,5,INTERPOLATED,,PCHIP,0.03528,0.00122,0.3750
17.7500,0.58316,4.44609,112.9308,5,INTERPOLATED,,PCHIP,0.03544,0.00136,0.2500
17.8750,0.58727,4.45054,113.0436,5,INTERPOLATED,,PCHIP,0.03562,0.00149,0.1250
18.0000,0.59138,4.45500,113.1570,6,SOURCE_MEASURED,4.4550,PCHIP,0.03581,0.00576,0.0000
18.1250,0.59548,4.45952,113.2718,6,INTERPOLATED,,PCHIP,0.03649,0.00511,0.1250
18.2500,0.59959,4.46412,113.3886,6,INTERPOLATED,,PCHIP,0.03709,0.00446,0.2500
18.3750,0.60370,4.46879,113.5073,6,INTERPOLATED,,PCHIP,0.03761,0.00381,0.3750
18.5000,0.60780,4.47352,113.6274,6,INTERPOLATED,,PCHIP,0.03805,0.00317,0.5000
18.6250,0.61191,4.47830,113.7488,6,INTERPOLATED,,PCHIP,0.03840,0.00252,0.6250
18.7500,0.61602,4.48312,113.8711,6,INTERPOLATED,,PCHIP,0.03867,0.00187,0.7500
18.8750,0.62012,4.48796,113.9943,6,INTERPOLATED,,PCHIP,0.03887,0.00122,0.8750
19.0000,0.62423,4.49283,114.1179,6,INTERPOLATED,,PCHIP,0.03898,0.00057,1.0000
19.1250,0.62834,4.49770,114.2417,6,INTERPOLATED,,PCHIP,0.03901,-0.00008,1.1250
19.2500,0.63244,4.50258,114.3655,6,INTERPOLATED,,PCHIP,0.03896,-0.00073,1.2500
19.3750,0.63655,4.50744,114.4890,6,INTERPOLATED,,PCHIP,0.03883,-0.00138,1.3750
19.5000,0.64066,4.51228,114.6120,6,INTERPOLATED,,PCHIP,0.03861,-0.00203,1.5000
19.6250,0.64476,4.51709,114.7341,6,INTERPOLATED,,PCHIP,0.03832,-0.00268,1.3750
19.7500,0.64887,4.52186,114.8552,6,INTERPOLATED,,PCHIP,0.03794,-0.00333,1.2500
19.8750,0.65298,4.52657,114.9750,6,INTERPOLATED,,PCHIP,0.03749,-0.00398,1.1250
20.0000,0.65708,4.53123,115.0932,6,INTERPOLATED,,PCHIP,0.03695,-0.00462,1.0000
20.1250,0.66119,4.53581,115.2095,6,INTERPOLATED,,PCHIP,0.03633,-0.00527,0.8750
20.2500,0.66530,4.54031,115.3238,6,INTERPOLATED,,PCHIP,0.03563,-0.00592,0.7500
20.3750,0.66940,4.54471,115.4357,6,INTERPOLATED,,PCHIP,0.03485,-0.00657,0.6250
20.5000,0.67351,4.54902,115.5450,6,INTERPOLATED,,PCHIP,0.03399,-0.00722,0.5000
20.6250,0.67762,4.55321,115.6514,6,INTERPOLATED,,PCHIP,0.03305,-0.00787,0.3750
20.7500,0.68172,4.55727,115.7548,6,INTERPOLATED,,PCHIP,0.03202,-0.00852,0.2500
20.8750,0.68583,4.56121,115.8547,6,INTERPOLATED,,PCHIP,0.03092,-0.00917,0.1250
21.0000,0.68994,4.56500,115.9510,7,SOURCE_MEASURED,4.5650,PCHIP,0.02973,0.00084,0.0000
21.1250,0.69405,4.56872,116.0455,7,INTERPOLATED,,PCHIP,0.02980,0.00034,0.1250
21.2500,0.69815,4.57245,116.1402,7,INTERPOLATED,,PCHIP,0.02981,-0.00016,0.2500
21.3750,0.70226,4.57617,116.2348,7,INTERPOLATED,,PCHIP,0.02976,-0.00066,0.3750
21.5000,0.70637,4.57989,116.3291,7,INTERPOLATED,,PCHIP,0.02965,-0.00116,0.5000
21.6250,0.71047,4.58358,116.4230,7,INTERPOLATED,,PCHIP,0.02947,-0.00166,0.6250
21.7500,0.71458,4.58725,116.5162,7,INTERPOLATED,,PCHIP,0.02924,-0.00216,0.7500
21.8750,0.71869,4.59089,116.6086,7,INTERPOLATED,,PCHIP,0.02893,-0.00265,0.8750
22.0000,0.72279,4.59448,116.6999,7,INTERPOLATED,,PCHIP,0.02857,-0.00315,1.0000
22.1250,0.72690,4.59803,116.7899,7,INTERPOLATED,,PCHIP,0.02815,-0.00365,1.1250
22.2500,0.73101,4.60152,116.8785,7,INTERPOLATED,,PCHIP,0.02766,-0.00415,1.2500
22.3750,0.73511,4.60494,116.9655,7,INTERPOLATED,,PCHIP,0.02711,-0.00465,1.3750
22.5000,0.73922,4.60829,117.0506,7,INTERPOLATED,,PCHIP,0.02650,-0.00515,1.5000
22.6250,0.74333,4.61156,117.1337,7,INTERPOLATED,,PCHIP,0.02582,-0.00565,1.3750
22.7500,0.74743,4.61474,117.2145,7,INTERPOLATED,,PCHIP,0.02508,-0.00615,1.2500
22.8750,0.75154,4.61783,117.2929,7,INTERPOLATED,,PCHIP,0.02429,-0.00664,1.1250
23.0000,0.75565,4.62081,117.3686,7,INTERPOLATED,,PCHIP,0.02342,-0.00714,1.0000
23.1250,0.75975,4.62368,117.4416,7,INTERPOLATED,,PCHIP,0.02250,-0.00764,0.8750
23.2500,0.76386,4.62644,117.5115,7,INTERPOLATED,,PCHIP,0.02151,-0.00814,0.7500
23.3750,0.76797,4.62906,117.5781,7,INTERPOLATED,,PCHIP,0.02046,-0.00864,0.6250
23.5000,0.77207,4.63155,117.6413,7,INTERPOLATED,,PCHIP,0.01935,-0.00914,0.5000
23.6250,0.77618,4.63390,117.7009,7,INTERPOLATED,,PCHIP,0.01818,-0.00964,0.3750
23.7500,0.78029,4.63609,117.7567,7,INTERPOLATED,,PCHIP,0.01694,-0.01014,0.2500
23.8750,0.78439,4.63813,117.8085,7,INTERPOLATED,,PCHIP,0.01565,-0.01063,0.1250
24.0000,0.78850,4.64000,117.8560,8,SOURCE_MEASURED,4.6400,PCHIP,0.01429,-0.00692,0.0000
24.1250,0.79261,4.64173,117.9000,8,INTERPOLATED,,PCHIP,0.01345,-0.00641,0.1250
24.2500,0.79671,4.64337,117.9415,8,INTERPOLATED,,PCHIP,0.01268,-0.00590,0.2500
24.3750,0.80082,4.64491,117.9806,8,INTERPOLATED,,PCHIP,0.01198,-0.00539,0.3750
24.5000,0.80493,4.64636,118.0176,8,INTERPOLATED,,PCHIP,0.01134,-0.00489,0.5000
24.6250,0.80903,4.64774,118.0527,8,INTERPOLATED,,PCHIP,0.01076,-0.00438,0.6250
24.7500,0.81314,4.64905,118.0860,8,INTERPOLATED,,PCHIP,0.01024,-0.00387,0.7500
24.8750,0.81725,4.65031,118.1178,8,INTERPOLATED,,PCHIP,0.00979,-0.00336,0.8750
25.0000,0.82136,4.65150,118.1482,8,INTERPOLATED,,PCHIP,0.00940,-0.00286,1.0000
25.1250,0.82546,4.65266,118.1775,8,INTERPOLATED,,PCHIP,0.00907,-0.00235,1.1250
25.2500,0.82957,4.65378,118.2059,8,INTERPOLATED,,PCHIP,0.00881,-0.00184,1.2500
25.3750,0.83368,4.65486,118.2335,8,INTERPOLATED,,PCHIP,0.00861,-0.00134,1.3750
25.5000,0.83778,4.65593,118.2607,8,INTERPOLATED,,PCHIP,0.00848,-0.00083,1.5000
25.6250,0.84189,4.65699,118.2874,8,INTERPOLATED,,PCHIP,0.00841,-0.00032,1.3750
25.7500,0.84600,4.65804,118.3141,8,INTERPOLATED,,PCHIP,0.00840,0.00019,1.2500
25.8750,0.85010,4.65909,118.3408,8,INTERPOLATED,,PCHIP,0.00845,0.00069,1.1250
26.0000,0.85421,4.66015,118.3678,8,INTERPOLATED,,PCHIP,0.00857,0.00120,1.0000
26.1250,0.85832,4.66123,118.3953,8,INTERPOLATED,,PCHIP,0.00875,0.00171,0.8750
26.2500,0.86242,4.66234,118.4235,8,INTERPOLATED,,PCHIP,0.00900,0.00222,0.7500
26.3750,0.86653,4.66349,118.4525,8,INTERPOLATED,,PCHIP,0.00931,0.00272,0.6250
26.5000,0.87064,4.66467,118.4827,8,INTERPOLATED,,PCHIP,0.00968,0.00323,0.5000
26.6250,0.87474,4.66591,118.5141,8,INTERPOLATED,,PCHIP,0.01012,0.00374,0.3750
26.7500,0.87885,4.66720,118.5470,8,INTERPOLATED,,PCHIP,0.01061,0.00425,0.2500
26.8750,0.88296,4.66856,118.5815,8,INTERPOLATED,,PCHIP,0.01118,0.00475,0.1250
27.0000,0.88706,4.67000,118.6180,9,SOURCE_MEASURED,4.6700,PCHIP,0.01180,0.00178,0.0000
27.1250,0.89117,4.67149,118.6558,9,INTERPOLATED,,PCHIP,0.01202,0.00176,0.1250
27.2500,0.89528,4.67301,118.6943,9,INTERPOLATED,,PCHIP,0.01224,0.00174,0.2500
27.3750,0.89938,4.67455,118.7336,9,INTERPOLATED,,PCHIP,0.01246,0.00172,0.3750
27.5000,0.90349,4.67612,118.7735,9,INTERPOLATED,,PCHIP,0.01267,0.00170,0.5000
27.6250,0.90760,4.67772,118.8140,9,INTERPOLATED,,PCHIP,0.01288,0.00168,0.6250
27.7500,0.91170,4.67934,118.8553,9,INTERPOLATED,,PCHIP,0.01309,0.00166,0.7500
27.8750,0.91581,4.68099,118.8972,9,INTERPOLATED,,PCHIP,0.01330,0.00164,0.8750
28.0000,0.91992,4.68267,118.9397,9,INTERPOLATED,,PCHIP,0.01350,0.00162,1.0000
28.1250,0.92402,4.68437,118.9829,9,INTERPOLATED,,PCHIP,0.01370,0.00160,1.1250
28.2500,0.92813,4.68609,119.0267,9,INTERPOLATED,,PCHIP,0.01390,0.00158,1.2500
28.3750,0.93224,4.68784,119.0712,9,INTERPOLATED,,PCHIP,0.01410,0.00156,1.3750
28.5000,0.93634,4.68962,119.1162,9,INTERPOLATED,,PCHIP,0.01429,0.00154,1.5000
28.6250,0.94045,4.69141,119.1619,9,INTERPOLATED,,PCHIP,0.01448,0.00152,1.6250
28.7500,0.94456,4.69324,119.2082,9,INTERPOLATED,,PCHIP,0.01467,0.00150,1.6875
28.8750,0.94867,4.69508,119.2551,9,INTERPOLATED,,PCHIP,0.01486,0.00148,1.5625
29.0000,0.95277,4.69695,119.3025,9,INTERPOLATED,,PCHIP,0.01504,0.00146,1.4375
29.1250,0.95688,4.69884,119.3506,9,INTERPOLATED,,PCHIP,0.01522,0.00144,1.3125
29.2500,0.96099,4.70076,119.3992,9,INTERPOLATED,,PCHIP,0.01540,0.00142,1.1875
29.3750,0.96509,4.70269,119.4484,9,INTERPOLATED,,PCHIP,0.01558,0.00140,1.0625
29.5000,0.96920,4.70465,119.4981,9,INTERPOLATED,,PCHIP,0.01575,0.00138,0.9375
29.6250,0.97331,4.70663,119.5484,9,INTERPOLATED,,PCHIP,0.01592,0.00136,0.8125
29.7500,0.97741,4.70863,119.5992,9,INTERPOLATED,,PCHIP,0.01609,0.00134,0.6875
29.8750,0.98152,4.71065,119.6506,9,INTERPOLATED,,PCHIP,0.01626,0.00132,0.5625
30.0000,0.98563,4.71269,119.7024,10,INTERPOLATED,,PCHIP,0.01642,0.00130,0.4375
30.1250,0.98973,4.71476,119.7548,10,INTERPOLATED,,PCHIP,0.01658,0.00128,0.3125
30.2500,0.99384,4.71684,119.8077,10,INTERPOLATED,,PCHIP,0.01674,0.00126,0.1875
30.3750,0.99795,4.71894,119.8611,10,ENDPOINT,,PCHIP,0.01690,0.00124,0.0625
