run_id,analysis,anchor_station_in,anchor_height_in,outer_iteration,inner_iteration,body_length_in,radius_in,radius_ft,high_point_P_in,predicted_anchor_height_in,anchor_residual_in,numeric_series_rmse_in,numeric_series_max_abs_resid_in,predicted_waist_height_in,waist_residual_in,predicted_bottom_height_in,bottom_residual_in,solver_method,physically_admissible,bound_hit,convergence_status
A_a9.0_R000,anchor,9.0000,4.0850,0,final,32.6983,96.000,8.0000,13.5442,4.08500,0.000000,0.408088,0.606579,4.8944,0.67437,4.6190,-0.10100,bisection,True,True,solved
A_a9.0_R001,anchor,9.0000,4.0850,1,final,31.8126,108.000,9.0000,12.6507,4.08500,-0.000000,0.313049,0.472295,4.7612,0.54116,4.6353,-0.08470,bisection,True,False,solved
A_a9.0_R002,anchor,9.0000,4.0850,2,final,30.9752,120.000,10.0000,11.7630,4.08500,0.000000,0.242082,0.367587,4.6581,0.43811,4.6479,-0.07212,bisection,True,False,solved
A_a9.0_R003,anchor,9.0000,4.0850,3,final,30.1755,132.000,11.0000,10.8746,4.08500,0.000000,0.188948,0.289903,4.5763,0.35625,4.6579,-0.06213,bisection,True,False,solved
A_a9.0_R004,anchor,9.0000,4.0850,4,final,29.4324,144.000,12.0000,9.9978,4.08500,-0.000000,0.149506,0.239087,4.5106,0.29062,4.6659,-0.05412,bisection,True,False,solved
A_a9.0_R005,anchor,9.0000,4.0850,5,final,28.7336,156.000,13.0000,9.1259,4.08500,0.000000,0.120729,0.197869,4.4570,0.23696,4.6724,-0.04758,bisection,True,False,solved
A_a9.0_R006,anchor,9.0000,4.0850,6,final,28.0813,168.000,14.0000,8.2613,4.08500,-0.000000,0.100094,0.163992,4.4126,0.19262,4.6778,-0.04218,bisection,True,False,solved
A_a9.0_R007,anchor,9.0000,4.0850,7,final,27.4811,180.000,15.0000,7.4096,4.08500,0.000000,0.085440,0.135686,4.3758,0.15577,4.6823,-0.03768,bisection,True,False,solved
A_a9.0_R008,anchor,9.0000,4.0850,8,final,26.9283,192.000,16.0000,6.5695,4.08500,0.000000,0.075273,0.112102,4.3448,0.12482,4.6861,-0.03391,bisection,True,False,solved
A_a9.0_R009,anchor,9.0000,4.0850,9,final,26.4237,204.000,17.0000,5.7439,4.08500,0.000000,0.068085,0.105600,4.3187,0.09867,4.6893,-0.03073,bisection,True,False,solved
A_a9.0_R010,anchor,9.0000,4.0850,10,final,25.9616,216.000,18.0000,4.9307,4.08500,0.000000,0.062843,0.107064,4.2964,0.07637,4.6920,-0.02801,bisection,True,False,solved
A_a9.0_R011,anchor,9.0000,4.0850,11,final,25.5355,228.000,19.0000,4.1267,4.08500,0.000000,0.058886,0.106651,4.2772,0.05716,4.6943,-0.02567,bisection,True,False,solved
A_a9.0_R012,anchor,9.0000,4.0850,12,final,25.1450,240.000,20.0000,3.3338,4.08500,-0.000000,0.055718,0.104755,4.2605,0.04054,4.6964,-0.02364,bisection,True,False,solved
A_a9.0_R013,anchor,9.0000,4.0850,13,final,24.7871,252.000,21.0000,2.5515,4.08500,0.000000,0.052766,0.101162,4.2461,0.02606,4.6981,-0.02188,bisection,True,False,solved
A_a9.0_R014,anchor,9.0000,4.0850,14,final,24.4587,264.000,22.0000,1.7790,4.08500,-0.000000,0.049871,0.096465,4.2334,0.01338,4.6997,-0.02034,bisection,True,False,solved
A_a9.0_R015,anchor,9.0000,4.0850,15,final,24.1581,276.000,23.0000,1.0166,4.08500,0.000000,0.047051,0.091133,4.2222,0.00222,4.7010,-0.01898,bisection,True,False,solved
A_a9.0_R016,anchor,9.0000,4.0850,16,final,23.8810,288.000,24.0000,0.2622,4.08500,0.000000,0.044281,0.085323,4.2123,-0.00767,4.7022,-0.01777,bisection,True,False,solved
A_a9.0_R017,anchor,9.0000,4.0850,17,final,23.6260,300.000,25.0000,-0.4840,4.08500,0.000000,0.041541,0.079262,4.2035,-0.01648,4.7033,-0.01670,bisection,False,False,solved
A_a9.0_R018,anchor,9.0000,4.0850,18,final,23.3913,312.000,26.0000,-1.2223,4.08500,0.000000,0.038808,0.073058,4.1956,-0.02435,4.7043,-0.01574,bisection,False,False,solved
A_a9.0_R019,anchor,9.0000,4.0850,19,final,23.1751,324.000,27.0000,-1.9530,4.08500,0.000000,0.036133,0.066854,4.1886,-0.03142,4.7051,-0.01488,bisection,False,False,solved
A_a9.0_R020,anchor,9.0000,4.0850,20,final,22.9756,336.000,28.0000,-2.6768,4.08500,0.000000,0.033514,0.060731,4.1822,-0.03780,4.7059,-0.01410,bisection,False,False,solved
A_a9.0_R021,anchor,9.0000,4.0850,21,final,22.7911,348.000,29.0000,-3.3941,4.08500,0.000000,0.030955,0.055402,4.1764,-0.04357,4.7066,-0.01339,bisection,False,False,solved
A_a9.0_R022,anchor,9.0000,4.0850,22,final,22.6202,360.000,30.0000,-4.1056,4.08500,-0.000000,0.028475,0.052006,4.1712,-0.04882,4.7072,-0.01276,bisection,False,False,solved
A_a9.0_R023,anchor,9.0000,4.0850,23,final,22.4617,372.000,31.0000,-4.8116,4.08500,-0.000000,0.026121,0.048692,4.1664,-0.05361,4.7078,-0.01217,bisection,False,False,solved
A_a9.0_R024,anchor,9.0000,4.0850,24,final,22.3142,384.000,32.0000,-5.5126,4.08500,-0.000000,0.023886,0.045437,4.1620,-0.05800,4.7084,-0.01164,bisection,False,False,solved
A_a9.0_R025,anchor,9.0000,4.0850,25,final,22.1768,396.000,33.0000,-6.2091,4.08500,-0.000000,0.021765,0.042220,4.1580,-0.06203,4.7089,-0.01115,bisection,False,False,solved
A_a9.0_R026,anchor,9.0000,4.0850,26,final,22.0486,408.000,34.0000,-6.9013,4.08500,0.000000,0.019755,0.038980,4.1543,-0.06574,4.7093,-0.01069,bisection,False,False,solved
A_a9.0_R027,anchor,9.0000,4.0850,27,final,21.9288,420.000,35.0000,-7.5894,4.08500,-0.000000,0.017880,0.035771,4.1508,-0.06917,4.7097,-0.01028,bisection,False,False,solved
A_a9.0_R028,anchor,9.0000,4.0850,28,final,21.8168,432.000,36.0000,-8.2738,4.08500,0.000000,0.016161,0.032622,4.1477,-0.07235,4.7101,-0.00989,bisection,False,False,solved
A_a9.0_R029,anchor,9.0000,4.0850,29,final,21.7117,444.000,37.0000,-8.9547,4.08500,-0.000000,0.014622,0.029537,4.1447,-0.07530,4.7105,-0.00953,bisection,False,False,solved
A_a9.0_R030,anchor,9.0000,4.0850,30,final,21.6131,456.000,38.0000,-9.6325,4.08500,0.000000,0.013291,0.026532,4.1420,-0.07804,4.7108,-0.00919,bisection,False,False,solved
A_a9.0_R031,anchor,9.0000,4.0850,31,final,21.5203,468.000,39.0000,-10.3073,4.08500,0.000000,0.012186,0.023600,4.1394,-0.08061,4.7111,-0.00888,bisection,False,False,solved
A_a9.0_R032,anchor,9.0000,4.0850,32,final,21.4329,480.000,40.0000,-10.9796,4.08500,-0.000000,0.011337,0.020744,4.1370,-0.08300,4.7114,-0.00859,bisection,False,False,solved
A_a9.0_R033,anchor,9.0000,4.0850,33,final,21.3503,492.000,41.0000,-11.6494,4.08500,0.000000,0.010769,0.017981,4.1347,-0.08525,4.7117,-0.00832,bisection,False,False,solved
A_a9.0_R034,anchor,9.0000,4.0850,34,final,21.2722,504.000,42.0000,-12.3170,4.08500,0.000000,0.010486,0.015303,4.1326,-0.08736,4.7119,-0.00806,bisection,False,False,solved
A_a9.0_R035,anchor,9.0000,4.0850,35,final,21.1984,516.000,43.0000,-12.9824,4.08500,0.000000,0.010475,0.015169,4.1307,-0.08935,4.7122,-0.00782,bisection,False,False,solved
A_a9.0_R036,anchor,9.0000,4.0850,36,final,21.1284,528.000,44.0000,-13.6458,4.08500,-0.000000,0.010708,0.015832,4.1288,-0.09122,4.7124,-0.00759,bisection,False,False,solved
A_a9.0_R037,anchor,9.0000,4.0850,37,final,21.0619,540.000,45.0000,-14.3075,4.08500,0.000000,0.011142,0.016457,4.1270,-0.09298,4.7126,-0.00737,bisection,False,False,solved
A_a9.0_R038,anchor,9.0000,4.0850,38,final,20.9988,552.000,46.0000,-14.9674,4.08500,-0.000000,0.011729,0.018886,4.1254,-0.09465,4.7128,-0.00717,bisection,False,False,solved
A_a9.0_R039,anchor,9.0000,4.0850,39,final,20.9388,564.000,47.0000,-15.6257,4.08500,0.000000,0.012427,0.021578,4.1238,-0.09623,4.7130,-0.00698,bisection,False,False,solved
A_a9.0_R040,anchor,9.0000,4.0850,40,final,20.8816,576.000,48.0000,-16.2826,4.08500,-0.000000,0.013199,0.024121,4.1223,-0.09773,4.7132,-0.00680,bisection,False,False,solved
A_a9.0_R041,anchor,9.0000,4.0850,41,final,20.8271,588.000,49.0000,-16.9380,4.08500,-0.000000,0.014018,0.026524,4.1209,-0.09915,4.7134,-0.00662,bisection,False,False,solved
A_a9.0_R042,anchor,9.0000,4.0850,42,final,20.7750,600.000,50.0000,-17.5922,4.08500,-0.000000,0.014862,0.028792,4.1195,-0.10050,4.7135,-0.00646,bisection,False,True,solved
A_a12.0_R000,anchor,12.0000,4.2400,0,,,96.000,8.0000,,,,,,,,,,bisection,,,no_root
A_a12.0_R001,anchor,12.0000,4.2400,1,,,108.000,9.0000,,,,,,,,,,bisection,,,no_root
A_a12.0_R002,anchor,12.0000,4.2400,2,,,120.000,10.0000,,,,,,,,,,bisection,,,no_root
A_a12.0_R003,anchor,12.0000,4.2400,3,final,39.5453,132.000,11.0000,16.5724,4.24000,0.000000,0.377884,0.527935,4.9441,0.72414,4.6128,-0.10720,bisection,True,False,solved
A_a12.0_R004,anchor,12.0000,4.2400,4,final,38.1692,144.000,12.0000,15.4586,4.24000,0.000000,0.300205,0.408836,4.8147,0.59467,4.6287,-0.09134,bisection,True,False,solved
A_a12.0_R005,anchor,12.0000,4.2400,5,final,36.8052,156.000,13.0000,14.3214,4.24000,-0.000000,0.236030,0.308976,4.7078,0.48781,4.6417,-0.07827,bisection,True,False,solved
A_a12.0_R006,anchor,12.0000,4.2400,6,final,35.4856,168.000,14.0000,13.1779,4.24000,0.000000,0.184078,0.247732,4.6195,0.39953,4.6525,-0.06748,bisection,True,False,solved
A_a12.0_R007,anchor,12.0000,4.2400,7,final,34.2161,180.000,15.0000,12.0303,4.24000,0.000000,0.143323,0.198148,4.5461,0.32606,4.6615,-0.05850,bisection,True,False,solved
A_a12.0_R008,anchor,12.0000,4.2400,8,final,32.9819,192.000,16.0000,10.8675,4.24000,0.000000,0.112459,0.170689,4.4840,0.26402,4.6691,-0.05093,bisection,True,False,solved
A_a12.0_R009,anchor,12.0000,4.2400,9,final,31.7982,204.000,17.0000,9.6979,4.24000,0.000000,0.090839,0.146356,4.4316,0.21162,4.6755,-0.04453,bisection,True,False,solved
A_a12.0_R010,anchor,12.0000,4.2400,10,final,30.6665,216.000,18.0000,8.5217,4.24000,0.000000,0.077467,0.124659,4.3871,0.16714,4.6809,-0.03910,bisection,True,False,solved
A_a12.0_R011,anchor,12.0000,4.2400,11,final,29.6122,228.000,19.0000,7.3573,4.24000,0.000000,0.070684,0.105588,4.3497,0.12969,4.6855,-0.03453,bisection,True,False,solved
A_a12.0_R012,anchor,12.0000,4.2400,12,final,28.6503,240.000,20.0000,6.2188,4.24000,0.000000,0.067632,0.116166,4.3183,0.09830,4.6893,-0.03070,bisection,True,False,solved
A_a12.0_R013,anchor,12.0000,4.2400,13,final,27.7902,252.000,21.0000,5.1179,4.24000,-0.000000,0.065806,0.122347,4.2921,0.07211,4.6925,-0.02751,bisection,True,False,solved
A_a12.0_R014,anchor,12.0000,4.2400,14,final,27.0018,264.000,22.0000,4.0356,4.24000,0.000000,0.064056,0.123011,4.2698,0.04981,4.6952,-0.02479,bisection,True,False,solved
A_a12.0_R015,anchor,12.0000,4.2400,15,final,26.2842,276.000,23.0000,2.9750,4.24000,0.000000,0.061791,0.119514,4.2508,0.03077,4.6975,-0.02246,bisection,True,False,solved
A_a12.0_R016,anchor,12.0000,4.2400,16,final,25.6295,288.000,24.0000,1.9334,4.24000,-0.000000,0.058834,0.113354,4.2344,0.01441,4.6995,-0.02047,bisection,True,False,solved
A_a12.0_R017,anchor,12.0000,4.2400,17,final,25.0443,300.000,25.0000,0.9215,4.24000,0.000000,0.055459,0.106114,4.2204,0.00042,4.7012,-0.01876,bisection,True,False,solved
A_a12.0_R018,anchor,12.0000,4.2400,18,final,24.5253,312.000,26.0000,-0.0581,4.24000,-0.000000,0.051433,0.097275,4.2084,-0.01156,4.7027,-0.01730,bisection,False,False,solved
A_a12.0_R019,anchor,12.0000,4.2400,19,final,24.0678,324.000,27.0000,-1.0046,4.24000,0.000000,0.047100,0.087834,4.1981,-0.02187,4.7040,-0.01604,bisection,False,False,solved
A_a12.0_R020,anchor,12.0000,4.2400,20,final,23.6611,336.000,28.0000,-1.9239,4.24000,0.000000,0.042674,0.078117,4.1892,-0.03081,4.7050,-0.01495,bisection,False,False,solved
A_a12.0_R021,anchor,12.0000,4.2400,21,final,23.3043,348.000,29.0000,-2.8120,4.24000,0.000000,0.038300,0.068547,4.1814,-0.03858,4.7060,-0.01400,bisection,False,False,solved
A_a12.0_R022,anchor,12.0000,4.2400,22,final,22.9968,360.000,30.0000,-3.6651,4.24000,-0.000000,0.034183,0.060847,4.1747,-0.04532,4.7068,-0.01318,bisection,False,False,solved
A_a12.0_R023,anchor,12.0000,4.2400,23,final,22.7225,372.000,31.0000,-4.4972,4.24000,0.000000,0.030226,0.055076,4.1687,-0.05129,4.7075,-0.01246,bisection,False,False,solved
A_a12.0_R024,anchor,12.0000,4.2400,24,final,22.4762,384.000,32.0000,-5.3116,4.24000,-0.000000,0.026496,0.049508,4.1634,-0.05661,4.7082,-0.01181,bisection,False,False,solved
A_a12.0_R025,anchor,12.0000,4.2400,25,final,22.2519,396.000,33.0000,-6.1132,4.24000,-0.000000,0.023003,0.044183,4.1586,-0.06141,4.7088,-0.01122,bisection,False,False,solved
A_a12.0_R026,anchor,12.0000,4.2400,26,final,22.0503,408.000,34.0000,-6.8990,4.24000,-0.000000,0.019784,0.039029,4.1543,-0.06573,4.7093,-0.01070,bisection,False,False,solved
A_a12.0_R027,anchor,12.0000,4.2400,27,final,21.8689,420.000,35.0000,-7.6701,4.24000,-0.000000,0.016884,0.034040,4.1504,-0.06963,4.7098,-0.01022,bisection,False,False,solved
A_a12.0_R028,anchor,12.0000,4.2400,28,final,21.7024,432.000,36.0000,-8.4319,4.24000,0.000000,0.014329,0.029187,4.1468,-0.07319,4.7102,-0.00979,bisection,False,False,solved
A_a12.0_R029,anchor,12.0000,4.2400,29,final,21.5498,444.000,37.0000,-9.1844,4.24000,-0.000000,0.012236,0.024523,4.1435,-0.07645,4.7106,-0.00939,bisection,False,False,solved
A_a12.0_R030,anchor,12.0000,4.2400,30,final,21.4107,456.000,38.0000,-9.9267,4.24000,-0.000000,0.010727,0.020075,4.1406,-0.07944,4.7110,-0.00902,bisection,False,False,solved
A_a12.0_R031,anchor,12.0000,4.2400,31,final,21.2820,468.000,39.0000,-10.6621,4.24000,-0.000000,0.009908,0.015818,4.1378,-0.08221,4.7113,-0.00869,bisection,False,False,solved
A_a12.0_R032,anchor,12.0000,4.2400,32,final,21.1631,480.000,40.0000,-11.3906,4.24000,-0.000000,0.009816,0.017051,4.1352,-0.08476,4.7116,-0.00838,bisection,False,False,solved
A_a12.0_R033,anchor,12.0000,4.2400,33,final,21.0525,492.000,41.0000,-12.1135,4.24000,0.000000,0.010363,0.018295,4.1329,-0.08713,4.7119,-0.00809,bisection,False,False,solved
A_a12.0_R034,anchor,12.0000,4.2400,34,final,20.9508,504.000,42.0000,-12.8293,4.24000,0.000000,0.011356,0.019425,4.1307,-0.08934,4.7122,-0.00782,bisection,False,False,solved
A_a12.0_R035,anchor,12.0000,4.2400,35,final,20.8560,516.000,43.0000,-13.5400,4.24000,-0.000000,0.012612,0.021878,4.1286,-0.09139,4.7124,-0.00757,bisection,False,False,solved
A_a12.0_R036,anchor,12.0000,4.2400,36,final,20.7680,528.000,44.0000,-14.2454,4.24000,0.000000,0.013997,0.025528,4.1267,-0.09331,4.7127,-0.00733,bisection,False,False,solved
A_a12.0_R037,anchor,12.0000,4.2400,37,final,20.6855,540.000,45.0000,-14.9469,4.24000,-0.000000,0.015433,0.028883,4.1249,-0.09512,4.7129,-0.00711,bisection,False,False,solved
A_a12.0_R038,anchor,12.0000,4.2400,38,final,20.6088,552.000,46.0000,-15.6435,4.24000,0.000000,0.016855,0.031933,4.1232,-0.09681,4.7131,-0.00691,bisection,False,False,solved
A_a12.0_R039,anchor,12.0000,4.2400,39,final,20.5371,564.000,47.0000,-16.3360,4.24000,-0.000000,0.018243,0.034720,4.1216,-0.09840,4.7133,-0.00671,bisection,False,False,solved
A_a12.0_R040,anchor,12.0000,4.2400,40,final,20.4701,576.000,48.0000,-17.0245,4.24000,-0.000000,0.019584,0.037271,4.1201,-0.09989,4.7135,-0.00653,bisection,False,False,solved
A_a12.0_R041,anchor,12.0000,4.2400,41,final,20.4073,588.000,49.0000,-17.7094,4.24000,0.000000,0.020870,0.039609,4.1187,-0.10131,4.7136,-0.00636,bisection,False,False,solved
A_a12.0_R042,anchor,12.0000,4.2400,42,final,20.3484,600.000,50.0000,-18.3910,4.24000,-0.000000,0.022101,0.041758,4.1174,-0.10265,4.7138,-0.00620,bisection,False,True,solved
A_a15.0_R000,anchor,15.0000,4.3500,0,,,96.000,8.0000,,,,,,,,,,bisection,,,no_root
A_a15.0_R001,anchor,15.0000,4.3500,1,,,108.000,9.0000,,,,,,,,,,bisection,,,no_root
A_a15.0_R002,anchor,15.0000,4.3500,2,,,120.000,10.0000,,,,,,,,,,bisection,,,no_root
A_a15.0_R003,anchor,15.0000,4.3500,3,,,132.000,11.0000,,,,,,,,,,bisection,,,no_root
A_a15.0_R004,anchor,15.0000,4.3500,4,,,144.000,12.0000,,,,,,,,,,bisection,,,no_root
A_a15.0_R005,anchor,15.0000,4.3500,5,,,156.000,13.0000,,,,,,,,,,bisection,,,no_root
A_a15.0_R006,anchor,15.0000,4.3500,6,,,168.000,14.0000,,,,,,,,,,bisection,,,no_root
A_a15.0_R007,anchor,15.0000,4.3500,7,,,180.000,15.0000,,,,,,,,,,bisection,,,no_root
A_a15.0_R008,anchor,15.0000,4.3500,8,,,192.000,16.0000,,,,,,,,,,bisection,,,no_root
A_a15.0_R009,anchor,15.0000,4.3500,9,,,204.000,17.0000,,,,,,,,,,bisection,,,no_root
A_a15.0_R010,anchor,15.0000,4.3500,10,,,216.000,18.0000,,,,,,,,,,bisection,,,no_root
A_a15.0_R011,anchor,15.0000,4.3500,11,final,39.0065,228.000,19.0000,13.8560,4.35000,-0.000000,0.153234,0.245916,4.5579,0.33795,4.6600,-0.06000,bisection,True,False,solved
A_a15.0_R012,anchor,15.0000,4.3500,12,final,37.1640,240.000,20.0000,12.3388,4.35000,0.000000,0.126287,0.215769,4.4902,0.27015,4.6683,-0.05171,bisection,True,False,solved
A_a15.0_R013,anchor,15.0000,4.3500,13,final,35.3343,252.000,21.0000,10.7689,4.35000,-0.000000,0.106250,0.186302,4.4311,0.21113,4.6755,-0.04450,bisection,True,False,solved
A_a15.0_R014,anchor,15.0000,4.3500,14,final,33.5044,264.000,22.0000,9.1276,4.35000,0.000000,0.093360,0.157862,4.3794,0.15939,4.6818,-0.03818,bisection,True,False,solved
A_a15.0_R015,anchor,15.0000,4.3500,15,final,31.4562,276.000,23.0000,7.2351,4.35000,-0.000000,0.085353,0.127225,4.3303,0.11029,4.6878,-0.03218,bisection,True,False,solved
A_a15.0_R016,anchor,15.0000,4.3500,16,final,29.2148,288.000,24.0000,5.0627,4.35000,-0.000000,0.079477,0.135088,4.2846,0.06457,4.6934,-0.02660,bisection,True,False,solved
A_a15.0_R017,anchor,15.0000,4.3500,17,final,27.2657,300.000,25.0000,2.9779,4.35000,0.000000,0.072178,0.132355,4.2489,0.02887,4.6978,-0.02224,bisection,True,False,solved
A_a15.0_R018,anchor,15.0000,4.3500,18,final,25.5238,312.000,26.0000,0.9232,4.35000,-0.000000,0.061056,0.113690,4.2202,0.00020,4.7013,-0.01874,bisection,True,False,solved
A_a15.0_R019,anchor,15.0000,4.3500,19,final,24.3627,324.000,27.0000,-0.6993,4.35000,-0.000000,0.050582,0.093997,4.2014,-0.01863,4.7036,-0.01644,bisection,False,False,solved
A_a15.0_R020,anchor,15.0000,4.3500,20,final,23.6147,336.000,28.0000,-1.9741,4.35000,-0.000000,0.042065,0.077001,4.1887,-0.03129,4.7051,-0.01489,bisection,False,False,solved
A_a15.0_R021,anchor,15.0000,4.3500,21,final,23.0948,348.000,29.0000,-3.0479,4.35000,-0.000000,0.035292,0.063025,4.1794,-0.04063,4.7062,-0.01375,bisection,False,False,solved
A_a15.0_R022,anchor,15.0000,4.3500,22,final,22.7079,360.000,30.0000,-4.0023,4.35000,-0.000000,0.029788,0.054109,4.1720,-0.04801,4.7071,-0.01285,bisection,False,False,solved
A_a15.0_R023,anchor,15.0000,4.3500,23,final,22.4034,372.000,31.0000,-4.8825,4.35000,-0.000000,0.025233,0.047261,4.1659,-0.05413,4.7079,-0.01211,bisection,False,False,solved
A_a15.0_R024,anchor,15.0000,4.3500,24,final,22.1569,384.000,32.0000,-5.7095,4.35000,0.000000,0.021450,0.041416,4.1607,-0.05934,4.7085,-0.01147,bisection,False,False,solved
A_a15.0_R025,anchor,15.0000,4.3500,25,final,21.9519,396.000,33.0000,-6.4986,4.35000,-0.000000,0.018230,0.036083,4.1561,-0.06387,4.7091,-0.01092,bisection,False,False,solved
A_a15.0_R026,anchor,15.0000,4.3500,26,final,21.7792,408.000,34.0000,-7.2574,4.35000,0.000000,0.015566,0.031305,4.1521,-0.06786,4.7096,-0.01043,bisection,False,False,solved
A_a15.0_R027,anchor,15.0000,4.3500,27,final,21.6307,420.000,35.0000,-7.9938,4.35000,0.000000,0.013412,0.026966,4.1486,-0.07144,4.7100,-0.01000,bisection,False,False,solved
A_a15.0_R028,anchor,15.0000,4.3500,28,final,21.5007,432.000,36.0000,-8.7134,4.35000,0.000000,0.011755,0.022979,4.1453,-0.07467,4.7104,-0.00960,bisection,False,False,solved
A_a15.0_R029,anchor,15.0000,4.3500,29,final,21.3854,444.000,37.0000,-9.4197,4.35000,-0.000000,0.010608,0.019299,4.1424,-0.07762,4.7108,-0.00925,bisection,False,False,solved
A_a15.0_R030,anchor,15.0000,4.3500,30,final,21.2828,456.000,38.0000,-10.1144,4.35000,-0.000000,0.009974,0.016203,4.1397,-0.08032,4.7111,-0.00892,bisection,False,False,solved
A_a15.0_R031,anchor,15.0000,4.3500,31,final,21.1905,468.000,39.0000,-10.7996,4.35000,-0.000000,0.009807,0.017119,4.1372,-0.08281,4.7114,-0.00861,bisection,False,False,solved
A_a15.0_R032,anchor,15.0000,4.3500,32,final,21.1069,480.000,40.0000,-11.4771,4.35000,-0.000000,0.010029,0.017925,4.1349,-0.08512,4.7117,-0.00833,bisection,False,False,solved
A_a15.0_R033,anchor,15.0000,4.3500,33,final,21.0312,492.000,41.0000,-12.1470,4.35000,0.000000,0.010535,0.018626,4.1327,-0.08727,4.7119,-0.00807,bisection,False,False,solved
A_a15.0_R034,anchor,15.0000,4.3500,34,final,20.9620,504.000,42.0000,-12.8113,4.35000,-0.000000,0.011229,0.019250,4.1307,-0.08927,4.7122,-0.00783,bisection,False,False,solved
A_a15.0_R035,anchor,15.0000,4.3500,35,final,20.8985,516.000,43.0000,-13.4702,4.35000,-0.000000,0.012032,0.020424,4.1289,-0.09114,4.7124,-0.00760,bisection,False,False,solved
A_a15.0_R036,anchor,15.0000,4.3500,36,final,20.8399,528.000,44.0000,-14.1245,4.35000,-0.000000,0.012891,0.023106,4.1271,-0.09290,4.7126,-0.00738,bisection,False,False,solved
A_a15.0_R037,anchor,15.0000,4.3500,37,final,20.7860,540.000,45.0000,-14.7746,4.35000,-0.000000,0.013769,0.025575,4.1255,-0.09455,4.7128,-0.00718,bisection,False,False,solved
A_a15.0_R038,anchor,15.0000,4.3500,38,final,20.7358,552.000,46.0000,-15.4214,4.35000,0.000000,0.014648,0.027862,4.1239,-0.09611,4.7130,-0.00699,bisection,False,False,solved
A_a15.0_R039,anchor,15.0000,4.3500,39,final,20.6889,564.000,47.0000,-16.0652,4.35000,-0.000000,0.015512,0.029978,4.1224,-0.09758,4.7132,-0.00681,bisection,False,False,solved
A_a15.0_R040,anchor,15.0000,4.3500,40,final,20.6452,576.000,48.0000,-16.7062,4.35000,-0.000000,0.016353,0.031938,4.1210,-0.09898,4.7134,-0.00664,bisection,False,False,solved
A_a15.0_R041,anchor,15.0000,4.3500,41,final,20.6043,588.000,49.0000,-17.3446,4.35000,-0.000000,0.017164,0.033756,4.1197,-0.10030,4.7135,-0.00648,bisection,False,False,solved
A_a15.0_R042,anchor,15.0000,4.3500,42,final,20.5659,600.000,50.0000,-17.9807,4.35000,-0.000000,0.017945,0.035448,4.1184,-0.10156,4.7137,-0.00633,bisection,False,True,solved
GLOBAL_LS,least_squares,,,0,0,20.0000,180.000,15.0000,1.2937,,,0.075437,,4.2305,0.01052,4.7001,-0.01994,least_squares,True,False,iterating
GLOBAL_LS,least_squares,,,0,1,20.0000,180.000,15.0000,1.2937,,,0.075437,,4.2305,0.01052,4.7001,-0.01994,least_squares,True,False,iterating
GLOBAL_LS,least_squares,,,0,2,20.0000,180.000,15.0000,1.2937,,,0.075437,,4.2305,0.01052,4.7001,-0.01994,least_squares,True,False,iterating
GLOBAL_LS,least_squares,,,0,3,21.2471,277.861,23.1551,-2.0393,,,0.030973,,4.1862,-0.03375,4.7054,-0.01458,least_squares,False,False,iterating
GLOBAL_LS,least_squares,,,0,4,21.2471,277.861,23.1551,-2.0393,,,0.030973,,4.1862,-0.03375,4.7054,-0.01458,least_squares,False,False,iterating
GLOBAL_LS,least_squares,,,0,5,21.2471,277.861,23.1551,-2.0393,,,0.030973,,4.1862,-0.03375,4.7054,-0.01458,least_squares,False,False,iterating
GLOBAL_LS,least_squares,,,0,6,21.4068,359.459,29.9549,-5.5607,,,0.015322,,4.1604,-0.05957,4.7086,-0.01144,least_squares,False,False,iterating
GLOBAL_LS,least_squares,,,0,7,21.4068,359.459,29.9549,-5.5607,,,0.015322,,4.1604,-0.05957,4.7086,-0.01144,least_squares,False,False,iterating
GLOBAL_LS,least_squares,,,0,8,21.4068,359.459,29.9549,-5.5607,,,0.015322,,4.1604,-0.05957,4.7086,-0.01144,least_squares,False,False,iterating
GLOBAL_LS,least_squares,,,0,9,21.2935,420.878,35.0732,-8.4998,,,0.010091,,4.1459,-0.07413,4.7103,-0.00967,least_squares,False,False,iterating
GLOBAL_LS,least_squares,,,0,10,21.2935,420.878,35.0732,-8.4998,,,0.010091,,4.1459,-0.07413,4.7103,-0.00967,least_squares,False,False,iterating
GLOBAL_LS,least_squares,,,0,11,21.2935,420.878,35.0732,-8.4998,,,0.010091,,4.1459,-0.07413,4.7103,-0.00967,least_squares,False,False,iterating
GLOBAL_LS,least_squares,,,0,12,21.2362,457.419,38.1183,-10.2478,,,0.008904,,4.1391,-0.08087,4.7112,-0.00885,least_squares,False,False,iterating
GLOBAL_LS,least_squares,,,0,13,21.2362,457.419,38.1183,-10.2478,,,0.008904,,4.1391,-0.08087,4.7112,-0.00885,least_squares,False,False,iterating
GLOBAL_LS,least_squares,,,0,14,21.2362,457.419,38.1183,-10.2478,,,0.008904,,4.1391,-0.08087,4.7112,-0.00885,least_squares,False,False,iterating
GLOBAL_LS,least_squares,,,0,15,21.2116,472.206,39.3505,-10.9600,,,0.008781,,4.1367,-0.08331,4.7114,-0.00855,least_squares,False,False,iterating
GLOBAL_LS,least_squares,,,0,16,21.2116,472.206,39.3505,-10.9600,,,0.008781,,4.1367,-0.08331,4.7114,-0.00855,least_squares,False,False,iterating
GLOBAL_LS,least_squares,,,0,17,21.2116,472.206,39.3505,-10.9600,,,0.008781,,4.1367,-0.08331,4.7114,-0.00855,least_squares,False,False,iterating
GLOBAL_LS,least_squares,,,0,18,21.2053,475.051,39.5875,-11.0996,,,0.008778,,4.1362,-0.08377,4.7115,-0.00850,least_squares,False,False,iterating
GLOBAL_LS,least_squares,,,0,19,21.2053,475.051,39.5875,-11.0996,,,0.008778,,4.1362,-0.08377,4.7115,-0.00850,least_squares,False,False,iterating
GLOBAL_LS,least_squares,,,0,20,21.2053,475.051,39.5875,-11.0996,,,0.008778,,4.1362,-0.08377,4.7115,-0.00850,least_squares,False,False,iterating
GLOBAL_LS,least_squares,,,0,21,21.2046,475.239,39.6032,-11.1092,,,0.008778,,4.1362,-0.08380,4.7115,-0.00849,least_squares,False,False,iterating
GLOBAL_LS,least_squares,,,0,22,21.2046,475.239,39.6032,-11.1092,,,0.008778,,4.1362,-0.08380,4.7115,-0.00849,least_squares,False,False,iterating
GLOBAL_LS,least_squares,,,0,23,21.2046,475.239,39.6032,-11.1092,,,0.008778,,4.1362,-0.08380,4.7115,-0.00849,least_squares,False,False,iterating
GLOBAL_LS,least_squares,,,0,24,21.2045,475.259,39.6049,-11.1104,,,0.008778,,4.1362,-0.08380,4.7115,-0.00849,least_squares,False,False,iterating
GLOBAL_LS,least_squares,,,0,25,21.2045,475.259,39.6049,-11.1104,,,0.008778,,4.1362,-0.08380,4.7115,-0.00849,least_squares,False,False,iterating
GLOBAL_LS,least_squares,,,0,26,21.2045,475.259,39.6049,-11.1104,,,0.008778,,4.1362,-0.08380,4.7115,-0.00849,least_squares,False,False,iterating
GLOBAL_LS,least_squares,,,0,27,21.2045,475.258,39.6049,-11.1104,,,0.008778,,4.1362,-0.08380,4.7115,-0.00849,least_squares,False,False,iterating
GLOBAL_LS,least_squares,,,0,28,21.2045,475.259,39.6049,-11.1104,,,0.008778,,4.1362,-0.08380,4.7115,-0.00849,least_squares,False,False,iterating
GLOBAL_LS,least_squares,,,0,29,21.2045,475.259,39.6049,-11.1104,,,0.008778,,4.1362,-0.08380,4.7115,-0.00849,least_squares,False,False,iterating
GLOBAL_LS,least_squares,,,0,30,21.2045,475.259,39.6049,-11.1104,,,0.008778,,4.1362,-0.08380,4.7115,-0.00849,least_squares,False,False,iterating
