member,y_in,y_fraction,rise_mm,k_transverse,r_transverse_ft,k_longitudinal,r_longitudinal_ft,gaussian_curvature,classification
floor,0.5000,0.0250,1.177,-0.000268,310.88,0.003362,24.79,-9.021646e-07,NEGATIVE_CURVATURE
floor,0.7500,0.0375,1.523,-0.000419,198.66,0.002792,29.85,-1.172199e-06,NEGATIVE_CURVATURE
floor,1.0000,0.0500,1.638,-0.000587,141.99,0.002270,36.70,-1.333884e-06,NEGATIVE_CURVATURE
floor,1.2500,0.0625,1.619,-0.000763,109.16,0.001800,46.31,-1.375289e-06,NEGATIVE_CURVATURE
floor,1.5000,0.0750,1.512,-0.000937,88.97,0.001371,60.76,-1.285694e-06,NEGATIVE_CURVATURE
floor,1.7500,0.0875,1.358,-0.001092,76.30,0.000972,85.70,-1.062656e-06,NEGATIVE_CURVATURE
floor,2.0000,0.1001,1.203,-0.001217,68.45,0.000587,141.97,-7.145742e-07,NEGATIVE_CURVATURE
floor,2.2500,0.1126,1.078,-0.001303,63.98,0.000201,414.11,-2.621109e-07,NEGATIVE_CURVATURE
floor,2.5000,0.1251,1.017,-0.001343,62.07,-0.000195,427.08,2.611589e-07,NEGATIVE_CURVATURE
floor,2.7500,0.1376,0.969,-0.001337,62.33,-0.000608,137.10,8.101942e-07,NEGATIVE_CURVATURE
floor,3.0000,0.1501,0.904,-0.001288,64.68,-0.001038,80.27,1.332927e-06,NEGATIVE_CURVATURE
floor,3.2500,0.1626,0.814,-0.001203,69.30,-0.001484,56.17,1.777155e-06,NEGATIVE_CURVATURE
floor,3.5000,0.1751,0.713,-0.001087,76.66,-0.001938,42.99,2.098242e-06,NEGATIVE_CURVATURE
floor,3.7500,0.1876,0.611,-0.000950,87.69,-0.002395,34.79,2.265780e-06,NEGATIVE_CURVATURE
floor,4.0000,0.2001,0.510,-0.000801,104.05,-0.002845,29.29,2.267799e-06,NEGATIVE_CURVATURE
floor,4.2500,0.2126,0.415,-0.000647,128.74,-0.003278,25.42,2.111938e-06,NEGATIVE_CURVATURE
floor,4.5000,0.2251,0.344,-0.000497,167.67,-0.003687,22.60,1.823671e-06,NEGATIVE_CURVATURE
floor,4.7500,0.2376,0.296,-0.000357,233.62,-0.004063,20.51,1.442238e-06,NEGATIVE_CURVATURE
floor,5.0000,0.2501,0.255,-0.000232,359.35,-0.004399,18.94,1.015137e-06,NEGATIVE_CURVATURE
floor,5.2500,0.2626,0.216,-0.000127,656.66,-0.004690,17.77,5.921021e-07,NEGATIVE_CURVATURE
floor,5.5000,0.2751,0.182,-0.000045,1861.16,-0.004931,16.90,2.193878e-07,NEGATIVE_CURVATURE
floor,5.7500,0.2876,0.151,0.000013,INF,-0.005121,16.27,-6.500534e-08,NEAR_FLAT
floor,6.0000,0.3002,0.133,0.000045,1863.50,-0.005258,15.85,-2.347107e-07,POSITIVE_CURVATURE
floor,6.2500,0.3127,0.129,0.000052,1605.88,-0.005344,15.59,-2.767525e-07,POSITIVE_CURVATURE
floor,6.5000,0.3252,0.142,0.000036,INF,-0.005380,15.49,-1.916423e-07,NEAR_FLAT
floor,6.7500,0.3377,0.168,-0.000002,INF,-0.005371,15.52,8.033104e-09,NEAR_FLAT
floor,7.0000,0.3502,0.202,-0.000057,1470.28,-0.005320,15.66,3.002161e-07,NEGATIVE_CURVATURE
floor,7.2500,0.3627,0.244,-0.000126,661.98,-0.005235,15.92,6.567389e-07,NEGATIVE_CURVATURE
floor,7.5000,0.3752,0.290,-0.000205,406.40,-0.005121,16.27,1.046942e-06,NEGATIVE_CURVATURE
floor,7.7500,0.3877,0.340,-0.000290,287.52,-0.004985,16.72,1.441059e-06,NEGATIVE_CURVATURE
floor,8.0000,0.4002,0.389,-0.000376,221.70,-0.004834,17.24,1.812970e-06,NEGATIVE_CURVATURE
floor,8.2500,0.4127,0.436,-0.000459,181.53,-0.004676,17.82,2.142042e-06,NEGATIVE_CURVATURE
floor,8.5000,0.4252,0.477,-0.000536,155.60,-0.004515,18.46,2.413981e-06,NEGATIVE_CURVATURE
floor,8.7500,0.4377,0.507,-0.000602,138.39,-0.004359,19.12,2.620748e-06,NEGATIVE_CURVATURE
floor,9.0000,0.4502,0.520,-0.000656,127.00,-0.004212,19.79,2.759750e-06,NEGATIVE_CURVATURE
floor,9.2500,0.4627,0.522,-0.000696,119.80,-0.004077,20.44,2.832572e-06,NEGATIVE_CURVATURE
floor,9.5000,0.4752,0.517,-0.000719,115.88,-0.003959,21.05,2.843551e-06,NEGATIVE_CURVATURE
floor,9.7500,0.4877,0.506,-0.000726,114.75,-0.003858,21.60,2.798432e-06,NEGATIVE_CURVATURE
floor,10.0000,0.5003,0.494,-0.000717,116.27,-0.003776,22.07,2.703292e-06,NEGATIVE_CURVATURE
floor,10.2500,0.5128,0.467,-0.000691,120.54,-0.003713,22.45,2.563825e-06,NEGATIVE_CURVATURE
floor,10.5000,0.5253,0.442,-0.000651,128.00,-0.003668,22.72,2.385005e-06,NEGATIVE_CURVATURE
floor,10.7500,0.5378,0.414,-0.000597,139.51,-0.003640,22.90,2.171079e-06,NEGATIVE_CURVATURE
floor,11.0000,0.5503,0.379,-0.000532,156.68,-0.003626,22.98,1.925800e-06,NEGATIVE_CURVATURE
floor,11.2500,0.5628,0.338,-0.000457,182.48,-0.003625,22.99,1.652812e-06,NEGATIVE_CURVATURE
floor,11.5000,0.5753,0.284,-0.000374,222.89,-0.003634,22.93,1.356072e-06,NEGATIVE_CURVATURE
floor,11.7500,0.5878,0.215,-0.000286,291.68,-0.003650,22.83,1.040236e-06,NEGATIVE_CURVATURE
floor,12.0000,0.6003,0.136,-0.000194,428.68,-0.003669,22.71,7.109299e-07,NEGATIVE_CURVATURE
floor,12.2500,0.6128,0.052,-0.000102,815.46,-0.003689,22.59,3.748796e-07,NEGATIVE_CURVATURE
floor,12.5000,0.6253,-0.026,-0.000011,INF,-0.003706,22.49,3.985557e-08,NEAR_FLAT
floor,12.7500,0.6378,-0.100,0.000076,1090.29,-0.003717,22.42,-2.855481e-07,POSITIVE_CURVATURE
floor,13.0000,0.6503,-0.165,0.000159,524.29,-0.003720,22.40,-5.922919e-07,POSITIVE_CURVATURE
floor,13.2500,0.6628,-0.214,0.000235,355.18,-0.003711,22.45,-8.713893e-07,POSITIVE_CURVATURE
floor,13.5000,0.6753,-0.248,0.000302,275.91,-0.003689,22.59,-1.114477e-06,POSITIVE_CURVATURE
floor,13.7500,0.6878,-0.270,0.000360,231.49,-0.003651,22.82,-1.314404e-06,POSITIVE_CURVATURE
floor,14.0000,0.7004,-0.293,0.000408,204.43,-0.003597,23.17,-1.465772e-06,POSITIVE_CURVATURE
floor,14.2500,0.7129,-0.317,0.000444,187.52,-0.003524,23.65,-1.565383e-06,POSITIVE_CURVATURE
floor,14.5000,0.7254,-0.339,0.000470,177.29,-0.003432,24.28,-1.612534e-06,POSITIVE_CURVATURE
floor,14.7500,0.7379,-0.355,0.000485,171.92,-0.003321,25.09,-1.609116e-06,POSITIVE_CURVATURE
floor,15.0000,0.7504,-0.364,0.000489,170.45,-0.003191,26.11,-1.559514e-06,POSITIVE_CURVATURE
floor,15.2500,0.7629,-0.365,0.000483,172.41,-0.003043,27.39,-1.470282e-06,POSITIVE_CURVATURE
floor,15.5000,0.7754,-0.355,0.000469,177.62,-0.002878,28.96,-1.349639e-06,POSITIVE_CURVATURE
floor,15.7500,0.7879,-0.331,0.000448,186.13,-0.002696,30.91,-1.206807e-06,POSITIVE_CURVATURE
floor,16.0000,0.8004,-0.289,0.000421,198.17,-0.002500,33.33,-1.051266e-06,POSITIVE_CURVATURE
floor,16.2500,0.8129,-0.232,0.000389,214.07,-0.002292,36.36,-8.919985e-07,POSITIVE_CURVATURE
floor,16.5000,0.8254,-0.165,0.000356,234.31,-0.002072,40.22,-7.368152e-07,POSITIVE_CURVATURE
floor,16.7500,0.8379,-0.091,0.000321,259.39,-0.001842,45.24,-5.918293e-07,POSITIVE_CURVATURE
floor,17.0000,0.8504,-0.012,0.000287,289.87,-0.001604,51.96,-4.611605e-07,POSITIVE_CURVATURE
floor,17.2500,0.8629,0.069,0.000255,326.31,-0.001358,61.37,-3.469069e-07,POSITIVE_CURVATURE
floor,17.5000,0.8754,0.150,0.000226,369.40,-0.001105,75.43,-2.493926e-07,POSITIVE_CURVATURE
floor,17.7500,0.8879,0.228,0.000198,420.26,-0.000845,98.66,-1.676638e-07,POSITIVE_CURVATURE
floor,18.0000,0.9005,0.302,0.000173,481.18,-0.000577,144.38,-1.001570e-07,POSITIVE_CURVATURE
floor,18.2500,0.9130,0.368,0.000150,557.01,-0.000302,275.87,-4.541418e-08,POSITIVE_CURVATURE
floor,18.5000,0.9255,0.422,0.000127,657.65,-0.000019,INF,-2.675407e-09,POSITIVE_CURVATURE
floor,18.7500,0.9380,0.464,0.000104,803.42,0.000271,307.11,2.785513e-08,POSITIVE_CURVATURE
floor,19.0000,0.9505,0.495,0.000080,1038.60,0.000568,146.69,4.525870e-08,POSITIVE_CURVATURE
floor,19.2500,0.9630,0.512,0.000057,1474.44,0.000869,95.93,4.875967e-08,POSITIVE_CURVATURE
q25,0.5000,0.0250,1.286,-0.000609,136.73,0.003252,25.63,-1.989303e-06,NEGATIVE_CURVATURE
q25,0.7500,0.0375,1.687,-0.000890,93.65,0.002629,31.70,-2.346304e-06,NEGATIVE_CURVATURE
q25,1.0000,0.0500,1.857,-0.001178,70.73,0.002056,40.52,-2.429997e-06,NEGATIVE_CURVATURE
q25,1.2500,0.0625,1.891,-0.001470,56.67,0.001534,54.31,-2.263783e-06,NEGATIVE_CURVATURE
q25,1.5000,0.0750,1.838,-0.001755,47.49,0.001056,78.94,-1.860076e-06,NEGATIVE_CURVATURE
q25,1.7500,0.0875,1.737,-0.002020,41.26,0.000606,137.45,-1.231956e-06,NEGATIVE_CURVATURE
q25,2.0000,0.1001,1.634,-0.002253,36.99,0.000171,487.35,-3.926311e-07,NEGATIVE_CURVATURE
q25,2.2500,0.1126,1.561,-0.002445,34.08,-0.000264,315.85,6.368964e-07,NEGATIVE_CURVATURE
q25,2.5000,0.1251,1.551,-0.002599,32.06,-0.000708,117.65,1.831388e-06,NEGATIVE_CURVATURE
q25,2.7500,0.1376,1.554,-0.002700,30.86,-0.001169,71.30,3.142888e-06,NEGATIVE_CURVATURE
q25,3.0000,0.1501,1.537,-0.002764,30.15,-0.001646,50.63,4.532615e-06,NEGATIVE_CURVATURE
q25,3.2500,0.1626,1.496,-0.002788,29.89,-0.002137,38.99,5.937450e-06,NEGATIVE_CURVATURE
q25,3.5000,0.1751,1.442,-0.002788,29.89,-0.002637,31.60,7.326829e-06,NEGATIVE_CURVATURE
q25,3.7500,0.1876,1.387,-0.002768,30.10,-0.003138,26.56,8.656657e-06,NEGATIVE_CURVATURE
q25,4.0000,0.2001,1.330,-0.002740,30.42,-0.003630,22.96,9.913120e-06,NEGATIVE_CURVATURE
q25,4.2500,0.2126,1.279,-0.002716,30.68,-0.004105,20.30,1.111429e-05,NEGATIVE_CURVATURE
q25,4.5000,0.2251,1.250,-0.002696,30.92,-0.004555,18.30,1.223887e-05,NEGATIVE_CURVATURE
q25,4.7500,0.2376,1.243,-0.002694,30.93,-0.004970,16.77,1.334668e-05,NEGATIVE_CURVATURE
q25,5.0000,0.2501,1.241,-0.002701,30.85,-0.005344,15.59,1.439356e-05,NEGATIVE_CURVATURE
q25,5.2500,0.2626,1.240,-0.002729,30.54,-0.005672,14.69,1.543199e-05,NEGATIVE_CURVATURE
q25,5.5000,0.2751,1.243,-0.002778,30.00,-0.005949,14.01,1.648002e-05,NEGATIVE_CURVATURE
q25,5.7500,0.2876,1.247,-0.002862,29.12,-0.006172,13.50,1.761534e-05,NEGATIVE_CURVATURE
q25,6.0000,0.3002,1.262,-0.002954,28.21,-0.006341,13.14,1.868481e-05,NEGATIVE_CURVATURE
q25,6.2500,0.3127,1.289,-0.003060,27.24,-0.006457,12.91,1.970643e-05,NEGATIVE_CURVATURE
q25,6.5000,0.3252,1.331,-0.003167,26.31,-0.006522,12.78,2.060593e-05,NEGATIVE_CURVATURE
q25,6.7500,0.3377,1.385,-0.003273,25.46,-0.006540,12.74,2.135509e-05,NEGATIVE_CURVATURE
q25,7.0000,0.3502,1.445,-0.003379,24.67,-0.006515,12.79,2.196527e-05,NEGATIVE_CURVATURE
q25,7.2500,0.3627,1.510,-0.003474,23.99,-0.006454,12.91,2.237923e-05,NEGATIVE_CURVATURE
q25,7.5000,0.3752,1.579,-0.003556,23.44,-0.006362,13.10,2.258063e-05,NEGATIVE_CURVATURE
q25,7.7500,0.3877,1.648,-0.003646,22.86,-0.006246,13.34,2.273272e-05,NEGATIVE_CURVATURE
q25,8.0000,0.4002,1.716,-0.003697,22.54,-0.006114,13.63,2.256374e-05,NEGATIVE_CURVATURE
q25,8.2500,0.4127,1.779,-0.003748,22.23,-0.005971,13.96,2.234464e-05,NEGATIVE_CURVATURE
q25,8.5000,0.4252,1.833,-0.003761,22.16,-0.005825,14.31,2.187591e-05,NEGATIVE_CURVATURE
q25,8.7500,0.4377,1.875,-0.003751,22.22,-0.005682,14.67,2.127990e-05,NEGATIVE_CURVATURE
q25,9.0000,0.4502,1.897,-0.003721,22.40,-0.005544,15.03,2.059889e-05,NEGATIVE_CURVATURE
q25,9.2500,0.4627,1.908,-0.003665,22.74,-0.005418,15.38,1.983171e-05,NEGATIVE_CURVATURE
q25,9.5000,0.4752,1.907,-0.003587,23.23,-0.005305,15.71,1.900448e-05,NEGATIVE_CURVATURE
q25,9.7500,0.4877,1.900,-0.003494,23.85,-0.005208,16.00,1.817325e-05,NEGATIVE_CURVATURE
q25,10.0000,0.5003,1.888,-0.003384,24.62,-0.005128,16.25,1.733093e-05,NEGATIVE_CURVATURE
q25,10.2500,0.5128,1.860,-0.003260,25.56,-0.005064,16.46,1.648766e-05,NEGATIVE_CURVATURE
q25,10.5000,0.5253,1.832,-0.003124,26.68,-0.005016,16.61,1.564950e-05,NEGATIVE_CURVATURE
q25,10.7500,0.5378,1.799,-0.002975,28.01,-0.004983,16.72,1.480545e-05,NEGATIVE_CURVATURE
q25,11.0000,0.5503,1.757,-0.002821,29.54,-0.004963,16.79,1.398368e-05,NEGATIVE_CURVATURE
q25,11.2500,0.5628,1.706,-0.002662,31.31,-0.004953,16.83,1.316626e-05,NEGATIVE_CURVATURE
q25,11.5000,0.5753,1.640,-0.002496,33.39,-0.004951,16.83,1.233975e-05,NEGATIVE_CURVATURE
q25,11.7500,0.5878,1.557,-0.002325,35.84,-0.004953,16.82,1.150208e-05,NEGATIVE_CURVATURE
q25,12.0000,0.6003,1.462,-0.002157,38.63,-0.004957,16.81,1.068165e-05,NEGATIVE_CURVATURE
q25,12.2500,0.6128,1.360,-0.001989,41.90,-0.004960,16.80,9.853663e-06,NEGATIVE_CURVATURE
q25,12.5000,0.6253,1.262,-0.001827,45.61,-0.004958,16.81,9.048336e-06,NEGATIVE_CURVATURE
q25,12.7500,0.6378,1.166,-0.001670,49.90,-0.004948,16.84,8.253124e-06,NEGATIVE_CURVATURE
q25,13.0000,0.6503,1.077,-0.001520,54.83,-0.004927,16.91,7.480445e-06,NEGATIVE_CURVATURE
q25,13.2500,0.6628,1.002,-0.001382,60.28,-0.004894,17.03,6.757973e-06,NEGATIVE_CURVATURE
q25,13.5000,0.6753,0.941,-0.001256,66.37,-0.004845,17.20,6.077463e-06,NEGATIVE_CURVATURE
q25,13.7500,0.6878,0.889,-0.001141,73.02,-0.004779,17.44,5.449274e-06,NEGATIVE_CURVATURE
q25,14.0000,0.7004,0.834,-0.001044,79.85,-0.004693,17.76,4.894545e-06,NEGATIVE_CURVATURE
q25,14.2500,0.7129,0.777,-0.000957,87.07,-0.004588,18.16,4.388235e-06,NEGATIVE_CURVATURE
q25,14.5000,0.7254,0.721,-0.000882,94.52,-0.004463,18.67,3.932155e-06,NEGATIVE_CURVATURE
q25,14.7500,0.7379,0.669,-0.000819,101.78,-0.004316,19.31,3.532471e-06,NEGATIVE_CURVATURE
q25,15.0000,0.7504,0.622,-0.000768,108.54,-0.004150,20.08,3.184670e-06,NEGATIVE_CURVATURE
q25,15.2500,0.7629,0.581,-0.000726,114.79,-0.003963,21.03,2.875989e-06,NEGATIVE_CURVATURE
q25,15.5000,0.7754,0.549,-0.000695,119.88,-0.003758,22.18,2.611231e-06,NEGATIVE_CURVATURE
q25,15.7500,0.7879,0.531,-0.000663,125.61,-0.003535,23.57,2.344752e-06,NEGATIVE_CURVATURE
q25,16.0000,0.8004,0.529,-0.000641,129.99,-0.003297,25.28,2.113037e-06,NEGATIVE_CURVATURE
q25,16.2500,0.8129,0.542,-0.000622,134.03,-0.003044,27.37,1.892380e-06,NEGATIVE_CURVATURE
q25,16.5000,0.8254,0.562,-0.000605,137.70,-0.002779,29.98,1.681665e-06,NEGATIVE_CURVATURE
q25,16.7500,0.8379,0.589,-0.000589,141.58,-0.002503,33.29,1.473240e-06,NEGATIVE_CURVATURE
q25,17.0000,0.8504,0.619,-0.000571,145.92,-0.002218,37.57,1.266447e-06,NEGATIVE_CURVATURE
q25,17.2500,0.8629,0.651,-0.000550,151.57,-0.001924,43.31,1.057684e-06,NEGATIVE_CURVATURE
q25,17.5000,0.8754,0.682,-0.000525,158.71,-0.001622,51.37,8.515220e-07,NEGATIVE_CURVATURE
q25,17.7500,0.8879,0.709,-0.000496,168.05,-0.001312,63.50,6.505394e-07,NEGATIVE_CURVATURE
q25,18.0000,0.9005,0.731,-0.000464,179.76,-0.000994,83.81,4.607578e-07,NEGATIVE_CURVATURE
q25,18.2500,0.9130,0.744,-0.000427,195.09,-0.000668,124.75,2.851514e-07,NEGATIVE_CURVATURE
q25,18.5000,0.9255,0.746,-0.000387,215.17,-0.000333,250.00,1.289175e-07,NEGATIVE_CURVATURE
q25,18.7500,0.9380,0.734,-0.000344,241.96,0.000009,INF,-3.410966e-09,NEGATIVE_CURVATURE
q25,19.0000,0.9505,0.711,-0.000299,278.91,0.000359,232.19,-1.074422e-07,NEGATIVE_CURVATURE
q25,19.2500,0.9630,0.674,-0.000248,336.69,0.000713,116.93,-1.766820e-07,NEGATIVE_CURVATURE
mid,0.5000,0.0250,1.310,-0.000683,122.09,0.003228,25.81,-2.213049e-06,NEGATIVE_CURVATURE
mid,0.7500,0.0375,1.722,-0.000991,84.13,0.002594,32.12,-2.578461e-06,NEGATIVE_CURVATURE
mid,1.0000,0.0500,1.903,-0.001305,63.86,0.002011,41.45,-2.632483e-06,NEGATIVE_CURVATURE
mid,1.2500,0.0625,1.950,-0.001622,51.38,0.001478,56.39,-2.406116e-06,NEGATIVE_CURVATURE
mid,1.5000,0.0750,1.908,-0.001930,43.18,0.000988,84.34,-1.916887e-06,NEGATIVE_CURVATURE
mid,1.7500,0.0875,1.818,-0.002218,37.57,0.000528,157.80,-1.181217e-06,NEGATIVE_CURVATURE
mid,2.0000,0.1001,1.727,-0.002475,33.67,0.000082,1014.63,-2.132815e-07,NEGATIVE_CURVATURE
mid,2.2500,0.1126,1.664,-0.002690,30.98,-0.000363,229.46,9.655609e-07,NEGATIVE_CURVATURE
mid,2.5000,0.1251,1.665,-0.002868,29.05,-0.000818,101.88,2.332937e-06,NEGATIVE_CURVATURE
mid,2.7500,0.1376,1.679,-0.002992,27.85,-0.001288,64.67,3.838402e-06,NEGATIVE_CURVATURE
mid,3.0000,0.1501,1.673,-0.003080,27.06,-0.001776,46.93,5.447736e-06,NEGATIVE_CURVATURE
mid,3.2500,0.1626,1.642,-0.003127,26.65,-0.002277,36.60,7.094138e-06,NEGATIVE_CURVATURE
mid,3.5000,0.1751,1.598,-0.003152,26.44,-0.002786,29.91,8.751385e-06,NEGATIVE_CURVATURE
mid,3.7500,0.1876,1.552,-0.003158,26.39,-0.003296,25.28,1.037177e-05,NEGATIVE_CURVATURE
mid,4.0000,0.2001,1.506,-0.003155,26.41,-0.003798,21.94,1.194139e-05,NEGATIVE_CURVATURE
mid,4.2500,0.2126,1.464,-0.003159,26.38,-0.004282,19.46,1.348166e-05,NEGATIVE_CURVATURE
mid,4.5000,0.2251,1.444,-0.003166,26.32,-0.004740,17.58,1.495947e-05,NEGATIVE_CURVATURE
mid,4.7500,0.2376,1.445,-0.003194,26.09,-0.005163,16.14,1.644084e-05,NEGATIVE_CURVATURE
mid,5.0000,0.2501,1.452,-0.003230,25.80,-0.005546,15.03,1.785882e-05,NEGATIVE_CURVATURE
mid,5.2500,0.2626,1.460,-0.003286,25.36,-0.005882,14.17,1.926764e-05,NEGATIVE_CURVATURE
mid,5.5000,0.2751,1.470,-0.003363,24.78,-0.006166,13.51,2.067837e-05,NEGATIVE_CURVATURE
mid,5.7500,0.2876,1.482,-0.003477,23.96,-0.006396,13.03,2.217971e-05,NEGATIVE_CURVATURE
mid,6.0000,0.3002,1.503,-0.003597,23.17,-0.006572,12.68,2.357351e-05,NEGATIVE_CURVATURE
mid,6.2500,0.3127,1.537,-0.003726,22.37,-0.006695,12.45,2.487941e-05,NEGATIVE_CURVATURE
mid,6.5000,0.3252,1.586,-0.003853,21.63,-0.006766,12.32,2.600414e-05,NEGATIVE_CURVATURE
mid,6.7500,0.3377,1.645,-0.003973,20.97,-0.006790,12.27,2.691503e-05,NEGATIVE_CURVATURE
mid,7.0000,0.3502,1.711,-0.004090,20.38,-0.006771,12.31,2.763114e-05,NEGATIVE_CURVATURE
mid,7.2500,0.3627,1.782,-0.004191,19.88,-0.006715,12.41,2.808725e-05,NEGATIVE_CURVATURE
mid,7.5000,0.3752,1.855,-0.004273,19.50,-0.006628,12.57,2.826867e-05,NEGATIVE_CURVATURE
mid,7.7500,0.3877,1.929,-0.004365,19.09,-0.006516,12.79,2.838811e-05,NEGATIVE_CURVATURE
mid,8.0000,0.4002,2.000,-0.004408,18.91,-0.006388,13.05,2.810787e-05,NEGATIVE_CURVATURE
mid,8.2500,0.4127,2.066,-0.004452,18.72,-0.006248,13.34,2.777462e-05,NEGATIVE_CURVATURE
mid,8.5000,0.4252,2.123,-0.004452,18.72,-0.006105,13.65,2.713805e-05,NEGATIVE_CURVATURE
mid,8.7500,0.4377,2.168,-0.004425,18.83,-0.005965,13.97,2.635460e-05,NEGATIVE_CURVATURE
mid,9.0000,0.4502,2.192,-0.004377,19.04,-0.005829,14.30,2.547720e-05,NEGATIVE_CURVATURE
mid,9.2500,0.4627,2.204,-0.004301,19.37,-0.005705,14.61,2.450386e-05,NEGATIVE_CURVATURE
mid,9.5000,0.4752,2.205,-0.004201,19.84,-0.005594,14.90,2.346644e-05,NEGATIVE_CURVATURE
mid,9.7500,0.4877,2.198,-0.004086,20.39,-0.005497,15.16,2.243482e-05,NEGATIVE_CURVATURE
mid,10.0000,0.5003,2.187,-0.003955,21.07,-0.005417,15.38,2.139863e-05,NEGATIVE_CURVATURE
mid,10.2500,0.5128,2.159,-0.003810,21.87,-0.005353,15.57,2.036980e-05,NEGATIVE_CURVATURE
mid,10.5000,0.5253,2.130,-0.003653,22.81,-0.005305,15.71,1.935520e-05,NEGATIVE_CURVATURE
mid,10.7500,0.5378,2.096,-0.003484,23.92,-0.005271,15.81,1.834015e-05,NEGATIVE_CURVATURE
mid,11.0000,0.5503,2.052,-0.003311,25.17,-0.005249,15.88,1.736014e-05,NEGATIVE_CURVATURE
mid,11.2500,0.5628,1.999,-0.003134,26.59,-0.005237,15.91,1.639168e-05,NEGATIVE_CURVATURE
mid,11.5000,0.5753,1.930,-0.002950,28.25,-0.005233,15.93,1.541704e-05,NEGATIVE_CURVATURE
mid,11.7500,0.5878,1.844,-0.002762,30.18,-0.005232,15.93,1.443260e-05,NEGATIVE_CURVATURE
mid,12.0000,0.6003,1.746,-0.002578,32.33,-0.005233,15.92,1.347349e-05,NEGATIVE_CURVATURE
mid,12.2500,0.6128,1.640,-0.002393,34.82,-0.005232,15.93,1.250634e-05,NEGATIVE_CURVATURE
mid,12.5000,0.6253,1.538,-0.002216,37.60,-0.005226,15.95,1.156790e-05,NEGATIVE_CURVATURE
mid,12.7500,0.6378,1.437,-0.002044,40.77,-0.005211,15.99,1.063990e-05,NEGATIVE_CURVATURE
mid,13.0000,0.6503,1.343,-0.001879,44.35,-0.005186,16.07,9.735862e-06,NEGATIVE_CURVATURE
mid,13.2500,0.6628,1.263,-0.001729,48.21,-0.005147,16.19,8.888602e-06,NEGATIVE_CURVATURE
mid,13.5000,0.6753,1.195,-0.001589,52.44,-0.005092,16.36,8.085384e-06,NEGATIVE_CURVATURE
mid,13.7500,0.6878,1.137,-0.001463,56.97,-0.005020,16.60,7.337455e-06,NEGATIVE_CURVATURE
mid,14.0000,0.7004,1.076,-0.001354,61.53,-0.004928,16.91,6.670182e-06,NEGATIVE_CURVATURE
mid,14.2500,0.7129,1.012,-0.001257,66.29,-0.004816,17.30,6.050850e-06,NEGATIVE_CURVATURE
mid,14.5000,0.7254,0.948,-0.001171,71.16,-0.004683,17.79,5.481602e-06,NEGATIVE_CURVATURE
mid,14.7500,0.7379,0.888,-0.001098,75.90,-0.004530,18.40,4.970712e-06,NEGATIVE_CURVATURE
mid,15.0000,0.7504,0.833,-0.001037,80.37,-0.004355,19.14,4.513620e-06,NEGATIVE_CURVATURE
mid,15.2500,0.7629,0.783,-0.000985,84.61,-0.004160,20.03,4.095800e-06,NEGATIVE_CURVATURE
mid,15.5000,0.7754,0.743,-0.000944,88.24,-0.003946,21.12,3.725619e-06,NEGATIVE_CURVATURE
mid,15.7500,0.7879,0.716,-0.000901,92.45,-0.003715,22.43,3.347467e-06,NEGATIVE_CURVATURE
mid,16.0000,0.8004,0.704,-0.000868,95.96,-0.003467,24.03,3.010308e-06,NEGATIVE_CURVATURE
mid,16.2500,0.8129,0.707,-0.000838,99.42,-0.003205,26.00,2.686291e-06,NEGATIVE_CURVATURE
mid,16.5000,0.8254,0.718,-0.000811,102.77,-0.002931,28.43,2.376168e-06,NEGATIVE_CURVATURE
mid,16.7500,0.8379,0.734,-0.000783,106.37,-0.002645,31.50,2.071775e-06,NEGATIVE_CURVATURE
mid,17.0000,0.8504,0.754,-0.000755,110.39,-0.002350,35.47,1.773368e-06,NEGATIVE_CURVATURE
mid,17.2500,0.8629,0.775,-0.000722,115.39,-0.002045,40.74,1.476843e-06,NEGATIVE_CURVATURE
mid,17.5000,0.8754,0.796,-0.000686,121.52,-0.001733,48.09,1.188069e-06,NEGATIVE_CURVATURE
mid,17.7500,0.8879,0.812,-0.000645,129.30,-0.001412,59.00,9.099677e-07,NEGATIVE_CURVATURE
mid,18.0000,0.9005,0.823,-0.000600,138.91,-0.001084,76.90,6.497407e-07,NEGATIVE_CURVATURE
mid,18.2500,0.9130,0.825,-0.000551,151.34,-0.000746,111.65,4.106130e-07,NEGATIVE_CURVATURE
mid,18.5000,0.9255,0.815,-0.000497,167.56,-0.000401,208.00,1.988754e-07,NEGATIVE_CURVATURE
mid,18.7500,0.9380,0.792,-0.000440,189.24,-0.000047,1782.56,2.018381e-08,NEGATIVE_CURVATURE
mid,19.0000,0.9505,0.757,-0.000380,219.34,0.000314,265.32,-1.197943e-07,NEGATIVE_CURVATURE
mid,19.2500,0.9630,0.709,-0.000313,266.58,0.000679,122.69,-2.129487e-07,NEGATIVE_CURVATURE
q75,0.5000,0.0250,1.333,-0.000756,110.29,0.003205,26.00,-2.433443e-06,NEGATIVE_CURVATURE
q75,0.7500,0.0375,1.757,-0.001091,76.37,0.002560,32.56,-2.803676e-06,NEGATIVE_CURVATURE
q75,1.0000,0.0500,1.950,-0.001431,58.22,0.001965,42.41,-2.823499e-06,NEGATIVE_CURVATURE
q75,1.2500,0.0625,2.008,-0.001773,47.00,0.001421,58.64,-2.531521e-06,NEGATIVE_CURVATURE
q75,1.5000,0.0750,1.978,-0.002105,39.59,0.000921,90.51,-1.950429e-06,NEGATIVE_CURVATURE
q75,1.7500,0.0875,1.899,-0.002417,34.48,0.000450,185.19,-1.099992e-06,NEGATIVE_CURVATURE
q75,2.0000,0.1001,1.819,-0.002696,30.91,-0.000007,INF,4.673393e-09,NEGATIVE_CURVATURE
q75,2.2500,0.1126,1.768,-0.002934,28.40,-0.000462,180.24,1.341751e-06,NEGATIVE_CURVATURE
q75,2.5000,0.1251,1.779,-0.003137,26.56,-0.000927,89.86,2.892113e-06,NEGATIVE_CURVATURE
q75,2.7500,0.1376,1.804,-0.003283,25.38,-0.001408,59.18,4.602170e-06,NEGATIVE_CURVATURE
q75,3.0000,0.1501,1.809,-0.003395,24.54,-0.001905,43.74,6.442867e-06,NEGATIVE_CURVATURE
q75,3.2500,0.1626,1.788,-0.003466,24.04,-0.002416,34.49,8.343250e-06,NEGATIVE_CURVATURE
q75,3.5000,0.1751,1.754,-0.003516,23.70,-0.002935,28.39,1.028191e-05,NEGATIVE_CURVATURE
q75,3.7500,0.1876,1.718,-0.003547,23.50,-0.003454,24.12,1.220727e-05,NEGATIVE_CURVATURE
q75,4.0000,0.2001,1.681,-0.003570,23.34,-0.003965,21.01,1.410548e-05,NEGATIVE_CURVATURE
q75,4.2500,0.2126,1.648,-0.003601,23.14,-0.004459,18.69,1.600164e-05,NEGATIVE_CURVATURE
q75,4.5000,0.2251,1.638,-0.003637,22.91,-0.004925,16.92,1.785024e-05,NEGATIVE_CURVATURE
q75,4.7500,0.2376,1.648,-0.003694,22.56,-0.005357,15.56,1.972414e-05,NEGATIVE_CURVATURE
q75,5.0000,0.2501,1.663,-0.003759,22.17,-0.005747,14.50,2.153246e-05,NEGATIVE_CURVATURE
q75,5.2500,0.2626,1.679,-0.003842,21.69,-0.006091,13.68,2.333164e-05,NEGATIVE_CURVATURE
q75,5.5000,0.2751,1.697,-0.003948,21.11,-0.006383,13.05,2.512540e-05,NEGATIVE_CURVATURE
q75,5.7500,0.2876,1.716,-0.004093,20.36,-0.006620,12.59,2.701435e-05,NEGATIVE_CURVATURE
q75,6.0000,0.3002,1.745,-0.004238,19.66,-0.006803,12.25,2.875302e-05,NEGATIVE_CURVATURE
q75,6.2500,0.3127,1.785,-0.004392,18.98,-0.006932,12.02,3.036293e-05,NEGATIVE_CURVATURE
q75,6.5000,0.3252,1.840,-0.004538,18.36,-0.007010,11.89,3.173066e-05,NEGATIVE_CURVATURE
q75,6.7500,0.3377,1.906,-0.004673,17.83,-0.007040,11.84,3.281875e-05,NEGATIVE_CURVATURE
q75,7.0000,0.3502,1.977,-0.004801,17.36,-0.007026,11.86,3.365407e-05,NEGATIVE_CURVATURE
q75,7.2500,0.3627,2.053,-0.004908,16.98,-0.006976,11.95,3.416286e-05,NEGATIVE_CURVATURE
q75,7.5000,0.3752,2.131,-0.004990,16.70,-0.006893,12.09,3.433160e-05,NEGATIVE_CURVATURE
q75,7.7500,0.3877,2.209,-0.005083,16.40,-0.006786,12.28,3.442521e-05,NEGATIVE_CURVATURE
q75,8.0000,0.4002,2.284,-0.005118,16.28,-0.006661,12.51,3.403546e-05,NEGATIVE_CURVATURE
q75,8.2500,0.4127,2.353,-0.005156,16.16,-0.006525,12.77,3.358934e-05,NEGATIVE_CURVATURE
q75,8.5000,0.4252,2.414,-0.005142,16.21,-0.006385,13.05,3.278186e-05,NEGATIVE_CURVATURE
q75,8.7500,0.4377,2.461,-0.005099,16.34,-0.006247,13.34,3.180566e-05,NEGATIVE_CURVATURE
q75,9.0000,0.4502,2.487,-0.005032,16.56,-0.006114,13.63,3.072475e-05,NEGATIVE_CURVATURE
q75,9.2500,0.4627,2.500,-0.004937,16.88,-0.005991,13.91,2.953619e-05,NEGATIVE_CURVATURE
q75,9.5000,0.4752,2.502,-0.004814,17.31,-0.005882,14.17,2.827795e-05,NEGATIVE_CURVATURE
q75,9.7500,0.4877,2.496,-0.004679,17.81,-0.005786,14.40,2.703482e-05,NEGATIVE_CURVATURE
q75,10.0000,0.5003,2.485,-0.004526,18.41,-0.005706,14.60,2.579300e-05,NEGATIVE_CURVATURE
q75,10.2500,0.5128,2.457,-0.004360,19.11,-0.005642,14.77,2.456648e-05,NEGATIVE_CURVATURE
q75,10.5000,0.5253,2.428,-0.004182,19.93,-0.005593,14.90,2.336319e-05,NEGATIVE_CURVATURE
q75,10.7500,0.5378,2.392,-0.003992,20.87,-0.005559,14.99,2.216455e-05,NEGATIVE_CURVATURE
q75,11.0000,0.5503,2.346,-0.003801,21.92,-0.005535,15.06,2.101418e-05,NEGATIVE_CURVATURE
q75,11.2500,0.5628,2.292,-0.003605,23.11,-0.005521,15.09,1.988265e-05,NEGATIVE_CURVATURE
q75,11.5000,0.5753,2.220,-0.003404,24.48,-0.005514,15.11,1.874777e-05,NEGATIVE_CURVATURE
q75,11.7500,0.5878,2.131,-0.003198,26.06,-0.005511,15.12,1.760434e-05,NEGATIVE_CURVATURE
q75,12.0000,0.6003,2.030,-0.002998,27.80,-0.005509,15.13,1.649483e-05,NEGATIVE_CURVATURE
q75,12.2500,0.6128,1.920,-0.002797,29.80,-0.005504,15.14,1.537670e-05,NEGATIVE_CURVATURE
q75,12.5000,0.6253,1.813,-0.002605,31.99,-0.005494,15.17,1.429383e-05,NEGATIVE_CURVATURE
q75,12.7500,0.6378,1.708,-0.002418,34.47,-0.005475,15.22,1.322180e-05,NEGATIVE_CURVATURE
q75,13.0000,0.6503,1.609,-0.002238,37.23,-0.005445,15.31,1.217535e-05,NEGATIVE_CURVATURE
q75,13.2500,0.6628,1.523,-0.002074,40.17,-0.005400,15.43,1.119287e-05,NEGATIVE_CURVATURE
q75,13.5000,0.6753,1.450,-0.001922,43.35,-0.005340,15.61,1.025680e-05,NEGATIVE_CURVATURE
q75,13.7500,0.6878,1.385,-0.001784,46.71,-0.005261,15.84,9.379327e-06,NEGATIVE_CURVATURE
q75,14.0000,0.7004,1.317,-0.001665,50.05,-0.005163,16.14,8.590362e-06,NEGATIVE_CURVATURE
q75,14.2500,0.7129,1.246,-0.001557,53.52,-0.005044,16.52,7.848943e-06,NEGATIVE_CURVATURE
q75,14.5000,0.7254,1.175,-0.001460,57.07,-0.004904,16.99,7.157581e-06,NEGATIVE_CURVATURE
q75,14.7500,0.7379,1.107,-0.001377,60.53,-0.004743,17.57,6.526786e-06,NEGATIVE_CURVATURE
q75,15.0000,0.7504,1.043,-0.001306,63.82,-0.004560,18.27,5.951950e-06,NEGATIVE_CURVATURE
q75,15.2500,0.7629,0.986,-0.001244,67.01,-0.004357,19.13,5.416631e-06,NEGATIVE_CURVATURE
q75,15.5000,0.7754,0.936,-0.001194,69.82,-0.004134,20.16,4.933029e-06,NEGATIVE_CURVATURE
q75,15.7500,0.7879,0.900,-0.001139,73.16,-0.003894,21.40,4.434814e-06,NEGATIVE_CURVATURE
q75,16.0000,0.8004,0.880,-0.001096,76.07,-0.003638,22.91,3.984348e-06,NEGATIVE_CURVATURE
q75,16.2500,0.8129,0.873,-0.001055,79.02,-0.003366,24.75,3.549290e-06,NEGATIVE_CURVATURE
q75,16.5000,0.8254,0.874,-0.001016,81.98,-0.003082,27.04,3.132407e-06,NEGATIVE_CURVATURE
q75,16.7500,0.8379,0.880,-0.000978,85.20,-0.002787,29.90,2.724963e-06,NEGATIVE_CURVATURE
q75,17.0000,0.8504,0.889,-0.000939,88.79,-0.002481,33.59,2.328189e-06,NEGATIVE_CURVATURE
q75,17.2500,0.8629,0.900,-0.000894,93.16,-0.002167,38.46,1.937412e-06,NEGATIVE_CURVATURE
q75,17.5000,0.8754,0.909,-0.000846,98.46,-0.001844,45.20,1.559891e-06,NEGATIVE_CURVATURE
q75,17.7500,0.8879,0.915,-0.000793,105.08,-0.001512,55.10,1.198886e-06,NEGATIVE_CURVATURE
q75,18.0000,0.9005,0.914,-0.000736,113.20,-0.001173,71.05,8.628559e-07,NEGATIVE_CURVATURE
q75,18.2500,0.9130,0.905,-0.000674,123.63,-0.000825,101.05,5.552518e-07,NEGATIVE_CURVATURE
q75,18.5000,0.9255,0.884,-0.000607,137.22,-0.000468,178.10,2.835074e-07,NEGATIVE_CURVATURE
q75,18.7500,0.9380,0.849,-0.000536,155.40,-0.000103,810.35,5.443871e-08,NEGATIVE_CURVATURE
q75,19.0000,0.9505,0.803,-0.000461,180.76,0.000269,309.46,-1.249632e-07,NEGATIVE_CURVATURE
q75,19.2500,0.9630,0.743,-0.000378,220.67,0.000646,129.05,-2.449530e-07,NEGATIVE_CURVATURE
ceiling,0.5000,0.0250,1.357,-0.000829,100.57,0.003181,26.19,-2.650648e-06,NEGATIVE_CURVATURE
ceiling,0.7500,0.0375,1.792,-0.001192,69.92,0.002525,33.01,-3.022127e-06,NEGATIVE_CURVATURE
ceiling,1.0000,0.0500,1.997,-0.001558,53.49,0.001919,43.42,-3.003213e-06,NEGATIVE_CURVATURE
ceiling,1.2500,0.0625,2.066,-0.001924,43.30,0.001365,61.07,-2.640135e-06,NEGATIVE_CURVATURE
ceiling,1.5000,0.0750,2.047,-0.002280,36.55,0.000853,97.65,-1.960795e-06,NEGATIVE_CURVATURE
ceiling,1.7500,0.0875,1.980,-0.002615,31.87,0.000372,224.04,-9.883138e-07,NEGATIVE_CURVATURE
ceiling,2.0000,0.1001,1.911,-0.002918,28.56,-0.000095,875.21,2.612733e-07,NEGATIVE_CURVATURE
ceiling,2.2500,0.1126,1.871,-0.003179,26.22,-0.000561,148.44,1.765594e-06,NEGATIVE_CURVATURE
ceiling,2.5000,0.1251,1.893,-0.003406,24.47,-0.001037,80.38,3.509142e-06,NEGATIVE_CURVATURE
ceiling,2.7500,0.1376,1.929,-0.003575,23.31,-0.001528,54.55,5.434537e-06,NEGATIVE_CURVATURE
ceiling,3.0000,0.1501,1.944,-0.003711,22.46,-0.002035,40.96,7.518487e-06,NEGATIVE_CURVATURE
ceiling,3.2500,0.1626,1.934,-0.003806,21.90,-0.002555,32.61,9.685418e-06,NEGATIVE_CURVATURE
ceiling,3.5000,0.1751,1.910,-0.003880,21.48,-0.003084,27.02,1.191919e-05,NEGATIVE_CURVATURE
ceiling,3.7500,0.1876,1.884,-0.003936,21.17,-0.003613,23.07,1.416415e-05,NEGATIVE_CURVATURE
ceiling,4.0000,0.2001,1.857,-0.003985,20.91,-0.004133,20.16,1.640656e-05,NEGATIVE_CURVATURE
ceiling,4.2500,0.2126,1.833,-0.004044,20.61,-0.004635,17.98,1.867566e-05,NEGATIVE_CURVATURE
ceiling,4.5000,0.2251,1.832,-0.004107,20.29,-0.005110,16.31,2.091284e-05,NEGATIVE_CURVATURE
ceiling,4.7500,0.2376,1.851,-0.004194,19.87,-0.005550,15.02,2.319848e-05,NEGATIVE_CURVATURE
ceiling,5.0000,0.2501,1.874,-0.004287,19.44,-0.005949,14.01,2.541665e-05,NEGATIVE_CURVATURE
ceiling,5.2500,0.2626,1.898,-0.004399,18.94,-0.006301,13.23,2.762639e-05,NEGATIVE_CURVATURE
ceiling,5.5000,0.2751,1.924,-0.004533,18.38,-0.006600,12.63,2.982377e-05,NEGATIVE_CURVATURE
ceiling,5.7500,0.2876,1.950,-0.004708,17.70,-0.006844,12.18,3.212216e-05,NEGATIVE_CURVATURE
ceiling,6.0000,0.3002,1.986,-0.004880,17.08,-0.007034,11.85,3.422650e-05,NEGATIVE_CURVATURE
ceiling,6.2500,0.3127,2.034,-0.005057,16.48,-0.007170,11.62,3.616035e-05,NEGATIVE_CURVATURE
ceiling,6.5000,0.3252,2.095,-0.005223,15.95,-0.007254,11.49,3.778905e-05,NEGATIVE_CURVATURE
ceiling,6.7500,0.3377,2.166,-0.005373,15.51,-0.007290,11.43,3.906991e-05,NEGATIVE_CURVATURE
ceiling,7.0000,0.3502,2.243,-0.005511,15.12,-0.007281,11.44,4.003784e-05,NEGATIVE_CURVATURE
ceiling,7.2500,0.3627,2.324,-0.005624,14.82,-0.007236,11.52,4.060990e-05,NEGATIVE_CURVATURE
ceiling,7.5000,0.3752,2.406,-0.005707,14.60,-0.007159,11.64,4.077324e-05,NEGATIVE_CURVATURE
ceiling,7.7500,0.3877,2.489,-0.005801,14.37,-0.007055,11.81,4.084786e-05,NEGATIVE_CURVATURE
ceiling,8.0000,0.4002,2.567,-0.005829,14.30,-0.006935,12.02,4.035029e-05,NEGATIVE_CURVATURE
ceiling,8.2500,0.4127,2.640,-0.005860,14.22,-0.006802,12.25,3.979252e-05,NEGATIVE_CURVATURE
ceiling,8.5000,0.4252,2.704,-0.005832,14.29,-0.006665,12.50,3.881096e-05,NEGATIVE_CURVATURE
ceiling,8.7500,0.4377,2.753,-0.005772,14.44,-0.006530,12.76,3.763662e-05,NEGATIVE_CURVATURE
ceiling,9.0000,0.4502,2.782,-0.005688,14.65,-0.006399,13.02,3.634493e-05,NEGATIVE_CURVATURE
ceiling,9.2500,0.4627,2.797,-0.005572,14.96,-0.006278,13.27,3.493195e-05,NEGATIVE_CURVATURE
ceiling,9.5000,0.4752,2.800,-0.005428,15.35,-0.006170,13.51,3.344214e-05,NEGATIVE_CURVATURE
ceiling,9.7500,0.4877,2.794,-0.005271,15.81,-0.006075,13.72,3.197626e-05,NEGATIVE_CURVATURE
ceiling,10.0000,0.5003,2.784,-0.005097,16.35,-0.005995,13.90,3.051693e-05,NEGATIVE_CURVATURE
ceiling,10.2500,0.5128,2.755,-0.004909,16.97,-0.005931,14.05,2.908047e-05,NEGATIVE_CURVATURE
ceiling,10.5000,0.5253,2.725,-0.004711,17.69,-0.005882,14.17,2.767610e-05,NEGATIVE_CURVATURE
ceiling,10.7500,0.5378,2.689,-0.004501,18.51,-0.005846,14.25,2.628120e-05,NEGATIVE_CURVATURE
ceiling,11.0000,0.5503,2.641,-0.004291,19.42,-0.005821,14.32,2.494822e-05,NEGATIVE_CURVATURE
ceiling,11.2500,0.5628,2.584,-0.004077,20.44,-0.005805,14.35,2.364150e-05,NEGATIVE_CURVATURE
ceiling,11.5000,0.5753,2.511,-0.003858,21.60,-0.005796,14.38,2.233417e-05,NEGATIVE_CURVATURE
ceiling,11.7500,0.5878,2.418,-0.003634,22.93,-0.005790,14.39,2.101942e-05,NEGATIVE_CURVATURE
ceiling,12.0000,0.6003,2.314,-0.003418,24.38,-0.005785,14.41,1.974770e-05,NEGATIVE_CURVATURE
ceiling,12.2500,0.6128,2.200,-0.003200,26.04,-0.005776,14.43,1.846669e-05,NEGATIVE_CURVATURE
ceiling,12.5000,0.6253,2.089,-0.002993,27.84,-0.005762,14.46,1.722795e-05,NEGATIVE_CURVATURE
ceiling,12.7500,0.6378,1.979,-0.002791,29.86,-0.005738,14.52,1.600055e-05,NEGATIVE_CURVATURE
ceiling,13.0000,0.6503,1.875,-0.002598,32.08,-0.005703,14.61,1.480056e-05,NEGATIVE_CURVATURE
ceiling,13.2500,0.6628,1.783,-0.002420,34.43,-0.005653,14.74,1.367233e-05,NEGATIVE_CURVATURE
ceiling,13.5000,0.6753,1.704,-0.002256,36.94,-0.005587,14.91,1.259316e-05,NEGATIVE_CURVATURE
ceiling,13.7500,0.6878,1.633,-0.002105,39.58,-0.005503,15.14,1.157626e-05,NEGATIVE_CURVATURE
ceiling,14.0000,0.7004,1.558,-0.001975,42.19,-0.005398,15.44,1.065637e-05,NEGATIVE_CURVATURE
ceiling,14.2500,0.7129,1.480,-0.001857,44.88,-0.005272,15.81,9.783711e-06,NEGATIVE_CURVATURE
ceiling,14.5000,0.7254,1.401,-0.001749,47.63,-0.005125,16.26,8.961202e-06,NEGATIVE_CURVATURE
ceiling,14.7500,0.7379,1.326,-0.001656,50.33,-0.004956,16.82,8.201722e-06,NEGATIVE_CURVATURE
ceiling,15.0000,0.7504,1.254,-0.001575,52.92,-0.004765,17.49,7.500610e-06,NEGATIVE_CURVATURE
ceiling,15.2500,0.7629,1.188,-0.001502,55.47,-0.004554,18.30,6.839351e-06,NEGATIVE_CURVATURE
ceiling,15.5000,0.7754,1.130,-0.001443,57.76,-0.004323,19.28,6.234252e-06,NEGATIVE_CURVATURE
ceiling,15.7500,0.7879,1.084,-0.001377,60.53,-0.004074,20.46,5.607503e-06,NEGATIVE_CURVATURE
ceiling,16.0000,0.8004,1.055,-0.001323,63.01,-0.003808,21.88,5.035789e-06,NEGATIVE_CURVATURE
ceiling,16.2500,0.8129,1.038,-0.001271,65.57,-0.003527,23.62,4.481932e-06,NEGATIVE_CURVATURE
ceiling,16.5000,0.8254,1.029,-0.001222,68.19,-0.003234,25.77,3.950869e-06,NEGATIVE_CURVATURE
ceiling,16.7500,0.8379,1.025,-0.001173,71.06,-0.002928,28.46,3.433222e-06,NEGATIVE_CURVATURE
ceiling,17.0000,0.8504,1.025,-0.001122,74.25,-0.002613,31.90,2.931263e-06,NEGATIVE_CURVATURE
ceiling,17.2500,0.8629,1.025,-0.001067,78.12,-0.002288,36.43,2.439683e-06,NEGATIVE_CURVATURE
ceiling,17.5000,0.8754,1.023,-0.001007,82.75,-0.001954,42.64,1.967221e-06,NEGATIVE_CURVATURE
ceiling,17.7500,0.8879,1.018,-0.000942,88.51,-0.001613,51.68,1.517471e-06,NEGATIVE_CURVATURE
ceiling,18.0000,0.9005,1.006,-0.000872,95.52,-0.001262,66.03,1.100232e-06,NEGATIVE_CURVATURE
ceiling,18.2500,0.9130,0.986,-0.000797,104.50,-0.000903,92.28,7.191528e-07,NEGATIVE_CURVATURE
ceiling,18.5000,0.9255,0.954,-0.000717,116.18,-0.000535,155.71,3.828601e-07,NEGATIVE_CURVATURE
ceiling,18.7500,0.9380,0.907,-0.000632,131.83,-0.000159,524.34,9.936847e-08,NEGATIVE_CURVATURE
ceiling,19.0000,0.9505,0.849,-0.000542,153.72,0.000224,371.22,-1.229591e-07,NEGATIVE_CURVATURE
ceiling,19.2500,0.9630,0.778,-0.000443,188.24,0.000612,136.09,-2.727212e-07,NEGATIVE_CURVATURE
