y_from_neck_in,half_width_in
0.00000,3.08580
0.01004,3.31159
0.02007,3.48721
0.03011,3.62770
0.04014,3.73808
0.05018,3.83843
0.06021,3.91872
0.07025,4.00401
0.08028,4.06422
0.09032,4.11942
0.10035,4.16458
0.11039,4.20472
0.12042,4.24486
0.13046,4.28500
0.14049,4.33016
0.15053,4.36026
0.16056,4.39037
0.17060,4.41545
0.18063,4.44556
0.19067,4.47065
0.20070,4.49574
0.21074,4.51581
0.22077,4.54089
0.23081,4.56598
0.24084,4.58605
0.25088,4.61114
0.26091,4.63121
0.27095,4.65630
0.28098,4.68138
0.29102,4.70146
0.30105,4.72153
0.31109,4.74661
0.32112,4.76668
0.33116,4.78675
0.34119,4.80682
0.35123,4.82188
0.36126,4.84195
0.37130,4.86202
0.38133,4.88209
0.39137,4.89212
0.40140,4.90718
0.41144,4.91721
0.42148,4.93226
0.43151,4.94732
0.44155,4.95735
0.45158,4.97240
0.46162,4.98244
0.47165,4.99247
0.48169,5.00251
0.49172,5.01756
0.50176,5.02760
0.51179,5.03763
0.52183,5.04767
0.53186,5.05770
0.54190,5.06774
0.55193,5.07777
0.56197,5.08781
0.57200,5.09784
0.58204,5.10286
0.59207,5.11290
0.60211,5.12293
0.61214,5.13297
0.62218,5.13798
0.63221,5.14802
0.64225,5.15805
0.65228,5.16307
0.66232,5.17311
0.67235,5.17812
0.68239,5.18816
0.69242,5.19318
0.70246,5.20321
0.71249,5.20823
0.72253,5.21826
0.73256,5.22830
0.74260,5.23332
0.75263,5.24335
0.76267,5.24837
0.77270,5.25339
0.78274,5.26342
0.79277,5.26844
0.80281,5.27346
0.81284,5.27847
0.82288,5.28851
0.83292,5.29353
0.84295,5.29854
0.85299,5.30356
0.86302,5.31360
0.87306,5.31862
0.88309,5.32363
0.89313,5.32865
0.90316,5.33869
0.91320,5.34370
0.92323,5.34872
0.93327,5.35374
0.94330,5.35876
0.95334,5.36377
0.96337,5.36879
0.97341,5.37883
0.98344,5.38384
0.99348,5.38886
1.00351,5.39388
1.01355,5.39890
1.02358,5.40391
1.03362,5.40893
1.04365,5.41395
1.05369,5.41897
1.06372,5.42398
1.07376,5.42900
1.08379,5.43402
1.09383,5.43904
1.10386,5.44405
1.11390,5.44907
1.12393,5.45409
1.13397,5.45911
1.14400,5.46412
1.15404,5.46914
1.16407,5.47416
1.17411,5.47416
1.18414,5.47918
1.19418,5.48419
1.20421,5.48921
1.21425,5.49423
1.22428,5.49925
1.23432,5.49925
1.24436,5.50426
1.25439,5.50928
1.26443,5.51430
1.27446,5.51932
1.28450,5.52434
1.29453,5.52434
1.30457,5.52935
1.31460,5.53437
1.32464,5.53939
1.33467,5.54441
1.34471,5.54441
1.35474,5.54942
1.36478,5.55444
1.37481,5.55444
1.38485,5.55946
1.39488,5.56448
1.40492,5.56448
1.41495,5.56949
1.42499,5.57451
1.43502,5.57451
1.44506,5.57953
1.45509,5.58455
1.46513,5.58956
1.47516,5.58956
1.48520,5.59458
1.49523,5.59960
1.50527,5.59960
1.51530,5.60462
1.52534,5.60462
1.53537,5.60963
1.54541,5.61465
1.55544,5.61465
1.56548,5.61967
1.57551,5.62469
1.58555,5.62469
1.59558,5.62970
1.60562,5.62970
1.61565,5.63472
1.62569,5.63974
1.63573,5.63974
1.64576,5.64476
1.65580,5.64476
1.66583,5.64977
1.67587,5.65479
1.68590,5.65479
1.69594,5.65981
1.70597,5.65981
1.71601,5.66483
1.72604,5.66483
1.73608,5.66984
1.74611,5.66984
1.75615,5.67486
1.76618,5.67486
1.77622,5.67988
1.78625,5.67988
1.79629,5.68490
1.80632,5.68490
1.81636,5.68991
1.82639,5.68991
1.83643,5.69493
1.84646,5.69493
1.85650,5.69995
1.86653,5.69995
1.87657,5.69995
1.88660,5.70497
1.89664,5.70497
1.90667,5.70998
1.91671,5.70998
1.92674,5.70998
1.93678,5.71500
1.94681,5.71500
1.95685,5.72002
1.96688,5.72002
1.97692,5.72504
1.98695,5.72504
1.99699,5.72504
2.00702,5.73006
2.01706,5.73006
2.02709,5.73507
2.03713,5.73507
2.04717,5.73507
2.05720,5.74009
2.06724,5.74009
2.07727,5.74009
2.08731,5.74511
2.09734,5.74511
2.10738,5.74511
2.11741,5.75013
2.12745,5.75013
2.13748,5.75013
2.14752,5.75514
2.15755,5.75514
2.16759,5.75514
2.17762,5.76016
2.18766,5.76016
2.19769,5.76016
2.20773,5.76518
2.21776,5.76518
2.22780,5.76518
2.23783,5.77020
2.24787,5.77020
2.25790,5.77020
2.26794,5.77521
2.27797,5.77521
2.28801,5.77521
2.29804,5.77521
2.30808,5.77521
2.31811,5.78023
2.32815,5.78023
2.33818,5.78023
2.34822,5.78023
2.35825,5.78525
2.36829,5.78525
2.37832,5.78525
2.38836,5.78525
2.39839,5.79027
2.40843,5.79027
2.41846,5.79027
2.42850,5.79027
2.43853,5.78525
2.44857,5.79027
2.45861,5.78525
2.46864,5.78525
2.47868,5.78525
2.48871,5.78525
2.49875,5.78525
2.50878,5.78525
2.51882,5.78525
2.52885,5.78525
2.53889,5.78525
2.54892,5.78525
2.55896,5.78525
2.56899,5.79027
2.57903,5.79027
2.58906,5.79027
2.59910,5.79027
2.60913,5.79528
2.61917,5.79528
2.62920,5.80030
2.63924,5.80030
2.64927,5.80030
2.65931,5.80030
2.66934,5.80030
2.67938,5.80532
2.68941,5.80532
2.69945,5.80532
2.70948,5.81034
2.71952,5.81034
2.72955,5.81034
2.73959,5.81034
2.74962,5.81034
2.75966,5.81034
2.76969,5.81034
2.77973,5.81034
2.78976,5.81535
2.79980,5.81535
2.80983,5.81535
2.81987,5.81535
2.82990,5.81535
2.83994,5.81535
2.84997,5.81535
2.86001,5.81535
2.87005,5.81535
2.88008,5.81535
2.89012,5.81535
2.90015,5.81535
2.91019,5.81535
2.92022,5.81535
2.93026,5.81535
2.94029,5.81535
2.95033,5.81535
2.96036,5.81535
2.97040,5.81535
2.98043,5.81535
2.99047,5.81535
3.00050,5.81535
3.01054,5.81535
3.02057,5.81535
3.03061,5.82037
3.04064,5.82037
3.05068,5.82037
3.06071,5.82037
3.07075,5.82037
3.08078,5.82037
3.09082,5.82539
3.10085,5.82539
3.11089,5.82539
3.12092,5.82539
3.13096,5.82539
3.14099,5.82037
3.15103,5.82037
3.16106,5.82037
3.17110,5.82037
3.18113,5.82037
3.19117,5.82037
3.20120,5.82037
3.21124,5.82037
3.22127,5.82037
3.23131,5.82037
3.24134,5.82037
3.25138,5.82037
3.26141,5.82037
3.27145,5.82037
3.28149,5.82037
3.29152,5.82037
3.30156,5.82037
3.31159,5.82037
3.32163,5.82037
3.33166,5.82539
3.34170,5.82037
3.35173,5.82037
3.36177,5.82037
3.37180,5.82037
3.38184,5.81535
3.39187,5.81535
3.40191,5.81034
3.41194,5.81034
3.42198,5.81034
3.43201,5.81034
3.44205,5.81034
3.45208,5.81034
3.46212,5.81034
3.47215,5.81034
3.48219,5.81034
3.49222,5.81034
3.50226,5.81034
3.51229,5.81034
3.52233,5.81034
3.53236,5.81034
3.54240,5.81034
3.55243,5.81034
3.56247,5.81034
3.57250,5.81034
3.58254,5.81034
3.59257,5.81034
3.60261,5.81034
3.61264,5.81034
3.62268,5.81034
3.63271,5.80532
3.64275,5.80532
3.65278,5.80030
3.66282,5.80030
3.67285,5.80030
3.68289,5.80030
3.69293,5.80030
3.70296,5.80030
3.71300,5.80030
3.72303,5.79528
3.73307,5.79528
3.74310,5.79528
3.75314,5.79528
3.76317,5.79528
3.77321,5.79027
3.78324,5.79027
3.79328,5.79027
3.80331,5.79027
3.81335,5.79027
3.82338,5.79027
3.83342,5.79027
3.84345,5.79027
3.85349,5.79027
3.86352,5.78525
3.87356,5.78525
3.88359,5.78023
3.89363,5.78023
3.90366,5.78023
3.91370,5.78023
3.92373,5.78023
3.93377,5.78023
3.94380,5.78023
3.95384,5.78023
3.96387,5.78023
3.97391,5.77521
3.98394,5.77521
3.99398,5.77521
4.00401,5.77020
4.01405,5.77020
4.02408,5.77020
4.03412,5.77020
4.04415,5.76518
4.05419,5.76518
4.06422,5.76016
4.07426,5.76016
4.08430,5.76016
4.09433,5.76016
4.10437,5.76016
4.11440,5.75514
4.12444,5.75514
4.13447,5.75013
4.14451,5.75013
4.15454,5.75013
4.16458,5.75013
4.17461,5.74511
4.18465,5.74009
4.19468,5.74009
4.20472,5.74009
4.21475,5.74009
4.22479,5.73507
4.23482,5.73507
4.24486,5.73507
4.25489,5.73507
4.26493,5.73006
4.27496,5.73006
4.28500,5.73006
4.29503,5.73006
4.30507,5.72504
4.31510,5.72504
4.32514,5.72002
4.33517,5.72002
4.34521,5.72002
4.35524,5.72002
4.36528,5.71500
4.37531,5.71500
4.38535,5.70998
4.39538,5.70998
4.40542,5.70998
4.41545,5.70998
4.42549,5.70998
4.43552,5.70998
4.44556,5.70497
4.45559,5.70497
4.46563,5.70497
4.47566,5.70497
4.48570,5.70497
4.49574,5.69995
4.50577,5.69493
4.51581,5.68991
4.52584,5.68991
4.53588,5.68991
4.54591,5.68991
4.55595,5.68490
4.56598,5.67988
4.57602,5.67988
4.58605,5.67988
4.59609,5.67988
4.60612,5.67486
4.61616,5.67486
4.62619,5.66984
4.63623,5.66984
4.64626,5.66984
4.65630,5.66984
4.66633,5.66483
4.67637,5.66483
4.68640,5.65981
4.69644,5.65981
4.70647,5.65981
4.71651,5.65981
4.72654,5.65479
4.73658,5.65479
4.74661,5.64977
4.75665,5.64977
4.76668,5.64977
4.77672,5.64977
4.78675,5.64476
4.79679,5.64476
4.80682,5.63974
4.81686,5.63974
4.82689,5.63974
4.83693,5.63974
4.84696,5.63472
4.85700,5.63472
4.86703,5.62970
4.87707,5.62970
4.88710,5.62970
4.89714,5.62970
4.90718,5.62469
4.91721,5.62469
4.92725,5.61967
4.93728,5.61967
4.94732,5.61967
4.95735,5.61967
4.96739,5.61465
4.97742,5.61465
4.98746,5.60963
4.99749,5.60963
5.00753,5.60963
5.01756,5.60963
5.02760,5.60462
5.03763,5.60462
5.04767,5.59960
5.05770,5.59960
5.06774,5.59960
5.07777,5.59960
5.08781,5.59458
5.09784,5.59458
5.10788,5.58956
5.11791,5.58956
5.12795,5.58956
5.13798,5.58956
5.14802,5.58455
5.15805,5.58455
5.16809,5.57953
5.17812,5.57953
5.18816,5.57953
5.19819,5.57953
5.20823,5.57451
5.21826,5.57451
5.22830,5.56949
5.23833,5.56949
5.24837,5.56949
5.25840,5.56949
5.26844,5.56448
5.27847,5.56448
5.28851,5.55946
5.29854,5.55946
5.30858,5.55946
5.31862,5.55946
5.32865,5.55444
5.33869,5.55444
5.34872,5.54942
5.35876,5.54942
5.36879,5.54942
5.37883,5.54942
5.38886,5.54441
5.39890,5.54441
5.40893,5.53939
5.41897,5.53939
5.42900,5.53939
5.43904,5.53939
5.44907,5.53437
5.45911,5.53437
5.46914,5.52935
5.47918,5.52935
5.48921,5.52935
5.49925,5.52935
5.50928,5.52935
5.51932,5.52434
5.52935,5.52434
5.53939,5.52434
5.54942,5.52434
5.55946,5.52434
5.56949,5.51932
5.57953,5.51932
5.58956,5.51932
5.59960,5.51430
5.60963,5.50928
5.61967,5.50928
5.62970,5.50928
5.63974,5.50426
5.64977,5.50426
5.65981,5.49925
5.66984,5.49925
5.67988,5.49925
5.68991,5.49423
5.69995,5.49423
5.70998,5.48921
5.72002,5.48921
5.73006,5.48921
5.74009,5.48419
5.75013,5.47918
5.76016,5.47918
5.77020,5.47918
5.78023,5.47416
5.79027,5.47416
5.80030,5.46914
5.81034,5.46914
5.82037,5.46914
5.83041,5.46914
5.84044,5.46914
5.85048,5.46412
5.86051,5.46412
5.87055,5.45911
5.88058,5.45911
5.89062,5.45911
5.90065,5.45911
5.91069,5.45911
5.92072,5.45409
5.93076,5.45409
5.94079,5.45409
5.95083,5.44907
5.96086,5.44907
5.97090,5.44907
5.98093,5.44907
5.99097,5.44907
6.00100,5.44405
6.01104,5.44405
6.02107,5.43904
6.03111,5.43904
6.04114,5.43904
6.05118,5.43904
6.06121,5.43904
6.07125,5.43904
6.08128,5.43402
6.09132,5.43402
6.10135,5.43402
6.11139,5.42900
6.12142,5.42900
6.13146,5.42900
6.14150,5.42900
6.15153,5.42900
6.16157,5.42900
6.17160,5.42398
6.18164,5.42398
6.19167,5.42398
6.20171,5.41897
6.21174,5.41897
6.22178,5.41897
6.23181,5.41897
6.24185,5.41897
6.25188,5.41897
6.26192,5.41395
6.27195,5.41395
6.28199,5.41395
6.29202,5.41395
6.30206,5.41395
6.31209,5.41395
6.32213,5.41395
6.33216,5.41395
6.34220,5.40893
6.35223,5.40893
6.36227,5.40893
6.37230,5.40893
6.38234,5.40893
6.39237,5.40893
6.40241,5.40893
6.41244,5.40893
6.42248,5.40893
6.43251,5.40893
6.44255,5.40893
6.45258,5.40893
6.46262,5.40893
6.47265,5.40893
6.48269,5.40893
6.49272,5.40893
6.50276,5.40893
6.51279,5.40893
6.52283,5.40893
6.53287,5.40893
6.54290,5.40893
6.55294,5.40893
6.56297,5.40893
6.57301,5.40893
6.58304,5.40893
6.59308,5.40893
6.60311,5.40893
6.61315,5.40893
6.62318,5.40893
6.63322,5.40893
6.64325,5.40893
6.65329,5.40893
6.66332,5.40893
6.67336,5.40893
6.68339,5.40893
6.69343,5.40893
6.70346,5.40893
6.71350,5.40893
6.72353,5.41395
6.73357,5.41395
6.74360,5.41395
6.75364,5.41395
6.76367,5.41395
6.77371,5.41395
6.78374,5.41395
6.79378,5.41395
6.80381,5.41395
6.81385,5.41897
6.82388,5.41897
6.83392,5.41897
6.84395,5.41897
6.85399,5.41897
6.86402,5.41897
6.87406,5.41897
6.88409,5.41897
6.89413,5.42398
6.90416,5.42398
6.91420,5.42398
6.92423,5.42398
6.93427,5.42900
6.94431,5.42900
6.95434,5.42900
6.96438,5.42900
6.97441,5.42900
6.98445,5.42900
6.99448,5.42900
7.00452,5.42900
7.01455,5.43402
7.02459,5.43402
7.03462,5.43402
7.04466,5.43402
7.05469,5.43904
7.06473,5.43904
7.07476,5.43904
7.08480,5.43904
7.09483,5.43904
7.10487,5.43904
7.11490,5.44405
7.12494,5.44405
7.13497,5.44907
7.14501,5.44907
7.15504,5.44907
7.16508,5.44907
7.17511,5.44907
7.18515,5.44907
7.19518,5.44907
7.20522,5.45409
7.21525,5.45409
7.22529,5.45911
7.23532,5.45911
7.24536,5.45911
7.25539,5.45911
7.26543,5.45911
7.27546,5.45911
7.28550,5.46412
7.29553,5.46914
7.30557,5.46914
7.31560,5.46914
7.32564,5.46914
7.33567,5.47416
7.34571,5.47416
7.35575,5.47918
7.36578,5.47918
7.37582,5.47918
7.38585,5.48419
7.39589,5.48419
7.40592,5.48921
7.41596,5.48921
7.42599,5.48921
7.43603,5.48921
7.44606,5.49423
7.45610,5.49925
7.46613,5.49925
7.47617,5.49925
7.48620,5.49925
7.49624,5.50426
7.50627,5.50426
7.51631,5.50928
7.52634,5.50928
7.53638,5.50928
7.54641,5.51430
7.55645,5.51430
7.56648,5.51430
7.57652,5.51932
7.58655,5.51932
7.59659,5.51932
7.60662,5.51932
7.61666,5.52434
7.62669,5.52434
7.63673,5.52935
7.64676,5.52935
7.65680,5.52935
7.66683,5.52935
7.67687,5.53939
7.68690,5.53939
7.69694,5.53939
7.70697,5.53939
7.71701,5.53939
7.72704,5.53939
7.73708,5.53939
7.74711,5.53939
7.75715,5.54942
7.76719,5.54942
7.77722,5.54942
7.78726,5.54942
7.79729,5.55444
7.80733,5.55946
7.81736,5.55946
7.82740,5.55946
7.83743,5.56448
7.84747,5.56949
7.85750,5.56949
7.86754,5.56949
7.87757,5.57451
7.88761,5.57953
7.89764,5.57953
7.90768,5.57953
7.91771,5.58455
7.92775,5.58956
7.93778,5.58956
7.94782,5.58956
7.95785,5.59458
7.96789,5.59960
7.97792,5.59960
7.98796,5.60462
7.99799,5.60963
8.00803,5.60963
8.01806,5.60963
8.02810,5.60963
8.03813,5.61465
8.04817,5.61465
8.05820,5.61967
8.06824,5.61967
8.07827,5.62469
8.08831,5.62469
8.09834,5.62970
8.10838,5.62970
8.11841,5.63472
8.12845,5.63974
8.13848,5.63974
8.14852,5.64476
8.15855,5.64977
8.16859,5.64977
8.17863,5.64977
8.18866,5.65479
8.19870,5.65981
8.20873,5.65981
8.21877,5.66483
8.22880,5.66984
8.23884,5.66984
8.24887,5.66984
8.25891,5.67486
8.26894,5.67988
8.27898,5.67988
8.28901,5.68490
8.29905,5.68991
8.30908,5.68991
8.31912,5.69493
8.32915,5.69493
8.33919,5.69995
8.34922,5.69995
8.35926,5.70497
8.36929,5.70998
8.37933,5.70998
8.38936,5.71500
8.39940,5.72002
8.40943,5.72504
8.41947,5.73006
8.42950,5.73006
8.43954,5.73507
8.44957,5.74009
8.45961,5.74009
8.46964,5.74511
8.47968,5.75013
8.48971,5.75013
8.49975,5.75514
8.50978,5.76016
8.51982,5.76016
8.52985,5.76518
8.53989,5.77020
8.54992,5.77020
8.55996,5.77521
8.56999,5.78023
8.58003,5.78023
8.59007,5.78525
8.60010,5.79027
8.61014,5.79528
8.62017,5.80030
8.63021,5.80030
8.64024,5.80532
8.65028,5.81034
8.66031,5.81535
8.67035,5.82037
8.68038,5.82037
8.69042,5.82539
8.70045,5.83041
8.71049,5.83542
8.72052,5.84044
8.73056,5.84044
8.74059,5.84546
8.75063,5.85048
8.76066,5.85549
8.77070,5.86051
8.78073,5.86051
8.79077,5.87055
8.80080,5.87055
8.81084,5.87556
8.82087,5.88058
8.83091,5.88058
8.84094,5.89062
8.85098,5.89062
8.86101,5.89563
8.87105,5.90065
8.88108,5.90567
8.89112,5.91069
8.90115,5.91069
8.91119,5.91570
8.92122,5.92072
8.93126,5.92574
8.94129,5.93076
8.95133,5.93076
8.96136,5.94079
8.97140,5.94079
8.98144,5.94581
8.99147,5.95083
9.00151,5.95083
9.01154,5.96086
9.02158,5.96086
9.03161,5.96588
9.04165,5.97090
9.05168,5.97592
9.06172,5.98093
9.07175,5.98093
9.08179,5.98595
9.09182,5.99097
9.10186,5.99599
9.11189,6.00100
9.12193,6.00100
9.13196,6.00602
9.14200,6.01104
9.15203,6.01606
9.16207,6.02107
9.17210,6.02609
9.18214,6.03111
9.19217,6.03613
9.20221,6.04114
9.21224,6.04616
9.22228,6.05118
9.23231,6.05118
9.24235,6.06121
9.25238,6.06121
9.26242,6.07125
9.27245,6.07125
9.28249,6.07627
9.29252,6.08128
9.30256,6.08630
9.31259,6.09132
9.32263,6.09634
9.33266,6.10135
9.34270,6.10637
9.35273,6.11139
9.36277,6.11641
9.37280,6.12142
9.38284,6.12142
9.39288,6.13146
9.40291,6.13146
9.41295,6.14150
9.42298,6.14150
9.43302,6.14651
9.44305,6.15153
9.45309,6.15655
9.46312,6.16157
9.47316,6.16658
9.48319,6.17160
9.49323,6.17662
9.50326,6.18164
9.51330,6.18665
9.52333,6.19167
9.53337,6.19167
9.54340,6.20171
9.55344,6.20171
9.56347,6.21174
9.57351,6.21174
9.58354,6.21676
9.59358,6.22178
9.60361,6.22679
9.61365,6.23181
9.62368,6.23683
9.63372,6.24185
9.64375,6.24686
9.65379,6.25188
9.66382,6.25690
9.67386,6.26192
9.68389,6.26693
9.69393,6.27195
9.70396,6.27195
9.71400,6.28199
9.72403,6.28199
9.73407,6.29202
9.74410,6.29202
9.75414,6.30206
9.76417,6.30206
9.77421,6.31209
9.78424,6.31209
9.79428,6.31711
9.80432,6.32213
9.81435,6.32715
9.82439,6.33216
9.83442,6.33718
9.84446,6.34220
9.85449,6.34722
9.86453,6.35223
9.87456,6.35725
9.88460,6.36227
9.89463,6.36729
9.90467,6.37230
9.91470,6.37732
9.92474,6.38234
9.93477,6.38234
9.94481,6.39237
9.95484,6.39237
9.96488,6.40241
9.97491,6.40241
9.98495,6.41244
9.99498,6.41244
10.00502,6.42248
10.01505,6.42248
10.02509,6.43251
10.03512,6.43251
10.04516,6.44255
10.05519,6.44255
10.06523,6.44757
10.07526,6.45258
10.08530,6.45760
10.09533,6.46262
10.10537,6.46764
10.11540,6.47265
10.12544,6.47767
10.13547,6.48269
10.14551,6.48269
10.15554,6.49272
10.16558,6.49272
10.17561,6.50276
10.18565,6.50276
10.19568,6.51279
10.20572,6.51279
10.21576,6.52283
10.22579,6.52283
10.23583,6.53287
10.24586,6.53287
10.25590,6.54290
10.26593,6.54290
10.27597,6.55294
10.28600,6.55294
10.29604,6.56297
10.30607,6.56297
10.31611,6.56799
10.32614,6.57301
10.33618,6.57802
10.34621,6.58304
10.35625,6.58806
10.36628,6.59308
10.37632,6.59308
10.38635,6.60311
10.39639,6.60311
10.40642,6.61315
10.41646,6.61315
10.42649,6.62318
10.43653,6.62318
10.44656,6.62820
10.45660,6.63322
10.46663,6.63823
10.47667,6.64325
10.48670,6.64827
10.49674,6.65329
10.50677,6.65830
10.51681,6.66332
10.52684,6.66834
10.53688,6.67336
10.54691,6.67837
10.55695,6.68339
10.56698,6.68841
10.57702,6.69343
10.58705,6.69343
10.59709,6.70346
10.60712,6.70346
10.61716,6.71350
10.62720,6.71350
10.63723,6.72353
10.64727,6.72353
10.65730,6.72855
10.66734,6.73357
10.67737,6.73859
10.68741,6.74360
10.69744,6.74862
10.70748,6.75364
10.71751,6.75866
10.72755,6.76367
10.73758,6.76367
10.74762,6.77371
10.75765,6.77371
10.76769,6.77873
10.77772,6.78374
10.78776,6.78876
10.79779,6.79378
10.80783,6.79378
10.81786,6.80381
10.82790,6.80381
10.83793,6.81385
10.84797,6.81385
10.85800,6.81887
10.86804,6.82388
10.87807,6.82890
10.88811,6.83392
10.89814,6.83392
10.90818,6.84395
10.91821,6.84395
10.92825,6.84897
10.93828,6.85399
10.94832,6.85901
10.95835,6.86402
10.96839,6.86904
10.97842,6.87406
10.98846,6.87406
10.99849,6.88409
11.00853,6.88409
11.01856,6.88911
11.02860,6.89413
11.03864,6.89915
11.04867,6.90416
11.05871,6.90918
11.06874,6.91420
11.07878,6.91420
11.08881,6.92423
11.09885,6.92423
11.10888,6.92925
11.11892,6.93427
11.12895,6.93929
11.13899,6.94431
11.14902,6.94932
11.15906,6.95434
11.16909,6.95434
11.17913,6.96438
11.18916,6.96438
11.19920,6.96939
11.20923,6.97441
11.21927,6.97441
11.22930,6.98445
11.23934,6.98445
11.24937,6.98946
11.25941,6.99448
11.26944,6.99950
11.27948,7.00452
11.28951,7.00452
11.29955,7.01455
11.30958,7.01455
11.31962,7.01957
11.32965,7.02459
11.33969,7.02960
11.34972,7.03462
11.35976,7.03462
11.36979,7.03964
11.37983,7.04466
11.38986,7.04967
11.39990,7.05469
11.40993,7.05469
11.41997,7.06473
11.43001,7.06473
11.44004,7.06974
11.45008,7.07476
11.46011,7.07978
11.47015,7.08480
11.48018,7.08480
11.49022,7.08981
11.50025,7.09483
11.51029,7.09985
11.52032,7.10487
11.53036,7.10487
11.54039,7.11490
11.55043,7.11490
11.56046,7.11992
11.57050,7.12494
11.58053,7.12995
11.59057,7.13497
11.60060,7.13497
11.61064,7.13999
11.62067,7.14501
11.63071,7.15003
11.64074,7.15504
11.65078,7.15504
11.66081,7.16508
11.67085,7.16508
11.68088,7.17010
11.69092,7.17511
11.70095,7.18013
11.71099,7.18515
11.72102,7.18515
11.73106,7.19017
11.74109,7.19518
11.75113,7.20020
11.76116,7.20522
11.77120,7.20522
11.78123,7.21024
11.79127,7.21525
11.80130,7.21525
11.81134,7.22529
11.82137,7.22529
11.83141,7.23031
11.84145,7.23532
11.85148,7.23532
11.86152,7.24034
11.87155,7.24536
11.88159,7.24536
11.89162,7.25539
11.90166,7.25539
11.91169,7.26041
11.92173,7.26543
11.93176,7.26543
11.94180,7.27045
11.95183,7.27546
11.96187,7.28048
11.97190,7.28550
11.98194,7.28550
11.99197,7.29052
12.00201,7.29553
12.01204,7.29553
12.02208,7.30557
12.03211,7.30557
12.04215,7.31059
12.05218,7.31560
12.06222,7.31560
12.07225,7.32062
12.08229,7.32564
12.09232,7.32564
12.10236,7.33567
12.11239,7.33567
12.12243,7.34069
12.13246,7.34571
12.14250,7.34571
12.15253,7.35073
12.16257,7.35575
12.17260,7.35575
12.18264,7.36578
12.19267,7.36578
12.20271,7.37080
12.21274,7.37582
12.22278,7.37582
12.23281,7.38083
12.24285,7.38585
12.25289,7.39087
12.26292,7.39589
12.27296,7.39589
12.28299,7.40090
12.29303,7.40592
12.30306,7.40592
12.31310,7.41094
12.32313,7.41596
12.33317,7.41596
12.34320,7.42097
12.35324,7.42599
12.36327,7.42599
12.37331,7.43101
12.38334,7.43603
12.39338,7.43603
12.40341,7.44104
12.41345,7.44606
12.42348,7.44606
12.43352,7.45108
12.44355,7.45610
12.45359,7.45610
12.46362,7.46111
12.47366,7.46613
12.48369,7.46613
12.49373,7.47115
12.50376,7.47617
12.51380,7.47617
12.52383,7.48118
12.53387,7.48620
12.54390,7.48620
12.55394,7.49122
12.56397,7.49624
12.57401,7.49624
12.58404,7.50125
12.59408,7.50627
12.60411,7.50627
12.61415,7.51129
12.62418,7.51631
12.63422,7.51631
12.64425,7.52132
12.65429,7.52634
12.66433,7.52634
12.67436,7.53136
12.68440,7.53638
12.69443,7.53638
12.70447,7.54139
12.71450,7.54641
12.72454,7.54641
12.73457,7.55143
12.74461,7.55645
12.75464,7.55645
12.76468,7.56147
12.77471,7.56648
12.78475,7.56648
12.79478,7.57150
12.80482,7.57652
12.81485,7.57652
12.82489,7.58154
12.83492,7.58655
12.84496,7.58655
12.85499,7.58655
12.86503,7.59157
12.87506,7.59659
12.88510,7.59659
12.89513,7.60161
12.90517,7.60662
12.91520,7.60662
12.92524,7.61164
12.93527,7.61164
12.94531,7.61666
12.95534,7.61666
12.96538,7.62168
12.97541,7.62669
12.98545,7.62669
12.99548,7.63171
13.00552,7.63673
13.01555,7.63673
13.02559,7.63673
13.03562,7.64175
13.04566,7.64676
13.05569,7.64676
13.06573,7.65178
13.07577,7.65178
13.08580,7.65680
13.09584,7.65680
13.10587,7.66182
13.11591,7.66182
13.12594,7.66683
13.13598,7.66683
13.14601,7.67185
13.15605,7.67185
13.16608,7.67687
13.17612,7.67687
13.18615,7.68189
13.19619,7.68189
13.20622,7.68690
13.21626,7.68690
13.22629,7.68690
13.23633,7.69192
13.24636,7.69694
13.25640,7.69694
13.26643,7.69694
13.27647,7.70196
13.28650,7.70697
13.29654,7.70697
13.30657,7.70697
13.31661,7.71199
13.32664,7.71701
13.33668,7.71701
13.34671,7.71701
13.35675,7.72203
13.36678,7.72203
13.37682,7.72704
13.38685,7.72704
13.39689,7.72704
13.40692,7.73206
13.41696,7.73206
13.42699,7.73708
13.43703,7.73708
13.44706,7.73708
13.45710,7.74210
13.46713,7.74711
13.47717,7.74711
13.48721,7.74711
13.49724,7.75213
13.50728,7.75213
13.51731,7.75715
13.52735,7.75715
13.53738,7.75715
13.54742,7.76217
13.55745,7.76217
13.56749,7.76719
13.57752,7.76719
13.58756,7.76719
13.59759,7.77220
13.60763,7.77722
13.61766,7.77722
13.62770,7.77722
13.63773,7.77722
13.64777,7.78224
13.65780,7.78224
13.66784,7.78224
13.67787,7.78726
13.68791,7.78726
13.69794,7.78726
13.70798,7.78726
13.71801,7.79227
13.72805,7.79227
13.73808,7.79227
13.74812,7.79729
13.75815,7.79729
13.76819,7.79729
13.77822,7.79729
13.78826,7.80231
13.79829,7.80231
13.80833,7.80231
13.81836,7.80733
13.82840,7.80733
13.83843,7.80733
13.84847,7.80733
13.85850,7.81234
13.86854,7.81234
13.87858,7.81234
13.88861,7.81736
13.89865,7.81736
13.90868,7.81736
13.91872,7.81736
13.92875,7.81736
13.93879,7.81736
13.94882,7.81736
13.95886,7.81736
13.96889,7.82238
13.97893,7.82238
13.98896,7.82238
13.99900,7.82238
14.00903,7.82238
14.01907,7.82740
14.02910,7.82740
14.03914,7.82740
14.04917,7.82740
14.05921,7.82740
14.06924,7.82740
14.07928,7.82740
14.08931,7.82740
14.09935,7.82740
14.10938,7.83241
14.11942,7.83241
14.12945,7.83241
14.13949,7.83241
14.14952,7.83241
14.15956,7.83743
14.16959,7.83743
14.17963,7.83743
14.18966,7.83743
14.19970,7.83743
14.20973,7.83743
14.21977,7.83743
14.22980,7.83743
14.23984,7.83743
14.24987,7.84245
14.25991,7.84245
14.26994,7.84245
14.27998,7.84245
14.29002,7.84245
14.30005,7.84747
14.31009,7.84747
14.32012,7.84747
14.33016,7.84747
14.34019,7.84747
14.35023,7.84747
14.36026,7.84747
14.37030,7.84747
14.38033,7.84747
14.39037,7.85248
14.40040,7.85248
14.41044,7.85248
14.42047,7.85248
14.43051,7.85248
14.44054,7.85750
14.45058,7.85750
14.46061,7.85750
14.47065,7.85750
14.48068,7.85750
14.49072,7.85750
14.50075,7.85750
14.51079,7.85750
14.52082,7.85750
14.53086,7.85750
14.54089,7.85750
14.55093,7.85750
14.56096,7.85750
14.57100,7.85750
14.58103,7.85750
14.59107,7.85750
14.60110,7.85750
14.61114,7.85750
14.62117,7.85750
14.63121,7.85750
14.64124,7.85750
14.65128,7.85750
14.66131,7.85750
14.67135,7.85750
14.68138,7.86252
14.69142,7.86252
14.70146,7.86252
14.71149,7.86252
14.72153,7.86252
14.73156,7.86252
14.74160,7.86252
14.75163,7.86252
14.76167,7.86252
14.77170,7.86252
14.78174,7.86252
14.79177,7.86252
14.80181,7.86252
14.81184,7.85750
14.82188,7.85750
14.83191,7.85750
14.84195,7.85750
14.85198,7.85750
14.86202,7.85750
14.87205,7.85750
14.88209,7.85750
14.89212,7.85750
14.90216,7.85750
14.91219,7.85750
14.92223,7.85750
14.93226,7.85750
14.94230,7.85750
14.95233,7.85750
14.96237,7.85750
14.97240,7.85750
14.98244,7.85750
14.99247,7.85750
15.00251,7.85750
15.01254,7.85750
15.02258,7.85750
15.03261,7.85750
15.04265,7.85750
15.05268,7.85248
15.06272,7.85248
15.07275,7.85248
15.08279,7.85248
15.09282,7.85248
15.10286,7.85248
15.11290,7.85248
15.12293,7.84747
15.13297,7.84747
15.14300,7.84747
15.15304,7.84747
15.16307,7.84747
15.17311,7.84747
15.18314,7.84747
15.19318,7.84747
15.20321,7.84747
15.21325,7.84747
15.22328,7.84747
15.23332,7.84747
15.24335,7.84747
15.25339,7.84747
15.26342,7.84245
15.27346,7.84245
15.28349,7.84245
15.29353,7.84245
15.30356,7.84245
15.31360,7.83743
15.32363,7.83743
15.33367,7.83743
15.34370,7.83743
15.35374,7.83743
15.36377,7.83743
15.37381,7.83241
15.38384,7.83241
15.39388,7.83241
15.40391,7.82740
15.41395,7.82740
15.42398,7.82740
15.43402,7.82740
15.44405,7.82740
15.45409,7.82740
15.46412,7.82238
15.47416,7.82238
15.48419,7.82238
15.49423,7.82238
15.50426,7.82238
15.51430,7.82238
15.52434,7.82238
15.53437,7.82238
15.54441,7.81736
15.55444,7.82238
15.56448,7.82238
15.57451,7.82238
15.58455,7.82238
15.59458,7.82740
15.60462,7.82740
15.61465,7.82740
15.62469,7.82740
15.63472,7.82740
15.64476,7.82740
15.65479,7.82740
15.66483,7.82740
15.67486,7.82238
15.68490,7.82238
15.69493,7.82238
15.70497,7.82238
15.71500,7.82238
15.72504,7.82238
15.73507,7.81736
15.74511,7.81736
15.75514,7.81736
15.76518,7.81736
15.77521,7.81736
15.78525,7.81736
15.79528,7.81234
15.80532,7.81234
15.81535,7.81234
15.82539,7.81234
15.83542,7.81234
15.84546,7.81234
15.85549,7.80733
15.86553,7.80733
15.87556,7.80733
15.88560,7.80733
15.89563,7.80733
15.90567,7.80231
15.91570,7.80231
15.92574,7.80231
15.93578,7.80231
15.94581,7.79729
15.95585,7.79729
15.96588,7.79729
15.97592,7.79729
15.98595,7.79729
15.99599,7.79227
16.00602,7.79227
16.01606,7.79227
16.02609,7.79227
16.03613,7.79227
16.04616,7.78726
16.05620,7.78726
16.06623,7.78726
16.07627,7.78726
16.08630,7.78726
16.09634,7.78224
16.10637,7.78224
16.11641,7.78224
16.12644,7.78224
16.13648,7.78224
16.14651,7.78224
16.15655,7.77722
16.16658,7.77722
16.17662,7.77220
16.18665,7.77220
16.19669,7.77220
16.20672,7.76719
16.21676,7.76719
16.22679,7.76719
16.23683,7.76217
16.24686,7.76217
16.25690,7.76217
16.26693,7.75715
16.27697,7.75715
16.28700,7.75715
16.29704,7.75213
16.30707,7.75213
16.31711,7.75213
16.32715,7.75213
16.33718,7.74711
16.34722,7.74711
16.35725,7.74711
16.36729,7.74210
16.37732,7.74210
16.38736,7.74210
16.39739,7.73708
16.40743,7.73708
16.41746,7.73708
16.42750,7.73206
16.43753,7.73206
16.44757,7.73206
16.45760,7.72704
16.46764,7.72704
16.47767,7.72203
16.48771,7.72203
16.49774,7.72203
16.50778,7.71701
16.51781,7.71701
16.52785,7.71701
16.53788,7.71199
16.54792,7.71199
16.55795,7.71199
16.56799,7.70697
16.57802,7.70697
16.58806,7.70697
16.59809,7.70196
16.60813,7.70196
16.61816,7.70196
16.62820,7.69694
16.63823,7.69694
16.64827,7.69192
16.65830,7.69192
16.66834,7.69192
16.67837,7.68690
16.68841,7.68690
16.69844,7.68189
16.70848,7.68189
16.71851,7.67687
16.72855,7.67687
16.73859,7.67185
16.74862,7.67185
16.75866,7.67185
16.76869,7.66683
16.77873,7.66683
16.78876,7.66182
16.79880,7.66182
16.80883,7.65680
16.81887,7.65680
16.82890,7.65178
16.83894,7.65178
16.84897,7.65178
16.85901,7.64676
16.86904,7.64676
16.87908,7.64175
16.88911,7.64175
16.89915,7.63673
16.90918,7.63673
16.91922,7.63171
16.92925,7.63171
16.93929,7.62669
16.94932,7.62669
16.95936,7.62168
16.96939,7.62168
16.97943,7.61666
16.98946,7.61666
16.99950,7.61164
17.00953,7.61164
17.01957,7.60662
17.02960,7.60662
17.03964,7.60662
17.04967,7.60161
17.05971,7.60161
17.06974,7.59659
17.07978,7.59659
17.08981,7.59157
17.09985,7.59157
17.10988,7.58655
17.11992,7.58655
17.12995,7.58154
17.13999,7.57652
17.15003,7.57652
17.16006,7.57150
17.17010,7.57150
17.18013,7.56648
17.19017,7.56147
17.20020,7.56147
17.21024,7.55645
17.22027,7.55645
17.23031,7.55143
17.24034,7.55143
17.25038,7.54641
17.26041,7.54139
17.27045,7.54139
17.28048,7.53638
17.29052,7.53638
17.30055,7.53136
17.31059,7.52634
17.32062,7.52634
17.33066,7.52132
17.34069,7.52132
17.35073,7.51631
17.36076,7.51129
17.37080,7.51129
17.38083,7.50627
17.39087,7.50627
17.40090,7.50125
17.41094,7.49624
17.42097,7.49624
17.43101,7.49122
17.44104,7.48620
17.45108,7.48620
17.46111,7.48118
17.47115,7.48118
17.48118,7.47617
17.49122,7.47115
17.50125,7.47115
17.51129,7.46613
17.52132,7.46613
17.53136,7.46111
17.54139,7.45610
17.55143,7.45610
17.56147,7.45108
17.57150,7.44606
17.58154,7.44606
17.59157,7.44104
17.60161,7.43603
17.61164,7.43603
17.62168,7.43101
17.63171,7.42599
17.64175,7.42599
17.65178,7.42097
17.66182,7.41596
17.67185,7.41596
17.68189,7.41094
17.69192,7.40592
17.70196,7.40090
17.71199,7.40090
17.72203,7.39589
17.73206,7.39087
17.74210,7.39087
17.75213,7.38585
17.76217,7.38083
17.77220,7.38083
17.78224,7.37582
17.79227,7.37080
17.80231,7.36578
17.81234,7.36076
17.82238,7.36076
17.83241,7.35575
17.84245,7.35073
17.85248,7.34571
17.86252,7.34069
17.87255,7.33567
17.88259,7.33567
17.89262,7.33066
17.90266,7.32564
17.91269,7.32062
17.92273,7.31560
17.93276,7.31059
17.94280,7.31059
17.95283,7.30557
17.96287,7.30055
17.97291,7.29553
17.98294,7.29052
17.99298,7.28550
18.00301,7.28550
18.01305,7.28048
18.02308,7.27546
18.03312,7.27045
18.04315,7.26543
18.05319,7.26041
18.06322,7.25539
18.07326,7.25539
18.08329,7.25038
18.09333,7.24536
18.10336,7.24034
18.11340,7.23532
18.12343,7.23031
18.13347,7.22529
18.14350,7.22027
18.15354,7.22027
18.16357,7.21525
18.17361,7.21024
18.18364,7.20522
18.19368,7.20020
18.20371,7.19518
18.21375,7.19017
18.22378,7.18515
18.23382,7.18013
18.24385,7.17511
18.25389,7.17010
18.26392,7.16508
18.27396,7.16006
18.28399,7.15504
18.29403,7.15003
18.30406,7.14501
18.31410,7.13999
18.32413,7.13497
18.33417,7.12995
18.34420,7.12494
18.35424,7.11992
18.36427,7.11490
18.37431,7.10988
18.38435,7.10487
18.39438,7.09985
18.40442,7.09483
18.41445,7.08981
18.42449,7.07978
18.43452,7.07476
18.44456,7.06974
18.45459,7.06473
18.46463,7.05971
18.47466,7.05469
18.48470,7.04967
18.49473,7.04466
18.50477,7.03964
18.51480,7.03462
18.52484,7.02960
18.53487,7.02459
18.54491,7.01455
18.55494,7.00953
18.56498,7.00452
18.57501,6.99950
18.58505,6.99448
18.59508,6.98445
18.60512,6.97943
18.61515,6.97441
18.62519,6.96939
18.63522,6.96438
18.64526,6.95434
18.65529,6.94932
18.66533,6.94431
18.67536,6.93929
18.68540,6.93427
18.69543,6.92423
18.70547,6.91922
18.71550,6.91420
18.72554,6.90918
18.73557,6.89915
18.74561,6.89413
18.75564,6.88409
18.76568,6.87908
18.77572,6.87406
18.78575,6.86402
18.79579,6.85901
18.80582,6.84897
18.81586,6.84395
18.82589,6.83894
18.83593,6.82890
18.84596,6.82388
18.85600,6.81385
18.86603,6.80883
18.87607,6.79880
18.88610,6.79378
18.89614,6.78374
18.90617,6.77873
18.91621,6.76869
18.92624,6.75866
18.93628,6.75364
18.94631,6.74360
18.95635,6.73859
18.96638,6.72855
18.97642,6.72353
18.98645,6.71350
18.99649,6.70346
19.00652,6.69844
19.01656,6.68841
19.02659,6.68339
19.03663,6.67336
19.04666,6.66332
19.05670,6.65329
19.06673,6.64827
19.07677,6.63823
19.08680,6.62820
19.09684,6.62318
19.10687,6.61315
19.11691,6.60311
19.12694,6.59809
19.13698,6.58806
19.14701,6.57802
19.15705,6.56799
19.16708,6.55795
19.17712,6.54792
19.18716,6.53788
19.19719,6.52785
19.20723,6.51781
19.21726,6.50778
19.22730,6.49774
19.23733,6.48771
19.24737,6.47767
19.25740,6.46764
19.26744,6.45760
19.27747,6.44757
19.28751,6.43753
19.29754,6.42750
19.30758,6.41746
19.31761,6.40743
19.32765,6.39739
19.33768,6.38736
19.34772,6.37732
19.35775,6.36729
19.36779,6.35725
19.37782,6.34722
19.38786,6.33718
19.39789,6.32715
19.40793,6.31209
19.41796,6.30206
19.42800,6.29202
19.43803,6.27697
19.44807,6.26693
19.45810,6.25690
19.46814,6.24185
19.47817,6.22679
19.48821,6.21676
19.49824,6.20171
19.50828,6.18665
19.51831,6.17160
19.52835,6.15655
19.53838,6.14150
19.54842,6.12142
19.55845,6.10637
19.56849,6.09132
19.57852,6.07125
19.58856,6.05620
19.59860,6.04114
19.60863,6.02107
19.61867,6.00100
19.62870,5.98595
19.63874,5.96588
19.64877,5.94581
19.65881,5.92574
19.66884,5.90567
19.67888,5.88560
19.68891,5.86553
19.69895,5.84044
19.70898,5.81535
19.71902,5.79027
19.72905,5.77020
19.73909,5.74511
19.74912,5.72002
19.75916,5.69493
19.76919,5.66984
19.77923,5.64476
19.78926,5.61465
19.79930,5.58956
19.80933,5.56448
19.81937,5.53437
19.82940,5.50426
19.83944,5.47416
19.84947,5.44405
19.85951,5.41395
19.86954,5.38384
19.87958,5.34370
19.88961,5.30356
19.89965,5.26342
19.90968,5.22328
19.91972,5.17311
19.92975,5.12795
19.93979,5.07777
19.94982,5.01756
19.95986,4.95735
19.96989,4.88710
19.97993,4.76668
19.98996,4.39037
