model_name,model_type,parameters,radius_ft,radius_longitudinal_ft,radius_transverse_ft,center_x,center_y,center_z,apex_x,apex_y,apex_z,rim_rmse_in,rim_max_abs_error_in,center_rise_in,center_rise_mm,curvature_min,curvature_max,physically_admissible,selected,notes
single_sphere,sphere,"{""R_in"": 220.20257152496248, ""cx"": -0.0010274118108132958, ""cy"": 21.376933262445792, ""cz"": -215.40714630594172, ""sign"": 1.0}",18.350,,,-0.0010,21.3769,-215.4071,-0.0010,21.3769,4.7954,0.02633,0.07103,0.1080,2.743,0.000021,0.000021,False,False,unconstrained best-fit sphere; center/apex recorded verbatim (apex may lie outside the body)
fixed_12ft,fixed_sphere,"{""R_in"": 144.0, ""cx"": 0.0, ""cy"": 17.588331380023543, ""cz"": -139.19738721903877, ""sign"": 1.0}",12.000,,,0.0000,17.5883,-139.1974,0.0000,17.5883,4.8026,0.04495,0.07961,0.2093,5.316,0.000048,0.000048,False,False,diagnostic fixed radius (NOT a historical claim)
fixed_15ft,fixed_sphere,"{""R_in"": 180.0, ""cx"": 0.0, ""cy"": 19.37866897248208, ""cz"": -175.21147568273787, ""sign"": 1.0}",15.000,,,0.0000,19.3787,-175.2115,0.0000,19.3787,4.7885,0.03049,0.06745,0.1507,3.828,0.000031,0.000031,False,False,diagnostic fixed radius (NOT a historical claim)
fixed_18ft,fixed_sphere,"{""R_in"": 216.0, ""cx"": 0.0, ""cy"": 21.16807974505466, ""cz"": -211.20604084341204, ""sign"": 1.0}",18.000,,,0.0000,21.1681,-211.2060,0.0000,21.1681,4.7940,0.02636,0.07072,0.1117,2.837,0.000021,0.000021,False,False,diagnostic fixed radius (NOT a historical claim)
fixed_20ft,fixed_sphere,"{""R_in"": 240.0, ""cx"": 0.0, ""cy"": 22.360707352912925, ""cz"": -235.19591598019434, ""sign"": 1.0}",20.000,,,0.0000,22.3607,-235.1959,0.0000,22.3607,4.8041,0.02693,0.07235,0.1041,2.645,0.000017,0.000017,False,False,diagnostic fixed radius (NOT a historical claim)
fixed_25ft,fixed_sphere,"{""R_in"": 300.0, ""cx"": 0.0, ""cy"": 25.341613163439813, ""cz"": -295.15695920364647, ""sign"": 1.0}",25.000,,,0.0000,25.3416,-295.1570,0.0000,25.3416,4.8430,0.03203,0.07528,0.0991,2.516,0.000011,0.000011,False,False,diagnostic fixed radius (NOT a historical claim)
fixed_30ft,fixed_sphere,"{""R_in"": 360.0, ""cx"": 0.0, ""cy"": 28.321946366123242, ""cz"": -355.1063125211315, ""sign"": 1.0}",30.000,,,0.0000,28.3219,-355.1063,0.0000,28.3219,4.8937,0.03745,0.07724,0.0979,2.485,0.000008,0.000008,False,False,diagnostic fixed radius (NOT a historical claim)
compound_paraboloid,elliptic_paraboloid,"{""inv_Rl_perin"": 7.845462587434643e-05, ""inv_Rt_perin"": 0.005599487304793764, ""y0"": -588.963999241999, ""z0"": -9.864892430314054}",,1062.185,14.882,0.0000,-588.9640,-9.8649,0.0000,-588.9640,-9.8649,0.06102,0.10991,0.1094,2.778,0.000000,0.000000,False,False,separable quadratic; independent longitudinal/transverse radii
constrained_tps,thin_plate_spline,"{""kernel"": ""thin_plate_spline"", ""n_boundary_pts"": 555, ""smoothing"": 0.0}",,,,,,,,,,0.00000,0.00000,0.0634,1.610,-0.000434,0.000057,True,True,boundary-exact minimal-assumption surface (adds no dome)
