s_star_developed_arc_in,developed_fraction,station_in,station_fraction_internal_axis,x_in,y_in,z_side_height_in
0.0000,0.000000,0.00000,0.000000,3.08580,0.00000,3.75000
0.1250,0.005105,0.18033,0.005925,3.21068,0.00555,3.74830
0.2500,0.010210,0.36052,0.011844,3.33554,0.01141,3.74681
0.3750,0.015316,0.54054,0.017759,3.46033,0.01854,3.74551
0.5000,0.020421,0.72040,0.023668,3.58504,0.02706,3.74439
0.6250,0.025526,0.90009,0.029572,3.70960,0.03755,3.74343
0.7500,0.030631,1.07961,0.035470,3.83400,0.04974,3.74262
0.8750,0.035737,1.25896,0.041362,3.95808,0.06484,3.74195
1.0000,0.040842,1.43812,0.047248,4.08165,0.08345,3.74141
1.1250,0.045947,1.61709,0.053128,4.20372,0.11014,3.74098
1.2500,0.051052,1.79588,0.059002,4.32524,0.13940,3.74065
1.3750,0.056158,1.97446,0.064869,4.44342,0.17992,3.74040
1.5000,0.061263,2.15285,0.070730,4.55876,0.22792,3.74023
1.6250,0.066368,2.33103,0.076584,4.67329,0.27774,3.74011
1.7500,0.071473,2.50900,0.082431,4.78631,0.33094,3.74004
1.8750,0.076578,2.68675,0.088271,4.89417,0.39274,3.74001
2.0000,0.081684,2.86429,0.094104,4.99129,0.47047,3.74000
2.1250,0.086789,3.04160,0.099929,5.08194,0.55610,3.74006
2.2500,0.091894,3.21867,0.105747,5.16213,0.65040,3.74151
2.3750,0.096999,3.39552,0.111557,5.23831,0.74759,3.74480
2.5000,0.102105,3.57213,0.117359,5.30344,0.85274,3.74974
2.6250,0.107210,3.74849,0.123154,5.36671,0.95922,3.75616
2.7500,0.112315,3.92460,0.128940,5.42630,1.06837,3.76388
2.8750,0.117420,4.10046,0.134717,5.47772,1.18123,3.77272
3.0000,0.122526,4.27606,0.140487,5.52465,1.29515,3.78252
3.1250,0.127631,4.45140,0.146247,5.56708,1.41013,3.79311
3.2500,0.132736,4.62647,0.151999,5.60504,1.52617,3.80430
3.3750,0.137841,4.80127,0.157742,5.64299,1.64221,3.81594
3.5000,0.142946,4.97579,0.163476,5.67486,1.75969,3.82786
3.6250,0.148052,5.15003,0.169200,5.70094,1.87854,3.83988
3.7500,0.153157,5.32398,0.174915,5.72542,1.99776,3.85185
3.8750,0.158262,5.49764,0.180621,5.74991,2.11697,3.86360
4.0000,0.163367,5.67100,0.186316,5.76991,2.23725,3.87498
4.1250,0.168473,5.84407,0.192002,5.78525,2.35863,3.88581
4.2500,0.173578,6.01682,0.197678,5.78525,2.47889,3.89596
4.3750,0.178683,6.18927,0.203344,5.79188,2.60232,3.90599
4.5000,0.183788,6.36140,0.208999,5.81034,2.72296,3.91634
4.6250,0.188894,6.53321,0.214643,5.81535,2.84678,3.92695
4.7500,0.193999,6.70469,0.220277,5.81535,2.97178,3.93779
4.8750,0.199104,6.87585,0.225901,5.82539,3.09441,3.94881
5.0000,0.204209,7.04667,0.231513,5.82037,3.21823,3.95997
5.1250,0.209314,7.21715,0.237114,5.82075,3.34094,3.97121
5.2500,0.214420,7.38729,0.242703,5.81034,3.46349,3.98250
5.3750,0.219525,7.55708,0.248282,5.81034,3.58849,3.99380
5.5000,0.224630,7.72651,0.253848,5.80030,3.71112,4.00506
5.6250,0.229735,7.89559,0.259403,5.79027,3.83375,4.01624
5.7500,0.234841,8.06430,0.264946,5.78023,3.95638,4.02730
5.8750,0.239946,8.23264,0.270477,5.76016,4.07664,4.03819
6.0000,0.245051,8.40061,0.275996,5.74009,4.19690,4.04889
6.1250,0.250156,8.56821,0.281502,5.72359,4.31801,4.05934
6.2500,0.255262,8.73542,0.286995,5.70807,4.43935,4.06952
6.3750,0.260367,8.90225,0.292476,5.68359,4.55857,4.07938
6.5000,0.265472,9.06868,0.297944,5.66359,4.67884,4.08891
6.6250,0.270577,9.23471,0.303399,5.64359,4.79912,4.09832
6.7500,0.275682,9.40035,0.308841,5.62359,4.91940,4.10767
6.8750,0.280788,9.56558,0.314270,5.60359,5.03968,4.11693
7.0000,0.285893,9.73040,0.319684,5.58359,5.15996,4.12611
7.1250,0.290998,9.89480,0.325086,5.56359,5.28024,4.13518
7.2500,0.296103,10.05878,0.330473,5.54360,5.40052,4.14415
7.3750,0.301209,10.22234,0.335847,5.52434,5.52097,4.15299
7.5000,0.306314,10.38546,0.341206,5.50426,5.64123,4.16171
7.6250,0.311419,10.54815,0.346551,5.47918,5.76031,4.17028
7.7500,0.316524,10.71041,0.351882,5.45911,5.88057,4.17871
7.8750,0.321630,10.87221,0.357198,5.44405,6.00202,4.18697
8.0000,0.326735,11.03357,0.362499,5.42900,6.12346,4.19507
8.1250,0.331840,11.19448,0.367786,5.41897,6.24610,4.20299
8.2500,0.336945,11.35492,0.373057,5.40893,6.36873,4.21073
8.3750,0.342050,11.51491,0.378313,5.40893,6.49373,4.21827
8.4041,0.343239,11.55209,0.379535,5.40893,6.52283,4.22000
8.5000,0.347156,11.67452,0.383557,5.40893,6.61873,4.22562
8.6250,0.352261,11.83397,0.388796,5.41395,6.74254,4.23277
8.7500,0.357366,11.99329,0.394030,5.41897,6.86636,4.23971
8.8750,0.362471,12.15245,0.399259,5.42900,6.98899,4.24645
9.0000,0.367577,12.31146,0.404483,5.44206,7.11091,4.25300
9.1250,0.372682,12.47033,0.409703,5.45911,7.23188,4.25938
9.2500,0.377787,12.62904,0.414917,5.47757,7.35252,4.26560
9.3750,0.382892,12.78761,0.420127,5.49925,7.47240,4.27168
9.5000,0.387998,12.94601,0.425331,5.51932,7.59267,4.27762
9.6250,0.393103,13.10427,0.430530,5.53939,7.71114,4.28345
9.7500,0.398208,13.26236,0.435724,5.56045,7.82938,4.28919
9.8750,0.403313,13.42030,0.440913,5.58956,7.94751,4.29483
10.0000,0.408418,13.57808,0.446097,5.61967,8.06540,4.30041
10.1250,0.413524,13.73570,0.451276,5.65186,8.18280,4.30592
10.2500,0.418629,13.89316,0.456449,5.68981,8.29885,4.31140
10.3750,0.423734,14.05045,0.461616,5.72777,8.41488,4.31684
10.5000,0.428839,14.20758,0.466779,5.76572,8.53093,4.32227
10.6250,0.433945,14.36454,0.471936,5.80815,8.64591,4.32770
10.7500,0.439050,14.52134,0.477087,5.85508,8.75983,4.33314
10.8750,0.444155,14.67797,0.482233,5.90040,8.87055,4.33860
11.0000,0.449260,14.83443,0.487374,5.94653,8.98288,4.34411
11.1250,0.454366,14.99072,0.492508,5.99266,9.09520,4.34967
11.2500,0.459471,15.14684,0.497637,6.04407,9.20806,4.35524
11.3750,0.464576,15.30278,0.502761,6.09389,9.31773,4.36077
11.5000,0.469681,15.45855,0.507879,6.14370,9.42739,4.36627
11.6250,0.474786,15.61415,0.512990,6.19712,9.53881,4.37173
11.7500,0.479892,15.76956,0.518096,6.24942,9.64886,4.37716
11.8750,0.484997,15.92480,0.523197,6.30206,9.75607,4.38257
12.0000,0.490102,16.07986,0.528291,6.35354,9.86714,4.38795
12.1250,0.495207,16.23473,0.533379,6.40391,9.97641,4.39332
12.2500,0.500313,16.38943,0.538462,6.45606,10.08222,4.39867
12.3750,0.505418,16.54394,0.543538,6.50768,10.19057,4.40402
12.5000,0.510523,16.69826,0.548608,6.56060,10.29366,4.40936
12.6250,0.515628,16.85240,0.553672,6.61020,10.40348,4.41470
12.7500,0.520734,17.00635,0.558730,6.66190,10.51396,4.42004
12.8750,0.525839,17.16011,0.563782,6.71350,10.62320,4.42539
13.0000,0.530944,17.31369,0.568827,6.76367,10.73457,4.43075
13.1250,0.536049,17.46707,0.573867,6.81385,10.84236,4.43612
13.2500,0.541154,17.62025,0.578899,6.86196,10.95422,4.44151
13.3750,0.546260,17.77325,0.583926,6.91257,11.06548,4.44692
13.5000,0.551365,17.92604,0.588946,6.96123,11.17598,4.45236
13.6250,0.556470,18.07864,0.593960,7.00452,11.28841,4.45783
13.7500,0.561575,18.23105,0.598967,7.05464,11.39980,4.46342
13.8750,0.566681,18.38325,0.603967,7.10077,11.51212,4.46910
14.0000,0.571786,18.53525,0.608961,7.14690,11.62444,4.47486
14.1250,0.576891,18.68705,0.613948,7.19302,11.73676,4.48069
14.2500,0.581996,18.83865,0.618929,7.23532,11.84999,4.48655
14.3750,0.587101,18.99004,0.623903,7.28078,11.96247,4.49244
14.5000,0.592207,19.14123,0.628870,7.32242,12.07585,4.49834
14.6250,0.597312,19.29221,0.633830,7.36578,12.18705,4.50422
14.7500,0.602417,19.44298,0.638784,7.40592,12.30257,4.51008
14.8750,0.607522,19.59354,0.643730,7.44606,12.41809,4.51588
15.0000,0.612628,19.74389,0.648670,7.48609,12.53365,4.52163
15.1250,0.617733,19.89402,0.653602,7.52404,12.64969,4.52729
15.2500,0.622838,20.04395,0.658528,7.56199,12.76573,4.53285
15.3750,0.627943,20.19365,0.663447,7.59659,12.88256,4.53829
15.5000,0.633049,20.34315,0.668358,7.63340,12.99887,4.54360
15.6250,0.638154,20.49242,0.673262,7.66238,13.11703,4.54876
15.7500,0.643259,20.64148,0.678159,7.69135,13.23519,4.55375
15.8750,0.648364,20.79031,0.683049,7.72033,13.35335,4.55856
16.0000,0.653469,20.93892,0.687932,7.74711,13.47202,4.56317
16.1250,0.658575,21.08731,0.692807,7.76930,13.59178,4.56760
16.2500,0.663680,21.23548,0.697675,7.78930,13.71206,4.57202
16.3750,0.668785,21.38342,0.702535,7.80733,13.83281,4.57642
16.5000,0.673890,21.53114,0.707388,7.81736,13.95544,4.58081
16.6250,0.678996,21.67862,0.712234,7.82740,14.07807,4.58516
16.7500,0.684101,21.82588,0.717072,7.83743,14.20070,4.58946
16.8750,0.689206,21.97290,0.721902,7.84747,14.32333,4.59371
17.0000,0.694311,22.11970,0.726725,7.85750,14.44596,4.59788
17.1250,0.699417,22.26626,0.731540,7.85750,14.57096,4.60197
17.2500,0.704522,22.41258,0.736348,7.86252,14.69478,4.60596
17.3750,0.709627,22.55867,0.741147,7.85750,14.81859,4.60984
17.5000,0.714732,22.70453,0.745939,7.85750,14.94359,4.61360
17.6250,0.719837,22.85014,0.750723,7.85248,15.06740,4.61722
17.7500,0.724943,22.99551,0.755499,7.84747,15.19122,4.62071
17.8750,0.730048,23.14065,0.760268,7.83743,15.31385,4.62403
18.0000,0.735153,23.28554,0.765028,7.82740,15.43648,4.62719
18.1250,0.740258,23.43019,0.769780,7.82238,15.55793,4.63018
18.2500,0.745364,23.57459,0.774524,7.82238,15.68055,4.63297
18.3750,0.750469,23.71874,0.779261,7.81234,15.80318,4.63556
18.5000,0.755574,23.86265,0.783989,7.80231,15.92582,4.63793
18.6250,0.760679,24.00631,0.788708,7.78726,16.04726,4.64009
18.7500,0.765785,24.14972,0.793420,7.77574,16.16954,4.64206
18.8750,0.770890,24.29288,0.798123,7.75574,16.28982,4.64390
19.0000,0.775995,24.43578,0.802818,7.73708,16.41042,4.64562
19.1250,0.781100,24.57843,0.807505,7.71574,16.53038,4.64724
19.2500,0.786205,24.72083,0.812183,7.69192,16.64976,4.64875
19.3750,0.791311,24.86296,0.816853,7.66683,16.76883,4.65019
19.5000,0.796416,25.00484,0.821514,7.64175,16.88791,4.65155
19.6250,0.801521,25.14646,0.826167,7.61164,17.00581,4.65285
19.7500,0.806626,25.28782,0.830811,7.58433,17.12436,4.65411
19.8750,0.811732,25.42892,0.835447,7.55087,17.24146,4.65533
20.0000,0.816837,25.56976,0.840074,7.51292,17.35750,4.65652
20.1250,0.821942,25.71033,0.844692,7.47946,17.47460,4.65770
20.2500,0.827047,25.85063,0.849302,7.44151,17.59064,4.65888
20.3750,0.832153,25.99067,0.853903,7.40090,17.70605,4.66007
20.5000,0.837258,26.13044,0.858495,7.36076,17.82158,4.66128
20.6250,0.842363,26.26993,0.863078,7.31059,17.93473,4.66252
20.7500,0.847468,26.40916,0.867652,7.26278,18.04845,4.66381
20.8750,0.852573,26.54812,0.872217,7.21585,18.16237,4.66514
21.0000,0.857679,26.68680,0.876774,7.15995,18.27417,4.66654
21.1250,0.862784,26.82520,0.881321,7.10406,18.38598,4.66801
21.2500,0.867889,26.96333,0.885859,7.04446,18.49512,4.66957
21.3750,0.872994,27.10119,0.890388,6.98118,18.60161,4.67120
21.5000,0.878100,27.23876,0.894908,6.91791,18.70810,4.67287
21.6250,0.883205,27.37605,0.899419,6.84725,18.80926,4.67456
21.7500,0.888310,27.51307,0.903920,6.77536,18.90954,4.67629
21.8750,0.893415,27.64979,0.908412,6.69856,19.00628,4.67804
22.0000,0.898521,27.78624,0.912895,6.61899,19.10103,4.67982
22.1250,0.903626,27.92240,0.917368,6.53352,19.19152,4.68162
22.2500,0.908731,28.05827,0.921832,6.44513,19.27991,4.68346
22.3750,0.913836,28.19386,0.926287,6.35674,19.36830,4.68531
22.5000,0.918941,28.32915,0.930732,6.26383,19.45117,4.68720
22.6250,0.924047,28.46416,0.935167,6.16283,19.52416,4.68910
22.7500,0.929152,28.59887,0.939593,6.05602,19.58868,4.69104
22.8750,0.934257,28.73329,0.944009,5.94646,19.64844,4.69299
23.0000,0.939362,28.86741,0.948416,5.83348,19.70173,4.69497
23.1250,0.944468,29.00124,0.952813,5.71819,19.74985,4.69697
23.2500,0.949573,29.13477,0.957200,5.60149,19.79453,4.69899
23.3750,0.954678,29.26801,0.961577,5.48371,19.83626,4.70103
23.5000,0.959783,29.40094,0.965945,5.36470,19.87433,4.70310
23.6250,0.964889,29.53357,0.970302,5.24343,19.90465,4.70518
23.7500,0.969994,29.66590,0.974650,5.12128,19.93109,4.70728
23.8750,0.975099,29.79793,0.978987,4.99823,19.95304,4.70940
24.0000,0.980204,29.92965,0.983315,4.87456,19.97094,4.71154
24.1250,0.985309,30.06107,0.987633,4.74994,19.98038,4.71370
24.2500,0.990415,30.19218,0.991940,4.62498,19.98371,4.71587
24.3750,0.995520,30.32297,0.996237,4.50002,19.98704,4.71806
24.4847,1.000000,30.43750,1.000000,4.39037,19.98996,4.72000
