brace_id,y_from_neck_in,position_uncertainty_in,member,surface_rise_center_mm,transverse_fitted_radius_ft,transverse_curvature_perin,note
BB1,4.133,0.40,floor,0.414,88.82,0.00094,back-SURFACE curvature under brace; brace-bottom curvature UNKNOWN (004F)
BB1,4.133,0.40,q25,1.281,27.64,0.00301,back-SURFACE curvature under brace; brace-bottom curvature UNKNOWN (004F)
BB1,4.133,0.40,mid,1.466,24.10,0.00346,back-SURFACE curvature under brace; brace-bottom curvature UNKNOWN (004F)
BB1,4.133,0.40,q75,1.651,21.37,0.00390,back-SURFACE curvature under brace; brace-bottom curvature UNKNOWN (004F)
BB1,4.133,0.40,ceiling,1.836,19.19,0.00434,back-SURFACE curvature under brace; brace-bottom curvature UNKNOWN (004F)
BB2,7.362,0.40,floor,0.239,154.92,0.00054,back-SURFACE curvature under brace; brace-bottom curvature UNKNOWN (004F)
BB2,7.362,0.40,q25,1.511,21.37,0.00390,back-SURFACE curvature under brace; brace-bottom curvature UNKNOWN (004F)
BB2,7.362,0.40,mid,1.782,18.06,0.00462,back-SURFACE curvature under brace; brace-bottom curvature UNKNOWN (004F)
BB2,7.362,0.40,q75,2.053,15.63,0.00533,back-SURFACE curvature under brace; brace-bottom curvature UNKNOWN (004F)
BB2,7.362,0.40,ceiling,2.324,13.78,0.00605,back-SURFACE curvature under brace; brace-bottom curvature UNKNOWN (004F)
BB3,10.772,0.40,floor,0.416,112.65,0.00074,back-SURFACE curvature under brace; brace-bottom curvature UNKNOWN (004F)
BB3,10.772,0.40,q25,1.806,26.66,0.00313,back-SURFACE curvature under brace; brace-bottom curvature UNKNOWN (004F)
BB3,10.772,0.40,mid,2.102,22.93,0.00363,back-SURFACE curvature under brace; brace-bottom curvature UNKNOWN (004F)
BB3,10.772,0.40,q75,2.399,20.11,0.00414,back-SURFACE curvature under brace; brace-bottom curvature UNKNOWN (004F)
BB3,10.772,0.40,ceiling,2.695,17.91,0.00465,back-SURFACE curvature under brace; brace-bottom curvature UNKNOWN (004F)
BB4,14.758,0.40,floor,-0.330,7101.43,0.00001,back-SURFACE curvature under brace; brace-bottom curvature UNKNOWN (004F)
BB4,14.758,0.40,q25,0.697,106.04,0.00079,back-SURFACE curvature under brace; brace-bottom curvature UNKNOWN (004F)
BB4,14.758,0.40,mid,0.916,78.26,0.00106,back-SURFACE curvature under brace; brace-bottom curvature UNKNOWN (004F)
BB4,14.758,0.40,q75,1.135,62.02,0.00134,back-SURFACE curvature under brace; brace-bottom curvature UNKNOWN (004F)
BB4,14.758,0.40,ceiling,1.354,51.36,0.00162,back-SURFACE curvature under brace; brace-bottom curvature UNKNOWN (004F)
