section_name,y_in,x_in,z_in,local_rim_z_in,rise_in,fitted_local_radius_in,fitted_local_radius_ft,residual_in,section_status
upper_bout,3.1912,-5.8204,3.9586,3.9586,-0.0000,508.958,42.413,0.00039,symmetric(err=3.67e-05); center_rise=+0.0323in
upper_bout,3.1912,-5.5704,3.9610,3.9586,0.0024,508.958,42.413,0.00039,symmetric(err=3.67e-05); center_rise=+0.0323in
upper_bout,3.1912,-5.3204,3.9636,3.9586,0.0050,508.958,42.413,0.00039,symmetric(err=3.67e-05); center_rise=+0.0323in
upper_bout,3.1912,-5.0704,3.9661,3.9586,0.0075,508.958,42.413,0.00039,symmetric(err=3.67e-05); center_rise=+0.0323in
upper_bout,3.1912,-4.8204,3.9684,3.9586,0.0099,508.958,42.413,0.00039,symmetric(err=3.67e-05); center_rise=+0.0323in
upper_bout,3.1912,-4.5704,3.9708,3.9586,0.0122,508.958,42.413,0.00039,symmetric(err=3.67e-05); center_rise=+0.0323in
upper_bout,3.1912,-4.3204,3.9730,3.9586,0.0144,508.958,42.413,0.00039,symmetric(err=3.67e-05); center_rise=+0.0323in
upper_bout,3.1912,-4.0704,3.9752,3.9586,0.0166,508.958,42.413,0.00039,symmetric(err=3.67e-05); center_rise=+0.0323in
upper_bout,3.1912,-3.8204,3.9773,3.9586,0.0187,508.958,42.413,0.00039,symmetric(err=3.67e-05); center_rise=+0.0323in
upper_bout,3.1912,-3.5704,3.9793,3.9586,0.0207,508.958,42.413,0.00039,symmetric(err=3.67e-05); center_rise=+0.0323in
upper_bout,3.1912,-3.3204,3.9812,3.9586,0.0226,508.958,42.413,0.00039,symmetric(err=3.67e-05); center_rise=+0.0323in
upper_bout,3.1912,-3.0704,3.9829,3.9586,0.0243,508.958,42.413,0.00039,symmetric(err=3.67e-05); center_rise=+0.0323in
upper_bout,3.1912,-2.8204,3.9844,3.9586,0.0258,508.958,42.413,0.00039,symmetric(err=3.67e-05); center_rise=+0.0323in
upper_bout,3.1912,-2.5704,3.9857,3.9586,0.0271,508.958,42.413,0.00039,symmetric(err=3.67e-05); center_rise=+0.0323in
upper_bout,3.1912,-2.3204,3.9868,3.9586,0.0283,508.958,42.413,0.00039,symmetric(err=3.67e-05); center_rise=+0.0323in
upper_bout,3.1912,-2.0704,3.9878,3.9586,0.0292,508.958,42.413,0.00039,symmetric(err=3.67e-05); center_rise=+0.0323in
upper_bout,3.1912,-1.8204,3.9886,3.9586,0.0300,508.958,42.413,0.00039,symmetric(err=3.67e-05); center_rise=+0.0323in
upper_bout,3.1912,-1.5704,3.9892,3.9586,0.0307,508.958,42.413,0.00039,symmetric(err=3.67e-05); center_rise=+0.0323in
upper_bout,3.1912,-1.3204,3.9898,3.9586,0.0312,508.958,42.413,0.00039,symmetric(err=3.67e-05); center_rise=+0.0323in
upper_bout,3.1912,-1.0704,3.9902,3.9586,0.0316,508.958,42.413,0.00039,symmetric(err=3.67e-05); center_rise=+0.0323in
upper_bout,3.1912,-0.8204,3.9905,3.9586,0.0319,508.958,42.413,0.00039,symmetric(err=3.67e-05); center_rise=+0.0323in
upper_bout,3.1912,-0.5704,3.9907,3.9586,0.0321,508.958,42.413,0.00039,symmetric(err=3.67e-05); center_rise=+0.0323in
upper_bout,3.1912,-0.3204,3.9908,3.9586,0.0322,508.958,42.413,0.00039,symmetric(err=3.67e-05); center_rise=+0.0323in
upper_bout,3.1912,-0.0704,3.9909,3.9586,0.0323,508.958,42.413,0.00039,symmetric(err=3.67e-05); center_rise=+0.0323in
upper_bout,3.1912,0.1796,3.9909,3.9586,0.0323,508.958,42.413,0.00039,symmetric(err=3.67e-05); center_rise=+0.0323in
upper_bout,3.1912,0.4296,3.9908,3.9586,0.0322,508.958,42.413,0.00039,symmetric(err=3.67e-05); center_rise=+0.0323in
upper_bout,3.1912,0.6796,3.9906,3.9586,0.0320,508.958,42.413,0.00039,symmetric(err=3.67e-05); center_rise=+0.0323in
upper_bout,3.1912,0.9296,3.9903,3.9586,0.0318,508.958,42.413,0.00039,symmetric(err=3.67e-05); center_rise=+0.0323in
upper_bout,3.1912,1.1796,3.9900,3.9586,0.0314,508.958,42.413,0.00039,symmetric(err=3.67e-05); center_rise=+0.0323in
upper_bout,3.1912,1.4296,3.9895,3.9586,0.0309,508.958,42.413,0.00039,symmetric(err=3.67e-05); center_rise=+0.0323in
upper_bout,3.1912,1.6796,3.9889,3.9586,0.0304,508.958,42.413,0.00039,symmetric(err=3.67e-05); center_rise=+0.0323in
upper_bout,3.1912,1.9296,3.9882,3.9586,0.0296,508.958,42.413,0.00039,symmetric(err=3.67e-05); center_rise=+0.0323in
upper_bout,3.1912,2.1796,3.9874,3.9586,0.0288,508.958,42.413,0.00039,symmetric(err=3.67e-05); center_rise=+0.0323in
upper_bout,3.1912,2.4296,3.9863,3.9586,0.0277,508.958,42.413,0.00039,symmetric(err=3.67e-05); center_rise=+0.0323in
upper_bout,3.1912,2.6796,3.9851,3.9586,0.0265,508.958,42.413,0.00039,symmetric(err=3.67e-05); center_rise=+0.0323in
upper_bout,3.1912,2.9296,3.9837,3.9586,0.0251,508.958,42.413,0.00039,symmetric(err=3.67e-05); center_rise=+0.0323in
upper_bout,3.1912,3.1796,3.9821,3.9586,0.0235,508.958,42.413,0.00039,symmetric(err=3.67e-05); center_rise=+0.0323in
upper_bout,3.1912,3.4296,3.9804,3.9586,0.0218,508.958,42.413,0.00039,symmetric(err=3.67e-05); center_rise=+0.0323in
upper_bout,3.1912,3.6796,3.9784,3.9586,0.0199,508.958,42.413,0.00039,symmetric(err=3.67e-05); center_rise=+0.0323in
upper_bout,3.1912,3.9296,3.9764,3.9586,0.0178,508.958,42.413,0.00039,symmetric(err=3.67e-05); center_rise=+0.0323in
upper_bout,3.1912,4.1796,3.9742,3.9586,0.0157,508.958,42.413,0.00039,symmetric(err=3.67e-05); center_rise=+0.0323in
upper_bout,3.1912,4.4296,3.9720,3.9586,0.0134,508.958,42.413,0.00039,symmetric(err=3.67e-05); center_rise=+0.0323in
upper_bout,3.1912,4.6796,3.9697,3.9586,0.0112,508.958,42.413,0.00039,symmetric(err=3.67e-05); center_rise=+0.0323in
upper_bout,3.1912,4.9296,3.9674,3.9586,0.0088,508.958,42.413,0.00039,symmetric(err=3.67e-05); center_rise=+0.0323in
upper_bout,3.1912,5.1796,3.9650,3.9586,0.0064,508.958,42.413,0.00039,symmetric(err=3.67e-05); center_rise=+0.0323in
upper_bout,3.1912,5.4296,3.9624,3.9586,0.0039,508.958,42.413,0.00039,symmetric(err=3.67e-05); center_rise=+0.0323in
upper_bout,3.1912,5.6796,3.9599,3.9586,0.0013,508.958,42.413,0.00039,symmetric(err=3.67e-05); center_rise=+0.0323in
waist,6.5228,-5.4089,4.2200,4.2200,0.0000,3458.215,288.185,0.00067,symmetric(err=1.59e-05); center_rise=+0.0057in
waist,6.5228,-5.1589,4.2216,4.2200,0.0016,3458.215,288.185,0.00067,symmetric(err=1.59e-05); center_rise=+0.0057in
waist,6.5228,-4.9089,4.2227,4.2200,0.0027,3458.215,288.185,0.00067,symmetric(err=1.59e-05); center_rise=+0.0057in
waist,6.5228,-4.6589,4.2235,4.2200,0.0035,3458.215,288.185,0.00067,symmetric(err=1.59e-05); center_rise=+0.0057in
waist,6.5228,-4.4089,4.2242,4.2200,0.0042,3458.215,288.185,0.00067,symmetric(err=1.59e-05); center_rise=+0.0057in
waist,6.5228,-4.1589,4.2246,4.2200,0.0046,3458.215,288.185,0.00067,symmetric(err=1.59e-05); center_rise=+0.0057in
waist,6.5228,-3.9089,4.2250,4.2200,0.0050,3458.215,288.185,0.00067,symmetric(err=1.59e-05); center_rise=+0.0057in
waist,6.5228,-3.6589,4.2252,4.2200,0.0052,3458.215,288.185,0.00067,symmetric(err=1.59e-05); center_rise=+0.0057in
waist,6.5228,-3.4089,4.2254,4.2200,0.0054,3458.215,288.185,0.00067,symmetric(err=1.59e-05); center_rise=+0.0057in
waist,6.5228,-3.1589,4.2255,4.2200,0.0055,3458.215,288.185,0.00067,symmetric(err=1.59e-05); center_rise=+0.0057in
waist,6.5228,-2.9089,4.2256,4.2200,0.0056,3458.215,288.185,0.00067,symmetric(err=1.59e-05); center_rise=+0.0057in
waist,6.5228,-2.6589,4.2257,4.2200,0.0057,3458.215,288.185,0.00067,symmetric(err=1.59e-05); center_rise=+0.0057in
waist,6.5228,-2.4089,4.2257,4.2200,0.0057,3458.215,288.185,0.00067,symmetric(err=1.59e-05); center_rise=+0.0057in
waist,6.5228,-2.1589,4.2257,4.2200,0.0057,3458.215,288.185,0.00067,symmetric(err=1.59e-05); center_rise=+0.0057in
waist,6.5228,-1.9089,4.2258,4.2200,0.0058,3458.215,288.185,0.00067,symmetric(err=1.59e-05); center_rise=+0.0057in
waist,6.5228,-1.6589,4.2258,4.2200,0.0058,3458.215,288.185,0.00067,symmetric(err=1.59e-05); center_rise=+0.0057in
waist,6.5228,-1.4089,4.2258,4.2200,0.0058,3458.215,288.185,0.00067,symmetric(err=1.59e-05); center_rise=+0.0057in
waist,6.5228,-1.1589,4.2257,4.2200,0.0057,3458.215,288.185,0.00067,symmetric(err=1.59e-05); center_rise=+0.0057in
waist,6.5228,-0.9089,4.2257,4.2200,0.0057,3458.215,288.185,0.00067,symmetric(err=1.59e-05); center_rise=+0.0057in
waist,6.5228,-0.6589,4.2257,4.2200,0.0057,3458.215,288.185,0.00067,symmetric(err=1.59e-05); center_rise=+0.0057in
waist,6.5228,-0.4089,4.2257,4.2200,0.0057,3458.215,288.185,0.00067,symmetric(err=1.59e-05); center_rise=+0.0057in
waist,6.5228,-0.1589,4.2257,4.2200,0.0057,3458.215,288.185,0.00067,symmetric(err=1.59e-05); center_rise=+0.0057in
waist,6.5228,0.0911,4.2257,4.2200,0.0057,3458.215,288.185,0.00067,symmetric(err=1.59e-05); center_rise=+0.0057in
waist,6.5228,0.3411,4.2257,4.2200,0.0057,3458.215,288.185,0.00067,symmetric(err=1.59e-05); center_rise=+0.0057in
waist,6.5228,0.5911,4.2257,4.2200,0.0057,3458.215,288.185,0.00067,symmetric(err=1.59e-05); center_rise=+0.0057in
waist,6.5228,0.8411,4.2257,4.2200,0.0057,3458.215,288.185,0.00067,symmetric(err=1.59e-05); center_rise=+0.0057in
waist,6.5228,1.0911,4.2257,4.2200,0.0057,3458.215,288.185,0.00067,symmetric(err=1.59e-05); center_rise=+0.0057in
waist,6.5228,1.3411,4.2257,4.2200,0.0057,3458.215,288.185,0.00067,symmetric(err=1.59e-05); center_rise=+0.0057in
waist,6.5228,1.5911,4.2257,4.2200,0.0057,3458.215,288.185,0.00067,symmetric(err=1.59e-05); center_rise=+0.0057in
waist,6.5228,1.8411,4.2257,4.2200,0.0057,3458.215,288.185,0.00067,symmetric(err=1.59e-05); center_rise=+0.0057in
waist,6.5228,2.0911,4.2257,4.2200,0.0057,3458.215,288.185,0.00067,symmetric(err=1.59e-05); center_rise=+0.0057in
waist,6.5228,2.3411,4.2257,4.2200,0.0057,3458.215,288.185,0.00067,symmetric(err=1.59e-05); center_rise=+0.0057in
waist,6.5228,2.5911,4.2257,4.2200,0.0057,3458.215,288.185,0.00067,symmetric(err=1.59e-05); center_rise=+0.0057in
waist,6.5228,2.8411,4.2256,4.2200,0.0056,3458.215,288.185,0.00067,symmetric(err=1.59e-05); center_rise=+0.0057in
waist,6.5228,3.0911,4.2255,4.2200,0.0055,3458.215,288.185,0.00067,symmetric(err=1.59e-05); center_rise=+0.0057in
waist,6.5228,3.3411,4.2254,4.2200,0.0054,3458.215,288.185,0.00067,symmetric(err=1.59e-05); center_rise=+0.0057in
waist,6.5228,3.5911,4.2253,4.2200,0.0053,3458.215,288.185,0.00067,symmetric(err=1.59e-05); center_rise=+0.0057in
waist,6.5228,3.8411,4.2250,4.2200,0.0050,3458.215,288.185,0.00067,symmetric(err=1.59e-05); center_rise=+0.0057in
waist,6.5228,4.0911,4.2247,4.2200,0.0047,3458.215,288.185,0.00067,symmetric(err=1.59e-05); center_rise=+0.0057in
waist,6.5228,4.3411,4.2243,4.2200,0.0043,3458.215,288.185,0.00067,symmetric(err=1.59e-05); center_rise=+0.0057in
waist,6.5228,4.5911,4.2237,4.2200,0.0037,3458.215,288.185,0.00067,symmetric(err=1.59e-05); center_rise=+0.0057in
waist,6.5228,4.8411,4.2229,4.2200,0.0029,3458.215,288.185,0.00067,symmetric(err=1.59e-05); center_rise=+0.0057in
waist,6.5228,5.0911,4.2219,4.2200,0.0019,3458.215,288.185,0.00067,symmetric(err=1.59e-05); center_rise=+0.0057in
waist,6.5228,5.3411,4.2205,4.2200,0.0005,3458.215,288.185,0.00067,symmetric(err=1.59e-05); center_rise=+0.0057in
lower_bout,14.6312,-7.8575,4.6021,4.6021,0.0000,78890.947,6574.246,0.00495,symmetric(err=9.75e-05); center_rise=-0.0127in
lower_bout,14.6312,-7.6075,4.6027,4.6021,0.0006,78890.947,6574.246,0.00495,symmetric(err=9.75e-05); center_rise=-0.0127in
lower_bout,14.6312,-7.3575,4.6029,4.6021,0.0008,78890.947,6574.246,0.00495,symmetric(err=9.75e-05); center_rise=-0.0127in
lower_bout,14.6312,-7.1075,4.6028,4.6021,0.0007,78890.947,6574.246,0.00495,symmetric(err=9.75e-05); center_rise=-0.0127in
lower_bout,14.6312,-6.8575,4.6024,4.6021,0.0003,78890.947,6574.246,0.00495,symmetric(err=9.75e-05); center_rise=-0.0127in
lower_bout,14.6312,-6.6075,4.6018,4.6021,-0.0003,78890.947,6574.246,0.00495,symmetric(err=9.75e-05); center_rise=-0.0127in
lower_bout,14.6312,-6.3575,4.6010,4.6021,-0.0011,78890.947,6574.246,0.00495,symmetric(err=9.75e-05); center_rise=-0.0127in
lower_bout,14.6312,-6.1075,4.6002,4.6021,-0.0019,78890.947,6574.246,0.00495,symmetric(err=9.75e-05); center_rise=-0.0127in
lower_bout,14.6312,-5.8575,4.5993,4.6021,-0.0028,78890.947,6574.246,0.00495,symmetric(err=9.75e-05); center_rise=-0.0127in
lower_bout,14.6312,-5.6075,4.5984,4.6021,-0.0037,78890.947,6574.246,0.00495,symmetric(err=9.75e-05); center_rise=-0.0127in
lower_bout,14.6312,-5.3575,4.5975,4.6021,-0.0046,78890.947,6574.246,0.00495,symmetric(err=9.75e-05); center_rise=-0.0127in
lower_bout,14.6312,-5.1075,4.5966,4.6021,-0.0055,78890.947,6574.246,0.00495,symmetric(err=9.75e-05); center_rise=-0.0127in
lower_bout,14.6312,-4.8575,4.5958,4.6021,-0.0063,78890.947,6574.246,0.00495,symmetric(err=9.75e-05); center_rise=-0.0127in
lower_bout,14.6312,-4.6075,4.5951,4.6021,-0.0070,78890.947,6574.246,0.00495,symmetric(err=9.75e-05); center_rise=-0.0127in
lower_bout,14.6312,-4.3575,4.5944,4.6021,-0.0077,78890.947,6574.246,0.00495,symmetric(err=9.75e-05); center_rise=-0.0127in
lower_bout,14.6312,-4.1075,4.5937,4.6021,-0.0083,78890.947,6574.246,0.00495,symmetric(err=9.75e-05); center_rise=-0.0127in
lower_bout,14.6312,-3.8575,4.5932,4.6021,-0.0089,78890.947,6574.246,0.00495,symmetric(err=9.75e-05); center_rise=-0.0127in
lower_bout,14.6312,-3.6075,4.5926,4.6021,-0.0095,78890.947,6574.246,0.00495,symmetric(err=9.75e-05); center_rise=-0.0127in
lower_bout,14.6312,-3.3575,4.5922,4.6021,-0.0099,78890.947,6574.246,0.00495,symmetric(err=9.75e-05); center_rise=-0.0127in
lower_bout,14.6312,-3.1075,4.5917,4.6021,-0.0104,78890.947,6574.246,0.00495,symmetric(err=9.75e-05); center_rise=-0.0127in
lower_bout,14.6312,-2.8575,4.5913,4.6021,-0.0107,78890.947,6574.246,0.00495,symmetric(err=9.75e-05); center_rise=-0.0127in
lower_bout,14.6312,-2.6075,4.5910,4.6021,-0.0111,78890.947,6574.246,0.00495,symmetric(err=9.75e-05); center_rise=-0.0127in
lower_bout,14.6312,-2.3575,4.5907,4.6021,-0.0114,78890.947,6574.246,0.00495,symmetric(err=9.75e-05); center_rise=-0.0127in
lower_bout,14.6312,-2.1075,4.5904,4.6021,-0.0117,78890.947,6574.246,0.00495,symmetric(err=9.75e-05); center_rise=-0.0127in
lower_bout,14.6312,-1.8575,4.5902,4.6021,-0.0119,78890.947,6574.246,0.00495,symmetric(err=9.75e-05); center_rise=-0.0127in
lower_bout,14.6312,-1.6075,4.5900,4.6021,-0.0121,78890.947,6574.246,0.00495,symmetric(err=9.75e-05); center_rise=-0.0127in
lower_bout,14.6312,-1.3575,4.5898,4.6021,-0.0123,78890.947,6574.246,0.00495,symmetric(err=9.75e-05); center_rise=-0.0127in
lower_bout,14.6312,-1.1075,4.5897,4.6021,-0.0124,78890.947,6574.246,0.00495,symmetric(err=9.75e-05); center_rise=-0.0127in
lower_bout,14.6312,-0.8575,4.5896,4.6021,-0.0125,78890.947,6574.246,0.00495,symmetric(err=9.75e-05); center_rise=-0.0127in
lower_bout,14.6312,-0.6075,4.5895,4.6021,-0.0126,78890.947,6574.246,0.00495,symmetric(err=9.75e-05); center_rise=-0.0127in
lower_bout,14.6312,-0.3575,4.5894,4.6021,-0.0127,78890.947,6574.246,0.00495,symmetric(err=9.75e-05); center_rise=-0.0127in
lower_bout,14.6312,-0.1075,4.5894,4.6021,-0.0127,78890.947,6574.246,0.00495,symmetric(err=9.75e-05); center_rise=-0.0127in
lower_bout,14.6312,0.1425,4.5894,4.6021,-0.0127,78890.947,6574.246,0.00495,symmetric(err=9.75e-05); center_rise=-0.0127in
lower_bout,14.6312,0.3925,4.5894,4.6021,-0.0127,78890.947,6574.246,0.00495,symmetric(err=9.75e-05); center_rise=-0.0127in
lower_bout,14.6312,0.6425,4.5895,4.6021,-0.0126,78890.947,6574.246,0.00495,symmetric(err=9.75e-05); center_rise=-0.0127in
lower_bout,14.6312,0.8925,4.5895,4.6021,-0.0126,78890.947,6574.246,0.00495,symmetric(err=9.75e-05); center_rise=-0.0127in
lower_bout,14.6312,1.1425,4.5896,4.6021,-0.0124,78890.947,6574.246,0.00495,symmetric(err=9.75e-05); center_rise=-0.0127in
lower_bout,14.6312,1.3925,4.5898,4.6021,-0.0123,78890.947,6574.246,0.00495,symmetric(err=9.75e-05); center_rise=-0.0127in
lower_bout,14.6312,1.6425,4.5900,4.6021,-0.0121,78890.947,6574.246,0.00495,symmetric(err=9.75e-05); center_rise=-0.0127in
lower_bout,14.6312,1.8925,4.5902,4.6021,-0.0119,78890.947,6574.246,0.00495,symmetric(err=9.75e-05); center_rise=-0.0127in
lower_bout,14.6312,2.1425,4.5904,4.6021,-0.0117,78890.947,6574.246,0.00495,symmetric(err=9.75e-05); center_rise=-0.0127in
lower_bout,14.6312,2.3925,4.5907,4.6021,-0.0114,78890.947,6574.246,0.00495,symmetric(err=9.75e-05); center_rise=-0.0127in
lower_bout,14.6312,2.6425,4.5910,4.6021,-0.0111,78890.947,6574.246,0.00495,symmetric(err=9.75e-05); center_rise=-0.0127in
lower_bout,14.6312,2.8925,4.5913,4.6021,-0.0108,78890.947,6574.246,0.00495,symmetric(err=9.75e-05); center_rise=-0.0127in
lower_bout,14.6312,3.1425,4.5917,4.6021,-0.0104,78890.947,6574.246,0.00495,symmetric(err=9.75e-05); center_rise=-0.0127in
lower_bout,14.6312,3.3925,4.5921,4.6021,-0.0100,78890.947,6574.246,0.00495,symmetric(err=9.75e-05); center_rise=-0.0127in
lower_bout,14.6312,3.6425,4.5926,4.6021,-0.0095,78890.947,6574.246,0.00495,symmetric(err=9.75e-05); center_rise=-0.0127in
lower_bout,14.6312,3.8925,4.5931,4.6021,-0.0089,78890.947,6574.246,0.00495,symmetric(err=9.75e-05); center_rise=-0.0127in
lower_bout,14.6312,4.1425,4.5937,4.6021,-0.0084,78890.947,6574.246,0.00495,symmetric(err=9.75e-05); center_rise=-0.0127in
lower_bout,14.6312,4.3925,4.5944,4.6021,-0.0077,78890.947,6574.246,0.00495,symmetric(err=9.75e-05); center_rise=-0.0127in
lower_bout,14.6312,4.6425,4.5951,4.6021,-0.0070,78890.947,6574.246,0.00495,symmetric(err=9.75e-05); center_rise=-0.0127in
lower_bout,14.6312,4.8925,4.5959,4.6021,-0.0062,78890.947,6574.246,0.00495,symmetric(err=9.75e-05); center_rise=-0.0127in
lower_bout,14.6312,5.1425,4.5967,4.6021,-0.0054,78890.947,6574.246,0.00495,symmetric(err=9.75e-05); center_rise=-0.0127in
lower_bout,14.6312,5.3925,4.5975,4.6021,-0.0046,78890.947,6574.246,0.00495,symmetric(err=9.75e-05); center_rise=-0.0127in
lower_bout,14.6312,5.6425,4.5984,4.6021,-0.0037,78890.947,6574.246,0.00495,symmetric(err=9.75e-05); center_rise=-0.0127in
lower_bout,14.6312,5.8925,4.5993,4.6021,-0.0028,78890.947,6574.246,0.00495,symmetric(err=9.75e-05); center_rise=-0.0127in
lower_bout,14.6312,6.1425,4.6002,4.6021,-0.0019,78890.947,6574.246,0.00495,symmetric(err=9.75e-05); center_rise=-0.0127in
lower_bout,14.6312,6.3925,4.6011,4.6021,-0.0010,78890.947,6574.246,0.00495,symmetric(err=9.75e-05); center_rise=-0.0127in
lower_bout,14.6312,6.6425,4.6018,4.6021,-0.0003,78890.947,6574.246,0.00495,symmetric(err=9.75e-05); center_rise=-0.0127in
lower_bout,14.6312,6.8925,4.6024,4.6021,0.0003,78890.947,6574.246,0.00495,symmetric(err=9.75e-05); center_rise=-0.0127in
lower_bout,14.6312,7.1425,4.6028,4.6021,0.0007,78890.947,6574.246,0.00495,symmetric(err=9.75e-05); center_rise=-0.0127in
lower_bout,14.6312,7.3925,4.6029,4.6021,0.0008,78890.947,6574.246,0.00495,symmetric(err=9.75e-05); center_rise=-0.0127in
lower_bout,14.6312,7.6425,4.6026,4.6021,0.0005,78890.947,6574.246,0.00495,symmetric(err=9.75e-05); center_rise=-0.0127in
