brace_id,y_from_neck_in,position_uncertainty_in,member,surface_rise_center_mm,transverse_fitted_radius_ft,classification,note
BB1,4.133,0.40,floor,0.415,87.87,CONSTRUCTED_ADMISSIBLE_SURFACE,back-SURFACE curvature under brace; brace-bottom curvature UNKNOWN (004F)
BB1,4.133,0.40,q25,1.279,27.62,CONSTRUCTED_ADMISSIBLE_SURFACE,back-SURFACE curvature under brace; brace-bottom curvature UNKNOWN (004F)
BB1,4.133,0.40,mid,1.464,24.09,CONSTRUCTED_ADMISSIBLE_SURFACE,back-SURFACE curvature under brace; brace-bottom curvature UNKNOWN (004F)
BB1,4.133,0.40,q75,1.648,21.36,CONSTRUCTED_ADMISSIBLE_SURFACE,back-SURFACE curvature under brace; brace-bottom curvature UNKNOWN (004F)
BB1,4.133,0.40,ceiling,1.833,19.18,CONSTRUCTED_ADMISSIBLE_SURFACE,back-SURFACE curvature under brace; brace-bottom curvature UNKNOWN (004F)
BB2,7.362,0.40,floor,0.244,152.99,CONSTRUCTED_ADMISSIBLE_SURFACE,back-SURFACE curvature under brace; brace-bottom curvature UNKNOWN (004F)
BB2,7.362,0.40,q25,1.510,21.41,CONSTRUCTED_ADMISSIBLE_SURFACE,back-SURFACE curvature under brace; brace-bottom curvature UNKNOWN (004F)
BB2,7.362,0.40,mid,1.782,18.08,CONSTRUCTED_ADMISSIBLE_SURFACE,back-SURFACE curvature under brace; brace-bottom curvature UNKNOWN (004F)
BB2,7.362,0.40,q75,2.053,15.65,CONSTRUCTED_ADMISSIBLE_SURFACE,back-SURFACE curvature under brace; brace-bottom curvature UNKNOWN (004F)
BB2,7.362,0.40,ceiling,2.324,13.79,CONSTRUCTED_ADMISSIBLE_SURFACE,back-SURFACE curvature under brace; brace-bottom curvature UNKNOWN (004F)
BB3,10.772,0.40,floor,0.414,112.67,CONSTRUCTED_ADMISSIBLE_SURFACE,back-SURFACE curvature under brace; brace-bottom curvature UNKNOWN (004F)
BB3,10.772,0.40,q25,1.799,26.74,CONSTRUCTED_ADMISSIBLE_SURFACE,back-SURFACE curvature under brace; brace-bottom curvature UNKNOWN (004F)
BB3,10.772,0.40,mid,2.096,22.98,CONSTRUCTED_ADMISSIBLE_SURFACE,back-SURFACE curvature under brace; brace-bottom curvature UNKNOWN (004F)
BB3,10.772,0.40,q75,2.392,20.16,CONSTRUCTED_ADMISSIBLE_SURFACE,back-SURFACE curvature under brace; brace-bottom curvature UNKNOWN (004F)
BB3,10.772,0.40,ceiling,2.689,17.95,CONSTRUCTED_ADMISSIBLE_SURFACE,back-SURFACE curvature under brace; brace-bottom curvature UNKNOWN (004F)
BB4,14.758,0.40,floor,-0.355,17382.51,CONSTRUCTED_ADMISSIBLE_SURFACE,back-SURFACE curvature under brace; brace-bottom curvature UNKNOWN (004F)
BB4,14.758,0.40,q25,0.669,111.39,CONSTRUCTED_ADMISSIBLE_SURFACE,back-SURFACE curvature under brace; brace-bottom curvature UNKNOWN (004F)
BB4,14.758,0.40,mid,0.888,81.12,CONSTRUCTED_ADMISSIBLE_SURFACE,back-SURFACE curvature under brace; brace-bottom curvature UNKNOWN (004F)
BB4,14.758,0.40,q75,1.107,63.80,CONSTRUCTED_ADMISSIBLE_SURFACE,back-SURFACE curvature under brace; brace-bottom curvature UNKNOWN (004F)
BB4,14.758,0.40,ceiling,1.326,52.58,CONSTRUCTED_ADMISSIBLE_SURFACE,back-SURFACE curvature under brace; brace-bottom curvature UNKNOWN (004F)
