family_member,x_in,y_in,y_fraction,rise_mm,k_transverse,r_transverse_ft,k_longitudinal,r_longitudinal_ft,gaussian_curvature,mean_curvature,k1,k2,classification
floor,0.000,0.5000,0.0250,1.180,-0.000262,318.66,0.003304,25.22,-8.649947e-07,0.001522,0.003305,-0.000262,NEGATIVE_CURVATURE
floor,0.000,0.7500,0.0375,1.508,-0.000409,203.62,0.002732,30.50,-1.119109e-06,0.001162,0.002734,-0.000409,NEGATIVE_CURVATURE
floor,0.000,1.0000,0.0500,1.610,-0.000573,145.47,0.002208,37.74,-1.266128e-06,0.000818,0.002210,-0.000573,NEGATIVE_CURVATURE
floor,0.000,1.2500,0.0625,1.584,-0.000745,111.78,0.001734,48.05,-1.294229e-06,0.000495,0.001736,-0.000745,NEGATIVE_CURVATURE
floor,0.000,1.5000,0.0750,1.472,-0.000915,91.09,0.001303,63.95,-1.193313e-06,0.000195,0.001305,-0.000914,NEGATIVE_CURVATURE
floor,0.000,1.7500,0.0875,1.318,-0.001067,78.10,0.000901,92.49,-9.620158e-07,-0.000081,0.000903,-0.001066,NEGATIVE_CURVATURE
floor,0.000,2.0000,0.1001,1.167,-0.001189,70.08,0.000513,162.48,-6.100222e-07,-0.000336,0.000514,-0.001187,NEGATIVE_CURVATURE
floor,0.000,2.2500,0.1126,1.049,-0.001272,65.53,0.000125,666.96,-1.591332e-07,-0.000572,0.000125,-0.001269,NEGATIVE_CURVATURE
floor,0.000,2.5000,0.1251,0.995,-0.001310,63.61,-0.000273,305.33,3.564325e-07,-0.000790,-0.000273,-0.001306,NEGATIVE_CURVATURE
floor,0.000,2.7500,0.1376,0.947,-0.001303,63.95,-0.000686,121.41,8.917223e-07,-0.000993,-0.000686,-0.001300,NEGATIVE_CURVATURE
floor,0.000,3.0000,0.1501,0.886,-0.001254,66.44,-0.001117,74.63,1.395549e-06,-0.001184,-0.001111,-0.001256,NEGATIVE_CURVATURE
floor,0.000,3.2500,0.1626,0.801,-0.001169,71.30,-0.001561,53.39,1.817269e-06,-0.001363,-0.001161,-0.001565,NEGATIVE_CURVATURE
floor,0.000,3.5000,0.1751,0.701,-0.001054,79.04,-0.002014,41.38,2.114241e-06,-0.001533,-0.001048,-0.002017,NEGATIVE_CURVATURE
floor,0.000,3.7500,0.1876,0.602,-0.000919,90.66,-0.002468,33.77,2.258181e-06,-0.001692,-0.000914,-0.002470,NEGATIVE_CURVATURE
floor,0.000,4.0000,0.2001,0.507,-0.000772,107.94,-0.002914,28.60,2.239082e-06,-0.001842,-0.000768,-0.002916,NEGATIVE_CURVATURE
floor,0.000,4.2500,0.2126,0.414,-0.000621,134.20,-0.003343,24.93,2.066138e-06,-0.001981,-0.000618,-0.003345,NEGATIVE_CURVATURE
floor,0.000,4.5000,0.2251,0.346,-0.000474,175.99,-0.003747,22.24,1.765819e-06,-0.002110,-0.000471,-0.003748,NEGATIVE_CURVATURE
floor,0.000,4.7500,0.2376,0.300,-0.000336,247.87,-0.004118,20.24,1.377734e-06,-0.002227,-0.000335,-0.004119,NEGATIVE_CURVATURE
floor,0.000,5.0000,0.2501,0.259,-0.000214,388.64,-0.004449,18.73,9.491566e-07,-0.002331,-0.000213,-0.004449,NEGATIVE_CURVATURE
floor,0.000,5.2500,0.2626,0.222,-0.000112,741.65,-0.004734,17.60,5.291034e-07,-0.002423,-0.000112,-0.004734,NEGATIVE_CURVATURE
floor,0.000,5.5000,0.2751,0.190,-0.000033,INF,-0.004970,16.77,1.627728e-07,-0.002501,-0.000033,-0.004970,NEAR_FLAT
floor,0.000,5.7500,0.2876,0.159,0.000022,INF,-0.005154,16.17,-1.130501e-07,-0.002566,0.000022,-0.005154,NEAR_FLAT
floor,0.000,6.0000,0.3002,0.140,0.000052,1609.36,-0.005287,15.76,-2.732043e-07,-0.002617,0.000052,-0.005287,POSITIVE_CURVATURE
floor,0.000,6.2500,0.3127,0.133,0.000057,1459.87,-0.005367,15.53,-3.057686e-07,-0.002655,0.000057,-0.005367,POSITIVE_CURVATURE
floor,0.000,6.5000,0.3252,0.143,0.000039,INF,-0.005399,15.43,-2.120648e-07,-0.002680,0.000039,-0.005399,NEAR_FLAT
floor,0.000,6.7500,0.3377,0.168,0.000001,INF,-0.005386,15.47,-5.204859e-09,-0.002692,0.000001,-0.005386,NEAR_FLAT
floor,0.000,7.0000,0.3502,0.199,-0.000055,1512.03,-0.005332,15.63,2.925058e-07,-0.002693,-0.000055,-0.005332,NEGATIVE_CURVATURE
floor,0.000,7.2500,0.3627,0.239,-0.000125,666.88,-0.005243,15.89,6.528871e-07,-0.002684,-0.000125,-0.005243,NEGATIVE_CURVATURE
floor,0.000,7.5000,0.3752,0.285,-0.000205,407.38,-0.005126,16.26,1.045440e-06,-0.002665,-0.000204,-0.005126,NEGATIVE_CURVATURE
floor,0.000,7.7500,0.3877,0.334,-0.000290,287.73,-0.004987,16.71,1.440670e-06,-0.002638,-0.000289,-0.004988,NEGATIVE_CURVATURE
floor,0.000,8.0000,0.4002,0.380,-0.000376,221.72,-0.004834,17.24,1.812774e-06,-0.002605,-0.000375,-0.004834,NEGATIVE_CURVATURE
floor,0.000,8.2500,0.4127,0.429,-0.000459,181.49,-0.004673,17.83,2.141447e-06,-0.002566,-0.000458,-0.004673,NEGATIVE_CURVATURE
floor,0.000,8.5000,0.4252,0.470,-0.000536,155.52,-0.004511,18.47,2.412699e-06,-0.002523,-0.000535,-0.004511,NEGATIVE_CURVATURE
floor,0.000,8.7500,0.4377,0.500,-0.000603,138.28,-0.004352,19.15,2.618762e-06,-0.002477,-0.000602,-0.004352,NEGATIVE_CURVATURE
floor,0.000,9.0000,0.4502,0.512,-0.000657,126.84,-0.004203,19.83,2.757272e-06,-0.002429,-0.000656,-0.004203,NEGATIVE_CURVATURE
floor,0.000,9.2500,0.4627,0.515,-0.000697,119.58,-0.004066,20.49,2.830018e-06,-0.002381,-0.000696,-0.004066,NEGATIVE_CURVATURE
floor,0.000,9.5000,0.4752,0.511,-0.000721,115.56,-0.003945,21.12,2.841511e-06,-0.002333,-0.000720,-0.003945,NEGATIVE_CURVATURE
floor,0.000,9.7500,0.4877,0.504,-0.000729,114.31,-0.003842,21.69,2.797659e-06,-0.002285,-0.000728,-0.003842,NEGATIVE_CURVATURE
floor,0.000,10.0000,0.5003,0.491,-0.000721,115.63,-0.003757,22.18,2.704696e-06,-0.002239,-0.000720,-0.003757,NEGATIVE_CURVATURE
floor,0.000,10.2500,0.5128,0.465,-0.000697,119.62,-0.003691,22.58,2.568468e-06,-0.002194,-0.000696,-0.003691,NEGATIVE_CURVATURE
floor,0.000,10.5000,0.5253,0.442,-0.000658,126.66,-0.003643,22.87,2.394091e-06,-0.002150,-0.000657,-0.003643,NEGATIVE_CURVATURE
floor,0.000,10.7500,0.5378,0.416,-0.000606,137.51,-0.003612,23.07,2.185933e-06,-0.002109,-0.000605,-0.003612,NEGATIVE_CURVATURE
floor,0.000,11.0000,0.5503,0.383,-0.000543,153.59,-0.003595,23.18,1.947832e-06,-0.002069,-0.000542,-0.003596,NEGATIVE_CURVATURE
floor,0.000,11.2500,0.5628,0.344,-0.000470,177.46,-0.003591,23.21,1.683458e-06,-0.002030,-0.000469,-0.003591,NEGATIVE_CURVATURE
floor,0.000,11.5000,0.5753,0.294,-0.000389,214.15,-0.003596,23.17,1.396719e-06,-0.001993,-0.000388,-0.003597,NEGATIVE_CURVATURE
floor,0.000,11.7500,0.5878,0.227,-0.000303,274.68,-0.003608,23.09,1.092128e-06,-0.001956,-0.000303,-0.003609,NEGATIVE_CURVATURE
floor,0.000,12.0000,0.6003,0.153,-0.000215,388.45,-0.003624,22.99,7.750710e-07,-0.001919,-0.000214,-0.003625,NEGATIVE_CURVATURE
floor,0.000,12.2500,0.6128,0.070,-0.000125,668.10,-0.003641,22.89,4.519299e-07,-0.001883,-0.000124,-0.003641,NEGATIVE_CURVATURE
floor,0.000,12.5000,0.6253,-0.007,-0.000036,INF,-0.003654,22.80,1.300450e-07,-0.001845,-0.000036,-0.003655,NEAR_FLAT
floor,0.000,12.7500,0.6378,-0.079,0.000049,1686.49,-0.003663,22.75,-1.824867e-07,-0.001807,0.000050,-0.003663,POSITIVE_CURVATURE
floor,0.000,13.0000,0.6503,-0.143,0.000130,641.22,-0.003663,22.75,-4.771592e-07,-0.001767,0.000130,-0.003663,POSITIVE_CURVATURE
floor,0.000,13.2500,0.6628,-0.193,0.000204,408.65,-0.003652,22.82,-7.455187e-07,-0.001724,0.000204,-0.003653,POSITIVE_CURVATURE
floor,0.000,13.5000,0.6753,-0.228,0.000270,308.77,-0.003628,22.97,-9.796964e-07,-0.001679,0.000270,-0.003629,POSITIVE_CURVATURE
floor,0.000,13.7500,0.6878,-0.248,0.000327,255.05,-0.003590,23.21,-1.172958e-06,-0.001632,0.000327,-0.003590,POSITIVE_CURVATURE
floor,0.000,14.0000,0.7004,-0.272,0.000374,223.07,-0.003535,23.58,-1.320220e-06,-0.001581,0.000374,-0.003535,POSITIVE_CURVATURE
floor,0.000,14.2500,0.7129,-0.294,0.000410,203.32,-0.003462,24.07,-1.418466e-06,-0.001526,0.000410,-0.003462,POSITIVE_CURVATURE
floor,0.000,14.5000,0.7254,-0.314,0.000435,191.40,-0.003371,24.72,-1.467034e-06,-0.001468,0.000435,-0.003371,POSITIVE_CURVATURE
floor,0.000,14.7500,0.7379,-0.330,0.000450,185.08,-0.003261,25.55,-1.467720e-06,-0.001405,0.000450,-0.003261,POSITIVE_CURVATURE
floor,0.000,15.0000,0.7504,-0.340,0.000455,183.18,-0.003133,26.60,-1.424679e-06,-0.001339,0.000455,-0.003133,POSITIVE_CURVATURE
floor,0.000,15.2500,0.7629,-0.344,0.000450,185.12,-0.002987,27.90,-1.344133e-06,-0.001269,0.000450,-0.002987,POSITIVE_CURVATURE
floor,0.000,15.5000,0.7754,-0.337,0.000437,190.69,-0.002824,29.50,-1.233885e-06,-0.001194,0.000437,-0.002824,POSITIVE_CURVATURE
floor,0.000,15.7500,0.7879,-0.316,0.000417,199.92,-0.002646,31.49,-1.102691e-06,-0.001115,0.000417,-0.002646,POSITIVE_CURVATURE
floor,0.000,16.0000,0.8004,-0.279,0.000391,213.05,-0.002454,33.96,-9.595536e-07,-0.001031,0.000391,-0.002454,POSITIVE_CURVATURE
floor,0.000,16.2500,0.8129,-0.225,0.000362,230.48,-0.002249,37.06,-8.129896e-07,-0.000944,0.000362,-0.002249,POSITIVE_CURVATURE
floor,0.000,16.5000,0.8254,-0.160,0.000330,252.69,-0.002033,40.99,-6.703818e-07,-0.000852,0.000330,-0.002033,POSITIVE_CURVATURE
floor,0.000,16.7500,0.8379,-0.089,0.000297,280.24,-0.001807,46.11,-5.374732e-07,-0.000755,0.000297,-0.001807,POSITIVE_CURVATURE
floor,0.000,17.0000,0.8504,-0.010,0.000266,313.68,-0.001573,52.97,-4.180816e-07,-0.000654,0.000266,-0.001573,POSITIVE_CURVATURE
floor,0.000,17.2500,0.8629,0.071,0.000236,353.51,-0.001332,62.57,-3.140731e-07,-0.000548,0.000236,-0.001332,POSITIVE_CURVATURE
floor,0.000,17.5000,0.8754,0.153,0.000208,400.33,-0.001083,76.95,-2.256082e-07,-0.000437,0.000208,-0.001083,POSITIVE_CURVATURE
floor,0.000,17.7500,0.8879,0.232,0.000183,455.11,-0.000827,100.76,-1.516300e-07,-0.000322,0.000183,-0.000827,POSITIVE_CURVATURE
floor,0.000,18.0000,0.9005,0.309,0.000160,520.11,-0.000564,147.86,-9.052324e-08,-0.000202,0.000161,-0.000564,POSITIVE_CURVATURE
floor,0.000,18.2500,0.9130,0.377,0.000139,600.34,-0.000292,285.17,-4.082312e-08,-0.000077,0.000139,-0.000293,POSITIVE_CURVATURE
floor,0.000,18.5000,0.9255,0.434,0.000118,706.38,-0.000013,INF,-1.803396e-09,0.000053,0.000120,-0.000015,POSITIVE_CURVATURE
floor,0.000,18.7500,0.9380,0.478,0.000097,860.06,0.000275,303.30,2.625812e-08,0.000186,0.000277,0.000095,POSITIVE_CURVATURE
floor,0.000,19.0000,0.9505,0.510,0.000075,1109.03,0.000569,146.49,4.232977e-08,0.000322,0.000570,0.000074,POSITIVE_CURVATURE
floor,0.000,19.2500,0.9630,0.527,0.000053,1573.30,0.000867,96.09,4.548897e-08,0.000460,0.000868,0.000052,POSITIVE_CURVATURE
q25,0.000,0.5000,0.0250,1.290,-0.000604,137.91,0.003194,26.09,-1.937230e-06,0.001296,0.003198,-0.000606,NEGATIVE_CURVATURE
q25,0.000,0.7500,0.0375,1.672,-0.000881,94.54,0.002569,32.44,-2.271039e-06,0.000845,0.002573,-0.000883,NEGATIVE_CURVATURE
q25,0.000,1.0000,0.0500,1.829,-0.001167,71.43,0.001993,41.81,-2.332161e-06,0.000415,0.001998,-0.001167,NEGATIVE_CURVATURE
q25,0.000,1.2500,0.0625,1.857,-0.001455,57.26,0.001468,56.76,-2.144080e-06,0.000009,0.001473,-0.001455,NEGATIVE_CURVATURE
q25,0.000,1.5000,0.0750,1.799,-0.001736,47.99,0.000986,84.51,-1.719914e-06,-0.000372,0.000991,-0.001735,NEGATIVE_CURVATURE
q25,0.000,1.7500,0.0875,1.699,-0.001998,41.71,0.000534,156.17,-1.073829e-06,-0.000729,0.000538,-0.001996,NEGATIVE_CURVATURE
q25,0.000,2.0000,0.1001,1.600,-0.002229,37.39,0.000095,873.51,-2.203931e-07,-0.001063,0.000099,-0.002225,NEGATIVE_CURVATURE
q25,0.000,2.2500,0.1126,1.533,-0.002419,34.45,-0.000342,243.80,8.180258e-07,-0.001376,-0.000339,-0.002413,NEGATIVE_CURVATURE
q25,0.000,2.5000,0.1251,1.531,-0.002572,32.40,-0.000788,105.75,2.016040e-06,-0.001675,-0.000786,-0.002564,NEGATIVE_CURVATURE
q25,0.000,2.7500,0.1376,1.534,-0.002672,31.19,-0.001249,66.70,3.324315e-06,-0.001956,-0.001248,-0.002663,NEGATIVE_CURVATURE
q25,0.000,3.0000,0.1501,1.522,-0.002735,30.46,-0.001727,48.27,4.705875e-06,-0.002226,-0.001726,-0.002726,NEGATIVE_CURVATURE
q25,0.000,3.2500,0.1626,1.485,-0.002760,30.19,-0.002217,37.59,6.098160e-06,-0.002484,-0.002217,-0.002751,NEGATIVE_CURVATURE
q25,0.000,3.5000,0.1751,1.433,-0.002762,30.17,-0.002715,30.69,7.473114e-06,-0.002734,-0.002715,-0.002753,NEGATIVE_CURVATURE
q25,0.000,3.7500,0.1876,1.380,-0.002744,30.36,-0.003213,25.94,8.788140e-06,-0.002974,-0.002735,-0.003213,NEGATIVE_CURVATURE
q25,0.000,4.0000,0.2001,1.330,-0.002719,30.65,-0.003702,22.51,1.003140e-05,-0.003206,-0.002710,-0.003702,NEGATIVE_CURVATURE
q25,0.000,4.2500,0.2126,1.281,-0.002698,30.89,-0.004173,19.97,1.122278e-05,-0.003431,-0.002689,-0.004173,NEGATIVE_CURVATURE
q25,0.000,4.5000,0.2251,1.256,-0.002681,31.09,-0.004618,18.05,1.234111e-05,-0.003645,-0.002672,-0.004618,NEGATIVE_CURVATURE
q25,0.000,4.7500,0.2376,1.251,-0.002683,31.06,-0.005028,16.57,1.344716e-05,-0.003851,-0.002674,-0.005028,NEGATIVE_CURVATURE
q25,0.000,5.0000,0.2501,1.249,-0.002694,30.94,-0.005397,15.44,1.449537e-05,-0.004041,-0.002686,-0.005397,NEGATIVE_CURVATURE
q25,0.000,5.2500,0.2626,1.251,-0.002724,30.59,-0.005720,14.57,1.553801e-05,-0.004218,-0.002717,-0.005720,NEGATIVE_CURVATURE
q25,0.000,5.5000,0.2751,1.255,-0.002777,30.01,-0.005991,13.91,1.659217e-05,-0.004380,-0.002769,-0.005992,NEGATIVE_CURVATURE
q25,0.000,5.7500,0.2876,1.259,-0.002864,29.10,-0.006209,13.42,1.773512e-05,-0.004533,-0.002856,-0.006209,NEGATIVE_CURVATURE
q25,0.000,6.0000,0.3002,1.273,-0.002959,28.16,-0.006373,13.08,1.881104e-05,-0.004663,-0.002951,-0.006374,NEGATIVE_CURVATURE
q25,0.000,6.2500,0.3127,1.297,-0.003067,27.17,-0.006485,12.85,1.983748e-05,-0.004772,-0.003059,-0.006485,NEGATIVE_CURVATURE
q25,0.000,6.5000,0.3252,1.337,-0.003176,26.24,-0.006546,12.73,2.073921e-05,-0.004857,-0.003168,-0.006546,NEGATIVE_CURVATURE
q25,0.000,6.7500,0.3377,1.390,-0.003283,25.38,-0.006560,12.70,2.148783e-05,-0.004918,-0.003275,-0.006560,NEGATIVE_CURVATURE
q25,0.000,7.0000,0.3502,1.447,-0.003390,24.58,-0.006531,12.76,2.209499e-05,-0.004957,-0.003383,-0.006532,NEGATIVE_CURVATURE
q25,0.000,7.2500,0.3627,1.511,-0.003487,23.90,-0.006467,12.89,2.250346e-05,-0.004973,-0.003479,-0.006468,NEGATIVE_CURVATURE
q25,0.000,7.5000,0.3752,1.579,-0.003569,23.35,-0.006372,13.08,2.269728e-05,-0.004967,-0.003562,-0.006373,NEGATIVE_CURVATURE
q25,0.000,7.7500,0.3877,1.648,-0.003659,22.77,-0.006254,13.33,2.284106e-05,-0.004953,-0.003652,-0.006254,NEGATIVE_CURVATURE
q25,0.000,8.0000,0.4002,1.712,-0.003710,22.46,-0.006119,13.62,2.266207e-05,-0.004911,-0.003704,-0.006119,NEGATIVE_CURVATURE
q25,0.000,8.2500,0.4127,1.777,-0.003761,22.16,-0.005974,13.95,2.243298e-05,-0.004865,-0.003755,-0.005974,NEGATIVE_CURVATURE
q25,0.000,8.5000,0.4252,1.832,-0.003774,22.08,-0.005826,14.30,2.195372e-05,-0.004797,-0.003769,-0.005826,NEGATIVE_CURVATURE
q25,0.000,8.7500,0.4377,1.873,-0.003764,22.14,-0.005680,14.67,2.134744e-05,-0.004719,-0.003758,-0.005680,NEGATIVE_CURVATURE
q25,0.000,9.0000,0.4502,1.895,-0.003733,22.32,-0.005540,15.04,2.065677e-05,-0.004634,-0.003728,-0.005541,NEGATIVE_CURVATURE
q25,0.000,9.2500,0.4627,1.906,-0.003678,22.65,-0.005412,15.40,1.988071e-05,-0.004543,-0.003673,-0.005412,NEGATIVE_CURVATURE
q25,0.000,9.5000,0.4752,1.908,-0.003600,23.15,-0.005297,15.73,1.904561e-05,-0.004446,-0.003595,-0.005298,NEGATIVE_CURVATURE
q25,0.000,9.7500,0.4877,1.903,-0.003508,23.76,-0.005197,16.03,1.820777e-05,-0.004351,-0.003502,-0.005199,NEGATIVE_CURVATURE
q25,0.000,10.0000,0.5003,1.891,-0.003399,24.52,-0.005114,16.29,1.736022e-05,-0.004255,-0.003393,-0.005116,NEGATIVE_CURVATURE
q25,0.000,10.2500,0.5128,1.864,-0.003276,25.44,-0.005048,16.51,1.651327e-05,-0.004160,-0.003270,-0.005050,NEGATIVE_CURVATURE
q25,0.000,10.5000,0.5253,1.837,-0.003140,26.54,-0.004997,16.68,1.567311e-05,-0.004067,-0.003135,-0.004999,NEGATIVE_CURVATURE
q25,0.000,10.7500,0.5378,1.806,-0.002993,27.84,-0.004961,16.80,1.482888e-05,-0.003975,-0.002988,-0.004963,NEGATIVE_CURVATURE
q25,0.000,11.0000,0.5503,1.766,-0.002841,29.33,-0.004937,16.88,1.400883e-05,-0.003888,-0.002836,-0.004940,NEGATIVE_CURVATURE
q25,0.000,11.2500,0.5628,1.717,-0.002683,31.06,-0.004924,16.93,1.319507e-05,-0.003802,-0.002679,-0.004926,NEGATIVE_CURVATURE
q25,0.000,11.5000,0.5753,1.655,-0.002519,33.08,-0.004918,16.95,1.237416e-05,-0.003718,-0.002515,-0.004920,NEGATIVE_CURVATURE
q25,0.000,11.7500,0.5878,1.574,-0.002351,35.45,-0.004917,16.95,1.154392e-05,-0.003633,-0.002347,-0.004919,NEGATIVE_CURVATURE
q25,0.000,12.0000,0.6003,1.485,-0.002185,38.13,-0.004917,16.95,1.073245e-05,-0.003551,-0.002182,-0.004920,NEGATIVE_CURVATURE
q25,0.000,12.2500,0.6128,1.383,-0.002019,41.27,-0.004916,16.95,9.914706e-06,-0.003467,-0.002016,-0.004918,NEGATIVE_CURVATURE
q25,0.000,12.5000,0.6253,1.286,-0.001859,44.82,-0.004911,16.97,9.120356e-06,-0.003385,-0.001856,-0.004913,NEGATIVE_CURVATURE
q25,0.000,12.7500,0.6378,1.192,-0.001704,48.91,-0.004898,17.01,8.336444e-06,-0.003301,-0.001701,-0.004900,NEGATIVE_CURVATURE
q25,0.000,13.0000,0.6503,1.105,-0.001555,53.58,-0.004875,17.09,7.574810e-06,-0.003215,-0.001553,-0.004877,NEGATIVE_CURVATURE
q25,0.000,13.2500,0.6628,1.028,-0.001419,58.71,-0.004839,17.22,6.862409e-06,-0.003129,-0.001418,-0.004841,NEGATIVE_CURVATURE
q25,0.000,13.5000,0.6753,0.965,-0.001294,64.40,-0.004789,17.40,6.190574e-06,-0.003041,-0.001292,-0.004790,NEGATIVE_CURVATURE
q25,0.000,13.7500,0.6878,0.915,-0.001181,70.59,-0.004722,17.65,5.569173e-06,-0.002951,-0.001179,-0.004722,NEGATIVE_CURVATURE
q25,0.000,14.0000,0.7004,0.860,-0.001083,76.91,-0.004636,17.98,5.018833e-06,-0.002859,-0.001083,-0.004636,NEGATIVE_CURVATURE
q25,0.000,14.2500,0.7129,0.804,-0.000997,83.57,-0.004530,18.39,4.514530e-06,-0.002764,-0.000996,-0.004531,NEGATIVE_CURVATURE
q25,0.000,14.5000,0.7254,0.750,-0.000922,90.42,-0.004406,18.92,4.058000e-06,-0.002663,-0.000921,-0.004406,NEGATIVE_CURVATURE
q25,0.000,14.7500,0.7379,0.697,-0.000858,97.08,-0.004260,19.56,3.655384e-06,-0.002559,-0.000858,-0.004261,NEGATIVE_CURVATURE
q25,0.000,15.0000,0.7504,0.649,-0.000807,103.30,-0.004095,20.35,3.302359e-06,-0.002451,-0.000806,-0.004095,NEGATIVE_CURVATURE
q25,0.000,15.2500,0.7629,0.606,-0.000764,109.08,-0.003911,21.31,2.986515e-06,-0.002337,-0.000764,-0.003911,NEGATIVE_CURVATURE
q25,0.000,15.5000,0.7754,0.571,-0.000732,113.86,-0.003708,22.48,2.712920e-06,-0.002220,-0.000732,-0.003708,NEGATIVE_CURVATURE
q25,0.000,15.7500,0.7879,0.549,-0.000699,119.26,-0.003488,23.89,2.436723e-06,-0.002093,-0.000699,-0.003488,NEGATIVE_CURVATURE
q25,0.000,16.0000,0.8004,0.543,-0.000675,123.52,-0.003253,25.61,2.194411e-06,-0.001964,-0.000675,-0.003253,NEGATIVE_CURVATURE
q25,0.000,16.2500,0.8129,0.552,-0.000653,127.52,-0.003004,27.74,1.962841e-06,-0.001829,-0.000653,-0.003004,NEGATIVE_CURVATURE
q25,0.000,16.5000,0.8254,0.570,-0.000635,131.26,-0.002743,30.38,1.741250e-06,-0.001689,-0.000635,-0.002743,NEGATIVE_CURVATURE
q25,0.000,16.7500,0.8379,0.594,-0.000616,135.26,-0.002471,33.72,1.522343e-06,-0.001544,-0.000616,-0.002471,NEGATIVE_CURVATURE
q25,0.000,17.0000,0.8504,0.624,-0.000596,139.75,-0.002190,38.05,1.305714e-06,-0.001393,-0.000596,-0.002190,NEGATIVE_CURVATURE
q25,0.000,17.2500,0.8629,0.655,-0.000573,145.52,-0.001900,43.85,1.087996e-06,-0.001236,-0.000573,-0.001900,NEGATIVE_CURVATURE
q25,0.000,17.5000,0.8754,0.687,-0.000545,152.77,-0.001602,52.01,8.738718e-07,-0.001074,-0.000545,-0.001602,NEGATIVE_CURVATURE
q25,0.000,17.7500,0.8879,0.715,-0.000514,162.18,-0.001297,64.27,6.660109e-07,-0.000905,-0.000514,-0.001297,NEGATIVE_CURVATURE
q25,0.000,18.0000,0.9005,0.740,-0.000479,173.94,-0.000982,84.83,4.704637e-07,-0.000731,-0.000479,-0.000983,NEGATIVE_CURVATURE
q25,0.000,18.2500,0.9130,0.755,-0.000440,189.29,-0.000660,126.34,2.902305e-07,-0.000550,-0.000440,-0.000660,NEGATIVE_CURVATURE
q25,0.000,18.5000,0.9255,0.758,-0.000398,209.34,-0.000328,253.95,1.304873e-07,-0.000363,-0.000326,-0.000400,NEGATIVE_CURVATURE
q25,0.000,18.7500,0.9380,0.749,-0.000353,236.05,0.000012,INF,-4.277946e-09,-0.000171,0.000012,-0.000353,NEGATIVE_CURVATURE
q25,0.000,19.0000,0.9505,0.727,-0.000305,272.87,0.000359,232.21,-1.097395e-07,0.000027,0.000359,-0.000306,NEGATIVE_CURVATURE
q25,0.000,19.2500,0.9630,0.690,-0.000252,330.32,0.000711,117.27,-1.794832e-07,0.000229,0.000711,-0.000252,NEGATIVE_CURVATURE
mid,0.000,0.5000,0.0250,1.313,-0.000677,123.03,0.003171,26.28,-2.156702e-06,0.001248,0.003175,-0.000679,NEGATIVE_CURVATURE
mid,0.000,0.7500,0.0375,1.708,-0.000982,84.85,0.002534,32.88,-2.497267e-06,0.000778,0.002539,-0.000983,NEGATIVE_CURVATURE
mid,0.000,1.0000,0.0500,1.876,-0.001293,64.45,0.001948,42.79,-2.527088e-06,0.000330,0.001953,-0.001294,NEGATIVE_CURVATURE
mid,0.000,1.2500,0.0625,1.915,-0.001607,51.87,0.001412,59.03,-2.277209e-06,-0.000095,0.001417,-0.001607,NEGATIVE_CURVATURE
mid,0.000,1.5000,0.0750,1.869,-0.001912,43.60,0.000919,90.71,-1.765852e-06,-0.000493,0.000924,-0.001910,NEGATIVE_CURVATURE
mid,0.000,1.7500,0.0875,1.780,-0.002197,37.94,0.000455,182.96,-1.010513e-06,-0.000866,0.000461,-0.002194,NEGATIVE_CURVATURE
mid,0.000,2.0000,0.1001,1.692,-0.002450,34.01,0.000007,INF,-2.673587e-08,-0.001217,0.000011,-0.002446,NEGATIVE_CURVATURE
mid,0.000,2.2500,0.1126,1.637,-0.002663,31.29,-0.000441,188.95,1.162705e-06,-0.001547,-0.000438,-0.002657,NEGATIVE_CURVATURE
mid,0.000,2.5000,0.1251,1.646,-0.002841,29.34,-0.000897,92.85,2.535386e-06,-0.001864,-0.000895,-0.002832,NEGATIVE_CURVATURE
mid,0.000,2.7500,0.1376,1.659,-0.002963,28.12,-0.001369,60.87,4.039173e-06,-0.002161,-0.001367,-0.002954,NEGATIVE_CURVATURE
mid,0.000,3.0000,0.1501,1.657,-0.003051,27.31,-0.001856,44.89,5.641838e-06,-0.002448,-0.001855,-0.003041,NEGATIVE_CURVATURE
mid,0.000,3.2500,0.1626,1.631,-0.003099,26.89,-0.002356,35.36,7.276932e-06,-0.002722,-0.002356,-0.003089,NEGATIVE_CURVATURE
mid,0.000,3.5000,0.1751,1.589,-0.003126,26.66,-0.002864,29.10,8.920844e-06,-0.002989,-0.002864,-0.003115,NEGATIVE_CURVATURE
mid,0.000,3.7500,0.1876,1.546,-0.003133,26.59,-0.003371,24.72,1.052724e-05,-0.003247,-0.003122,-0.003371,NEGATIVE_CURVATURE
mid,0.000,4.0000,0.2001,1.506,-0.003133,26.60,-0.003870,21.53,1.208419e-05,-0.003496,-0.003123,-0.003870,NEGATIVE_CURVATURE
mid,0.000,4.2500,0.2126,1.466,-0.003140,26.54,-0.004350,19.16,1.361499e-05,-0.003740,-0.003130,-0.004350,NEGATIVE_CURVATURE
mid,0.000,4.5000,0.2251,1.449,-0.003151,26.45,-0.004803,17.35,1.508648e-05,-0.003972,-0.003141,-0.004803,NEGATIVE_CURVATURE
mid,0.000,4.7500,0.2376,1.454,-0.003183,26.18,-0.005221,15.96,1.656579e-05,-0.004197,-0.003173,-0.005222,NEGATIVE_CURVATURE
mid,0.000,5.0000,0.2501,1.460,-0.003222,25.86,-0.005599,14.88,1.798435e-05,-0.004406,-0.003212,-0.005599,NEGATIVE_CURVATURE
mid,0.000,5.2500,0.2626,1.470,-0.003281,25.40,-0.005929,14.05,1.939634e-05,-0.004600,-0.003271,-0.005930,NEGATIVE_CURVATURE
mid,0.000,5.5000,0.2751,1.482,-0.003362,24.79,-0.006208,13.42,2.081187e-05,-0.004780,-0.003352,-0.006209,NEGATIVE_CURVATURE
mid,0.000,5.7500,0.2876,1.493,-0.003479,23.95,-0.006433,12.95,2.231938e-05,-0.004952,-0.003469,-0.006434,NEGATIVE_CURVATURE
mid,0.000,6.0000,0.3002,1.514,-0.003601,23.14,-0.006604,12.62,2.371787e-05,-0.005098,-0.003591,-0.006605,NEGATIVE_CURVATURE
mid,0.000,6.2500,0.3127,1.546,-0.003733,22.33,-0.006722,12.40,2.502667e-05,-0.005223,-0.003722,-0.006723,NEGATIVE_CURVATURE
mid,0.000,6.5000,0.3252,1.592,-0.003861,21.58,-0.006790,12.27,2.615159e-05,-0.005321,-0.003851,-0.006791,NEGATIVE_CURVATURE
mid,0.000,6.7500,0.3377,1.650,-0.003983,20.92,-0.006810,12.24,2.705986e-05,-0.005392,-0.003973,-0.006811,NEGATIVE_CURVATURE
mid,0.000,7.0000,0.3502,1.713,-0.004101,20.32,-0.006787,12.28,2.777090e-05,-0.005440,-0.004091,-0.006788,NEGATIVE_CURVATURE
mid,0.000,7.2500,0.3627,1.782,-0.004203,19.83,-0.006728,12.39,2.821953e-05,-0.005461,-0.004194,-0.006728,NEGATIVE_CURVATURE
mid,0.000,7.5000,0.3752,1.855,-0.004286,19.45,-0.006638,12.55,2.839151e-05,-0.005458,-0.004277,-0.006638,NEGATIVE_CURVATURE
mid,0.000,7.7500,0.3877,1.928,-0.004377,19.04,-0.006523,12.77,2.850092e-05,-0.005446,-0.004369,-0.006524,NEGATIVE_CURVATURE
mid,0.000,8.0000,0.4002,1.996,-0.004420,18.85,-0.006392,13.04,2.820904e-05,-0.005403,-0.004413,-0.006393,NEGATIVE_CURVATURE
mid,0.000,8.2500,0.4127,2.064,-0.004465,18.66,-0.006251,13.33,2.786432e-05,-0.005354,-0.004458,-0.006251,NEGATIVE_CURVATURE
mid,0.000,8.5000,0.4252,2.122,-0.004464,18.67,-0.006106,13.65,2.721584e-05,-0.005282,-0.004457,-0.006106,NEGATIVE_CURVATURE
mid,0.000,8.7500,0.4377,2.166,-0.004437,18.78,-0.005963,13.98,2.642084e-05,-0.005197,-0.004431,-0.005963,NEGATIVE_CURVATURE
mid,0.000,9.0000,0.4502,2.190,-0.004389,18.99,-0.005825,14.31,2.553261e-05,-0.005104,-0.004383,-0.005826,NEGATIVE_CURVATURE
mid,0.000,9.2500,0.4627,2.202,-0.004314,19.32,-0.005698,14.62,2.454929e-05,-0.005003,-0.004307,-0.005700,NEGATIVE_CURVATURE
mid,0.000,9.5000,0.4752,2.205,-0.004214,19.78,-0.005585,14.92,2.350297e-05,-0.004897,-0.004207,-0.005587,NEGATIVE_CURVATURE
mid,0.000,9.7500,0.4877,2.201,-0.004100,20.33,-0.005486,15.19,2.246377e-05,-0.004791,-0.004093,-0.005489,NEGATIVE_CURVATURE
mid,0.000,10.0000,0.5003,2.190,-0.003969,20.99,-0.005403,15.42,2.142145e-05,-0.004684,-0.003962,-0.005406,NEGATIVE_CURVATURE
mid,0.000,10.2500,0.5128,2.162,-0.003825,21.79,-0.005337,15.62,2.038807e-05,-0.004579,-0.003818,-0.005340,NEGATIVE_CURVATURE
mid,0.000,10.5000,0.5253,2.135,-0.003669,22.71,-0.005285,15.77,1.937068e-05,-0.004476,-0.003663,-0.005289,NEGATIVE_CURVATURE
mid,0.000,10.7500,0.5378,2.102,-0.003502,23.80,-0.005248,15.88,1.835473e-05,-0.004373,-0.003495,-0.005252,NEGATIVE_CURVATURE
mid,0.000,11.0000,0.5503,2.060,-0.003331,25.02,-0.005223,15.95,1.737577e-05,-0.004276,-0.003325,-0.005227,NEGATIVE_CURVATURE
mid,0.000,11.2500,0.5628,2.009,-0.003155,26.41,-0.005208,16.00,1.641036e-05,-0.004180,-0.003149,-0.005211,NEGATIVE_CURVATURE
mid,0.000,11.5000,0.5753,1.945,-0.002973,28.03,-0.005200,16.03,1.544083e-05,-0.004085,-0.002968,-0.005203,NEGATIVE_CURVATURE
mid,0.000,11.7500,0.5878,1.861,-0.002787,29.90,-0.005196,16.04,1.446346e-05,-0.003990,-0.002782,-0.005199,NEGATIVE_CURVATURE
mid,0.000,12.0000,0.6003,1.768,-0.002605,31.99,-0.005193,16.05,1.351301e-05,-0.003898,-0.002601,-0.005196,NEGATIVE_CURVATURE
mid,0.000,12.2500,0.6128,1.663,-0.002423,34.40,-0.005188,16.06,1.255595e-05,-0.003805,-0.002419,-0.005191,NEGATIVE_CURVATURE
mid,0.000,12.5000,0.6253,1.562,-0.002248,37.07,-0.005179,16.09,1.162842e-05,-0.003713,-0.002244,-0.005181,NEGATIVE_CURVATURE
mid,0.000,12.7500,0.6378,1.463,-0.002078,40.11,-0.005162,16.15,1.071178e-05,-0.003619,-0.002075,-0.005163,NEGATIVE_CURVATURE
mid,0.000,13.0000,0.6503,1.370,-0.001915,43.53,-0.005134,16.23,9.818953e-06,-0.003524,-0.001912,-0.005135,NEGATIVE_CURVATURE
mid,0.000,13.2500,0.6628,1.288,-0.001765,47.20,-0.005093,16.36,8.981995e-06,-0.003429,-0.001763,-0.005094,NEGATIVE_CURVATURE
mid,0.000,13.5000,0.6753,1.220,-0.001627,51.21,-0.005036,16.55,8.187772e-06,-0.003331,-0.001625,-0.005037,NEGATIVE_CURVATURE
mid,0.000,13.7500,0.6878,1.163,-0.001502,55.49,-0.004963,16.79,7.447019e-06,-0.003232,-0.001500,-0.004964,NEGATIVE_CURVATURE
mid,0.000,14.0000,0.7004,1.101,-0.001394,59.78,-0.004870,17.11,6.784537e-06,-0.003132,-0.001393,-0.004871,NEGATIVE_CURVATURE
mid,0.000,14.2500,0.7129,1.039,-0.001297,64.25,-0.004758,17.51,6.167695e-06,-0.003027,-0.001296,-0.004759,NEGATIVE_CURVATURE
mid,0.000,14.5000,0.7254,0.976,-0.001211,68.82,-0.004626,18.01,5.598554e-06,-0.002918,-0.001210,-0.004627,NEGATIVE_CURVATURE
mid,0.000,14.7500,0.7379,0.916,-0.001137,73.27,-0.004473,18.63,5.085325e-06,-0.002805,-0.001137,-0.004474,NEGATIVE_CURVATURE
mid,0.000,15.0000,0.7504,0.859,-0.001076,77.47,-0.004300,19.38,4.623636e-06,-0.002688,-0.001075,-0.004301,NEGATIVE_CURVATURE
mid,0.000,15.2500,0.7629,0.808,-0.001023,81.48,-0.004107,20.29,4.199322e-06,-0.002565,-0.001022,-0.004108,NEGATIVE_CURVATURE
mid,0.000,15.5000,0.7754,0.764,-0.000981,84.94,-0.003896,21.39,3.820968e-06,-0.002438,-0.000981,-0.003896,NEGATIVE_CURVATURE
mid,0.000,15.7500,0.7879,0.734,-0.000936,88.99,-0.003668,22.72,3.433862e-06,-0.002302,-0.000936,-0.003668,NEGATIVE_CURVATURE
mid,0.000,16.0000,0.8004,0.718,-0.000902,92.41,-0.003424,24.34,3.086826e-06,-0.002163,-0.000902,-0.003424,NEGATIVE_CURVATURE
mid,0.000,16.2500,0.8129,0.717,-0.000870,95.81,-0.003165,26.33,2.752608e-06,-0.002018,-0.000870,-0.003165,NEGATIVE_CURVATURE
mid,0.000,16.5000,0.8254,0.725,-0.000840,99.15,-0.002895,28.79,2.432289e-06,-0.001867,-0.000840,-0.002895,NEGATIVE_CURVATURE
mid,0.000,16.7500,0.8379,0.740,-0.000811,102.78,-0.002613,31.89,2.118060e-06,-0.001712,-0.000811,-0.002613,NEGATIVE_CURVATURE
mid,0.000,17.0000,0.8504,0.759,-0.000780,106.84,-0.002322,35.90,1.810418e-06,-0.001551,-0.000780,-0.002322,NEGATIVE_CURVATURE
mid,0.000,17.2500,0.8629,0.780,-0.000745,111.87,-0.002021,41.22,1.505492e-06,-0.001383,-0.000745,-0.002022,NEGATIVE_CURVATURE
mid,0.000,17.5000,0.8754,0.801,-0.000706,118.02,-0.001713,48.64,1.209251e-06,-0.001210,-0.000706,-0.001713,NEGATIVE_CURVATURE
mid,0.000,17.7500,0.8879,0.818,-0.000662,125.81,-0.001397,59.67,9.247014e-07,-0.001029,-0.000662,-0.001397,NEGATIVE_CURVATURE
mid,0.000,18.0000,0.9005,0.832,-0.000615,135.43,-0.001072,77.76,6.590656e-07,-0.000843,-0.000615,-0.001072,NEGATIVE_CURVATURE
mid,0.000,18.2500,0.9130,0.836,-0.000564,147.85,-0.000738,112.93,4.155970e-07,-0.000651,-0.000562,-0.000740,NEGATIVE_CURVATURE
mid,0.000,18.5000,0.9255,0.828,-0.000508,164.02,-0.000395,210.75,2.005635e-07,-0.000452,-0.000393,-0.000511,NEGATIVE_CURVATURE
mid,0.000,18.7500,0.9380,0.807,-0.000449,185.63,-0.000044,1879.28,1.957790e-08,-0.000247,-0.000044,-0.000450,NEGATIVE_CURVATURE
mid,0.000,19.0000,0.9505,0.773,-0.000386,215.62,0.000314,265.32,-1.217535e-07,-0.000036,0.000315,-0.000387,NEGATIVE_CURVATURE
mid,0.000,19.2500,0.9630,0.724,-0.000317,262.61,0.000677,123.06,-2.153937e-07,0.000180,0.000678,-0.000318,NEGATIVE_CURVATURE
q75,0.000,0.5000,0.0250,1.337,-0.000750,111.06,0.003147,26.48,-2.372993e-06,0.001200,0.003152,-0.000753,NEGATIVE_CURVATURE
q75,0.000,0.7500,0.0375,1.743,-0.001083,76.96,0.002500,33.34,-2.716736e-06,0.000710,0.002505,-0.001084,NEGATIVE_CURVATURE
q75,0.000,1.0000,0.0500,1.923,-0.001420,58.70,0.001902,43.81,-2.710710e-06,0.000244,0.001908,-0.001421,NEGATIVE_CURVATURE
q75,0.000,1.2500,0.0625,1.974,-0.001758,47.41,0.001355,61.50,-2.393534e-06,-0.000198,0.001362,-0.001758,NEGATIVE_CURVATURE
q75,0.000,1.5000,0.0750,1.938,-0.002087,39.94,0.000851,97.89,-1.788588e-06,-0.000614,0.000858,-0.002085,NEGATIVE_CURVATURE
q75,0.000,1.7500,0.0875,1.861,-0.002395,34.80,0.000377,220.80,-9.167030e-07,-0.001004,0.000383,-0.002392,NEGATIVE_CURVATURE
q75,0.000,2.0000,0.1001,1.784,-0.002672,31.19,-0.000082,1015.86,2.056230e-07,-0.001372,-0.000077,-0.002667,NEGATIVE_CURVATURE
q75,0.000,2.2500,0.1126,1.740,-0.002908,28.66,-0.000540,154.28,1.555111e-06,-0.001718,-0.000536,-0.002900,NEGATIVE_CURVATURE
q75,0.000,2.5000,0.1251,1.760,-0.003109,26.80,-0.001007,82.76,3.112682e-06,-0.002052,-0.001004,-0.003100,NEGATIVE_CURVATURE
q75,0.000,2.7500,0.1376,1.784,-0.003255,25.60,-0.001488,55.98,4.822747e-06,-0.002365,-0.001487,-0.003244,NEGATIVE_CURVATURE
q75,0.000,3.0000,0.1501,1.793,-0.003367,24.75,-0.001986,41.97,6.658429e-06,-0.002670,-0.001984,-0.003355,NEGATIVE_CURVATURE
q75,0.000,3.2500,0.1626,1.777,-0.003439,24.23,-0.002496,33.39,8.548924e-06,-0.002961,-0.002495,-0.003427,NEGATIVE_CURVATURE
q75,0.000,3.5000,0.1751,1.745,-0.003490,23.88,-0.003013,27.66,1.047552e-05,-0.003245,-0.003012,-0.003478,NEGATIVE_CURVATURE
q75,0.000,3.7500,0.1876,1.712,-0.003522,23.66,-0.003530,23.61,1.238792e-05,-0.003520,-0.003501,-0.003538,NEGATIVE_CURVATURE
q75,0.000,4.0000,0.2001,1.681,-0.003548,23.49,-0.004037,20.64,1.427422e-05,-0.003786,-0.003535,-0.004038,NEGATIVE_CURVATURE
q75,0.000,4.2500,0.2126,1.651,-0.003583,23.26,-0.004526,18.41,1.616149e-05,-0.004048,-0.003570,-0.004527,NEGATIVE_CURVATURE
q75,0.000,4.5000,0.2251,1.643,-0.003622,23.01,-0.004988,16.71,1.800397e-05,-0.004299,-0.003609,-0.004989,NEGATIVE_CURVATURE
q75,0.000,4.7500,0.2376,1.656,-0.003683,22.63,-0.005415,15.39,1.987576e-05,-0.004543,-0.003670,-0.005415,NEGATIVE_CURVATURE
q75,0.000,5.0000,0.2501,1.672,-0.003750,22.22,-0.005800,14.37,2.168420e-05,-0.004769,-0.003738,-0.005801,NEGATIVE_CURVATURE
q75,0.000,5.2500,0.2626,1.689,-0.003838,21.72,-0.006139,13.57,2.348575e-05,-0.004982,-0.003825,-0.006140,NEGATIVE_CURVATURE
q75,0.000,5.5000,0.2751,1.709,-0.003947,21.11,-0.006426,12.97,2.528326e-05,-0.005180,-0.003934,-0.006427,NEGATIVE_CURVATURE
q75,0.000,5.7500,0.2876,1.727,-0.004094,20.35,-0.006657,12.52,2.717717e-05,-0.005370,-0.004081,-0.006659,NEGATIVE_CURVATURE
q75,0.000,6.0000,0.3002,1.756,-0.004243,19.64,-0.006835,12.19,2.891901e-05,-0.005533,-0.004230,-0.006837,NEGATIVE_CURVATURE
q75,0.000,6.2500,0.3127,1.794,-0.004398,18.95,-0.006960,11.97,3.053011e-05,-0.005674,-0.004385,-0.006962,NEGATIVE_CURVATURE
q75,0.000,6.5000,0.3252,1.846,-0.004546,18.33,-0.007033,11.85,3.189616e-05,-0.005784,-0.004534,-0.007035,NEGATIVE_CURVATURE
q75,0.000,6.7500,0.3377,1.910,-0.004683,17.80,-0.007059,11.80,3.297965e-05,-0.005866,-0.004671,-0.007061,NEGATIVE_CURVATURE
q75,0.000,7.0000,0.3502,1.979,-0.004812,17.32,-0.007042,11.83,3.380794e-05,-0.005922,-0.004800,-0.007043,NEGATIVE_CURVATURE
q75,0.000,7.2500,0.3627,2.053,-0.004920,16.94,-0.006988,11.92,3.430731e-05,-0.005949,-0.004909,-0.006989,NEGATIVE_CURVATURE
q75,0.000,7.5000,0.3752,2.131,-0.005002,16.66,-0.006903,12.07,3.446470e-05,-0.005948,-0.004992,-0.006904,NEGATIVE_CURVATURE
q75,0.000,7.7500,0.3877,2.208,-0.005095,16.36,-0.006793,12.27,3.454654e-05,-0.005939,-0.005085,-0.006793,NEGATIVE_CURVATURE
q75,0.000,8.0000,0.4002,2.279,-0.005131,16.24,-0.006666,12.50,3.414345e-05,-0.005894,-0.005122,-0.006666,NEGATIVE_CURVATURE
q75,0.000,8.2500,0.4127,2.351,-0.005169,16.12,-0.006528,12.77,3.368429e-05,-0.005844,-0.005160,-0.006528,NEGATIVE_CURVATURE
q75,0.000,8.5000,0.4252,2.412,-0.005154,16.17,-0.006386,13.05,3.286339e-05,-0.005766,-0.005146,-0.006386,NEGATIVE_CURVATURE
q75,0.000,8.7500,0.4377,2.459,-0.005111,16.30,-0.006245,13.34,3.187425e-05,-0.005675,-0.005103,-0.006246,NEGATIVE_CURVATURE
q75,0.000,9.0000,0.4502,2.485,-0.005045,16.52,-0.006110,13.64,3.078117e-05,-0.005574,-0.005037,-0.006112,NEGATIVE_CURVATURE
q75,0.000,9.2500,0.4627,2.498,-0.004949,16.84,-0.005985,13.92,2.958137e-05,-0.005464,-0.004940,-0.005988,NEGATIVE_CURVATURE
q75,0.000,9.5000,0.4752,2.502,-0.004827,17.26,-0.005873,14.19,2.831306e-05,-0.005347,-0.004818,-0.005876,NEGATIVE_CURVATURE
q75,0.000,9.7500,0.4877,2.499,-0.004692,17.76,-0.005775,14.43,2.706125e-05,-0.005231,-0.004683,-0.005779,NEGATIVE_CURVATURE
q75,0.000,10.0000,0.5003,2.488,-0.004540,18.35,-0.005693,14.64,2.581224e-05,-0.005114,-0.004531,-0.005697,NEGATIVE_CURVATURE
q75,0.000,10.2500,0.5128,2.460,-0.004375,19.05,-0.005626,14.81,2.458018e-05,-0.004998,-0.004365,-0.005631,NEGATIVE_CURVATURE
q75,0.000,10.5000,0.5253,2.432,-0.004199,19.85,-0.005574,14.95,2.337317e-05,-0.004884,-0.004189,-0.005579,NEGATIVE_CURVATURE
q75,0.000,10.7500,0.5378,2.399,-0.004010,20.78,-0.005536,15.05,2.217279e-05,-0.004771,-0.004002,-0.005541,NEGATIVE_CURVATURE
q75,0.000,11.0000,0.5503,2.355,-0.003820,21.81,-0.005509,15.13,2.102268e-05,-0.004663,-0.003813,-0.005514,NEGATIVE_CURVATURE
q75,0.000,11.2500,0.5628,2.302,-0.003627,22.98,-0.005492,15.17,1.989350e-05,-0.004558,-0.003620,-0.005496,NEGATIVE_CURVATURE
q75,0.000,11.5000,0.5753,2.235,-0.003427,24.32,-0.005481,15.20,1.876313e-05,-0.004453,-0.003421,-0.005485,NEGATIVE_CURVATURE
q75,0.000,11.7500,0.5878,2.148,-0.003223,25.85,-0.005475,15.22,1.762629e-05,-0.004348,-0.003217,-0.005479,NEGATIVE_CURVATURE
q75,0.000,12.0000,0.6003,2.052,-0.003025,27.55,-0.005469,15.24,1.652505e-05,-0.004246,-0.003020,-0.005472,NEGATIVE_CURVATURE
q75,0.000,12.2500,0.6128,1.943,-0.002826,29.48,-0.005460,15.26,1.541676e-05,-0.004143,-0.002822,-0.005463,NEGATIVE_CURVATURE
q75,0.000,12.5000,0.6253,1.838,-0.002636,31.61,-0.005447,15.30,1.434463e-05,-0.004041,-0.002632,-0.005449,NEGATIVE_CURVATURE
q75,0.000,12.7500,0.6378,1.734,-0.002451,34.00,-0.005425,15.36,1.328392e-05,-0.003937,-0.002448,-0.005427,NEGATIVE_CURVATURE
q75,0.000,13.0000,0.6503,1.636,-0.002274,36.65,-0.005392,15.45,1.224877e-05,-0.003832,-0.002271,-0.005394,NEGATIVE_CURVATURE
q75,0.000,13.2500,0.6628,1.549,-0.002111,39.47,-0.005346,15.59,1.127673e-05,-0.003728,-0.002109,-0.005347,NEGATIVE_CURVATURE
q75,0.000,13.5000,0.6753,1.474,-0.001960,42.51,-0.005284,15.77,1.034988e-05,-0.003622,-0.001958,-0.005285,NEGATIVE_CURVATURE
q75,0.000,13.7500,0.6878,1.411,-0.001823,45.71,-0.005204,16.01,9.479894e-06,-0.003513,-0.001821,-0.005205,NEGATIVE_CURVATURE
q75,0.000,14.0000,0.7004,1.343,-0.001705,48.89,-0.005105,16.32,8.696042e-06,-0.003405,-0.001703,-0.005106,NEGATIVE_CURVATURE
q75,0.000,14.2500,0.7129,1.273,-0.001597,52.19,-0.004986,16.71,7.957517e-06,-0.003291,-0.001596,-0.004987,NEGATIVE_CURVATURE
q75,0.000,14.5000,0.7254,1.203,-0.001500,55.55,-0.004847,17.19,7.266736e-06,-0.003173,-0.001499,-0.004847,NEGATIVE_CURVATURE
q75,0.000,14.7500,0.7379,1.135,-0.001416,58.84,-0.004686,17.78,6.634119e-06,-0.003051,-0.001415,-0.004687,NEGATIVE_CURVATURE
q75,0.000,15.0000,0.7504,1.070,-0.001344,61.98,-0.004505,18.50,6.055236e-06,-0.002925,-0.001344,-0.004506,NEGATIVE_CURVATURE
q75,0.000,15.2500,0.7629,1.010,-0.001281,65.03,-0.004304,19.36,5.514014e-06,-0.002793,-0.001281,-0.004305,NEGATIVE_CURVATURE
q75,0.000,15.5000,0.7754,0.958,-0.001230,67.74,-0.004084,20.40,5.022828e-06,-0.002657,-0.001230,-0.004085,NEGATIVE_CURVATURE
q75,0.000,15.7500,0.7879,0.918,-0.001174,70.97,-0.003847,21.66,4.516343e-06,-0.002511,-0.001174,-0.003848,NEGATIVE_CURVATURE
q75,0.000,16.0000,0.8004,0.893,-0.001129,73.82,-0.003594,23.19,4.056646e-06,-0.002361,-0.001129,-0.003594,NEGATIVE_CURVATURE
q75,0.000,16.2500,0.8129,0.883,-0.001086,76.73,-0.003326,25.05,3.612024e-06,-0.002206,-0.001086,-0.003327,NEGATIVE_CURVATURE
q75,0.000,16.5000,0.8254,0.881,-0.001046,79.67,-0.003046,27.36,3.185555e-06,-0.002046,-0.001046,-0.003046,NEGATIVE_CURVATURE
q75,0.000,16.7500,0.8379,0.885,-0.001005,82.88,-0.002754,30.25,2.768853e-06,-0.001880,-0.001005,-0.002755,NEGATIVE_CURVATURE
q75,0.000,17.0000,0.8504,0.894,-0.000964,86.47,-0.002453,33.97,2.363379e-06,-0.001708,-0.000963,-0.002453,NEGATIVE_CURVATURE
q75,0.000,17.2500,0.8629,0.904,-0.000917,90.85,-0.002143,38.89,1.964694e-06,-0.001530,-0.000917,-0.002143,NEGATIVE_CURVATURE
q75,0.000,17.5000,0.8754,0.915,-0.000867,96.15,-0.001824,45.69,1.580142e-06,-0.001345,-0.000866,-0.001824,NEGATIVE_CURVATURE
q75,0.000,17.7500,0.8879,0.921,-0.000811,102.77,-0.001497,55.68,1.213063e-06,-0.001154,-0.000810,-0.001497,NEGATIVE_CURVATURE
q75,0.000,18.0000,0.9005,0.924,-0.000752,110.88,-0.001161,71.79,8.719315e-07,-0.000956,-0.000750,-0.001162,NEGATIVE_CURVATURE
q75,0.000,18.2500,0.9130,0.916,-0.000687,121.29,-0.000816,102.09,5.602273e-07,-0.000752,-0.000683,-0.000820,NEGATIVE_CURVATURE
q75,0.000,18.5000,0.9255,0.897,-0.000618,134.84,-0.000463,180.11,2.853610e-07,-0.000540,-0.000459,-0.000622,NEGATIVE_CURVATURE
q75,0.000,18.7500,0.9380,0.865,-0.000545,152.96,-0.000100,829.75,5.410803e-08,-0.000323,-0.000099,-0.000546,NEGATIVE_CURVATURE
q75,0.000,19.0000,0.9505,0.819,-0.000468,178.22,0.000269,309.46,-1.265958e-07,-0.000099,0.000270,-0.000468,NEGATIVE_CURVATURE
q75,0.000,19.2500,0.9630,0.759,-0.000382,217.93,0.000644,129.45,-2.470699e-07,0.000131,0.000645,-0.000383,NEGATIVE_CURVATURE
ceiling,0.000,0.5000,0.0250,1.360,-0.000823,101.21,0.003124,26.68,-2.586101e-06,0.001152,0.003130,-0.000826,NEGATIVE_CURVATURE
ceiling,0.000,0.7500,0.0375,1.778,-0.001183,70.42,0.002465,33.81,-2.929448e-06,0.000643,0.002471,-0.001185,NEGATIVE_CURVATURE
ceiling,0.000,1.0000,0.0500,1.970,-0.001546,53.90,0.001856,44.89,-2.883041e-06,0.000158,0.001863,-0.001547,NEGATIVE_CURVATURE
ceiling,0.000,1.2500,0.0625,2.032,-0.001909,43.65,0.001299,64.17,-2.493082e-06,-0.000301,0.001306,-0.001909,NEGATIVE_CURVATURE
ceiling,0.000,1.5000,0.0750,2.008,-0.002262,36.85,0.000784,106.29,-1.788165e-06,-0.000734,0.000791,-0.002260,NEGATIVE_CURVATURE
ceiling,0.000,1.7500,0.0875,1.942,-0.002593,32.13,0.000299,278.31,-7.924598e-07,-0.001142,0.000306,-0.002590,NEGATIVE_CURVATURE
ceiling,0.000,2.0000,0.1001,1.876,-0.002894,28.80,-0.000171,488.40,4.766042e-07,-0.001526,-0.000165,-0.002888,NEGATIVE_CURVATURE
ceiling,0.000,2.2500,0.1126,1.843,-0.003152,26.44,-0.000639,130.37,1.995144e-06,-0.001889,-0.000635,-0.003144,NEGATIVE_CURVATURE
ceiling,0.000,2.5000,0.1251,1.874,-0.003378,24.67,-0.001116,74.66,3.747805e-06,-0.002240,-0.001113,-0.003368,NEGATIVE_CURVATURE
ceiling,0.000,2.7500,0.1376,1.909,-0.003546,23.50,-0.001608,51.83,5.674892e-06,-0.002570,-0.001605,-0.003535,NEGATIVE_CURVATURE
ceiling,0.000,3.0000,0.1501,1.929,-0.003683,22.63,-0.002115,39.40,7.755481e-06,-0.002892,-0.002113,-0.003670,NEGATIVE_CURVATURE
ceiling,0.000,3.2500,0.1626,1.923,-0.003778,22.06,-0.002635,31.63,9.913940e-06,-0.003199,-0.002633,-0.003765,NEGATIVE_CURVATURE
ceiling,0.000,3.5000,0.1751,1.901,-0.003854,21.62,-0.003162,26.36,1.213694e-05,-0.003500,-0.003160,-0.003841,NEGATIVE_CURVATURE
ceiling,0.000,3.7500,0.1876,1.878,-0.003911,21.31,-0.003688,22.60,1.436995e-05,-0.003792,-0.003684,-0.003900,NEGATIVE_CURVATURE
ceiling,0.000,4.0000,0.2001,1.857,-0.003963,21.03,-0.004205,19.82,1.660123e-05,-0.004077,-0.003946,-0.004208,NEGATIVE_CURVATURE
ceiling,0.000,4.2500,0.2126,1.836,-0.004026,20.70,-0.004702,17.72,1.886199e-05,-0.004357,-0.004010,-0.004704,NEGATIVE_CURVATURE
ceiling,0.000,4.5000,0.2251,1.837,-0.004092,20.37,-0.005173,16.11,2.109326e-05,-0.004625,-0.004077,-0.005174,NEGATIVE_CURVATURE
ceiling,0.000,4.7500,0.2376,1.859,-0.004183,19.92,-0.005608,14.86,2.337676e-05,-0.004888,-0.004167,-0.005609,NEGATIVE_CURVATURE
ceiling,0.000,5.0000,0.2501,1.883,-0.004279,19.48,-0.006002,13.89,2.559458e-05,-0.005133,-0.004264,-0.006003,NEGATIVE_CURVATURE
ceiling,0.000,5.2500,0.2626,1.909,-0.004394,18.96,-0.006348,13.13,2.780590e-05,-0.005364,-0.004379,-0.006350,NEGATIVE_CURVATURE
ceiling,0.000,5.5000,0.2751,1.936,-0.004531,18.39,-0.006643,12.55,3.000598e-05,-0.005580,-0.004516,-0.006645,NEGATIVE_CURVATURE
ceiling,0.000,5.7500,0.2876,1.962,-0.004709,17.70,-0.006882,12.11,3.230814e-05,-0.005789,-0.004693,-0.006884,NEGATIVE_CURVATURE
ceiling,0.000,6.0000,0.3002,1.997,-0.004884,17.06,-0.007066,11.79,3.441413e-05,-0.005969,-0.004868,-0.007069,NEGATIVE_CURVATURE
ceiling,0.000,6.2500,0.3127,2.042,-0.005064,16.46,-0.007197,11.58,3.634747e-05,-0.006124,-0.005048,-0.007200,NEGATIVE_CURVATURE
ceiling,0.000,6.5000,0.3252,2.101,-0.005232,15.93,-0.007277,11.45,3.797260e-05,-0.006248,-0.005216,-0.007280,NEGATIVE_CURVATURE
ceiling,0.000,6.7500,0.3377,2.171,-0.005383,15.48,-0.007309,11.40,3.924690e-05,-0.006340,-0.005368,-0.007311,NEGATIVE_CURVATURE
ceiling,0.000,7.0000,0.3502,2.245,-0.005522,15.09,-0.007297,11.42,4.020583e-05,-0.006404,-0.005508,-0.007299,NEGATIVE_CURVATURE
ceiling,0.000,7.2500,0.3627,2.324,-0.005636,14.79,-0.007249,11.50,4.076653e-05,-0.006436,-0.005623,-0.007250,NEGATIVE_CURVATURE
ceiling,0.000,7.5000,0.3752,2.406,-0.005719,14.57,-0.007168,11.63,4.091662e-05,-0.006438,-0.005707,-0.007170,NEGATIVE_CURVATURE
ceiling,0.000,7.7500,0.3877,2.488,-0.005813,14.34,-0.007062,11.80,4.097774e-05,-0.006432,-0.005802,-0.007063,NEGATIVE_CURVATURE
ceiling,0.000,8.0000,0.4002,2.563,-0.005841,14.27,-0.006939,12.01,4.046512e-05,-0.006385,-0.005831,-0.006940,NEGATIVE_CURVATURE
ceiling,0.000,8.2500,0.4127,2.638,-0.005872,14.19,-0.006805,12.25,3.989275e-05,-0.006334,-0.005862,-0.006805,NEGATIVE_CURVATURE
ceiling,0.000,8.5000,0.4252,2.702,-0.005844,14.26,-0.006666,12.50,3.889626e-05,-0.006251,-0.005835,-0.006666,NEGATIVE_CURVATURE
ceiling,0.000,8.7500,0.4377,2.751,-0.005785,14.41,-0.006528,12.77,3.770756e-05,-0.006152,-0.005775,-0.006530,NEGATIVE_CURVATURE
ceiling,0.000,9.0000,0.4502,2.779,-0.005700,14.62,-0.006395,13.03,3.640238e-05,-0.006044,-0.005690,-0.006398,NEGATIVE_CURVATURE
ceiling,0.000,9.2500,0.4627,2.795,-0.005585,14.92,-0.006272,13.29,3.497692e-05,-0.005925,-0.005572,-0.006277,NEGATIVE_CURVATURE
ceiling,0.000,9.5000,0.4752,2.800,-0.005441,15.32,-0.006161,13.53,3.347585e-05,-0.005798,-0.005428,-0.006167,NEGATIVE_CURVATURE
ceiling,0.000,9.7500,0.4877,2.798,-0.005284,15.77,-0.006064,13.74,3.200018e-05,-0.005671,-0.005271,-0.006071,NEGATIVE_CURVATURE
ceiling,0.000,10.0000,0.5003,2.786,-0.005111,16.31,-0.005982,13.93,3.053260e-05,-0.005544,-0.005098,-0.005989,NEGATIVE_CURVATURE
ceiling,0.000,10.2500,0.5128,2.759,-0.004924,16.92,-0.005915,14.09,2.908962e-05,-0.005417,-0.004912,-0.005922,NEGATIVE_CURVATURE
ceiling,0.000,10.5000,0.5253,2.730,-0.004728,17.63,-0.005863,14.21,2.768060e-05,-0.005293,-0.004716,-0.005870,NEGATIVE_CURVATURE
ceiling,0.000,10.7500,0.5378,2.695,-0.004519,18.44,-0.005823,14.31,2.628311e-05,-0.005169,-0.004508,-0.005830,NEGATIVE_CURVATURE
ceiling,0.000,11.0000,0.5503,2.650,-0.004310,19.33,-0.005795,14.38,2.494961e-05,-0.005051,-0.004301,-0.005802,NEGATIVE_CURVATURE
ceiling,0.000,11.2500,0.5628,2.595,-0.004099,20.33,-0.005776,14.43,2.364453e-05,-0.004936,-0.004090,-0.005782,NEGATIVE_CURVATURE
ceiling,0.000,11.5000,0.5753,2.525,-0.003881,21.47,-0.005763,14.46,2.234111e-05,-0.004821,-0.003873,-0.005768,NEGATIVE_CURVATURE
ceiling,0.000,11.7500,0.5878,2.436,-0.003660,22.77,-0.005754,14.48,2.103247e-05,-0.004705,-0.003652,-0.005758,NEGATIVE_CURVATURE
ceiling,0.000,12.0000,0.6003,2.336,-0.003445,24.19,-0.005744,14.51,1.976863e-05,-0.004594,-0.003439,-0.005749,NEGATIVE_CURVATURE
ceiling,0.000,12.2500,0.6128,2.223,-0.003230,25.80,-0.005732,14.54,1.849719e-05,-0.004480,-0.003225,-0.005736,NEGATIVE_CURVATURE
ceiling,0.000,12.5000,0.6253,2.113,-0.003025,27.55,-0.005715,14.58,1.726903e-05,-0.004369,-0.003020,-0.005718,NEGATIVE_CURVATURE
ceiling,0.000,12.7500,0.6378,2.005,-0.002825,29.50,-0.005688,14.65,1.605292e-05,-0.004256,-0.002821,-0.005691,NEGATIVE_CURVATURE
ceiling,0.000,13.0000,0.6503,1.902,-0.002633,31.65,-0.005651,14.75,1.486430e-05,-0.004141,-0.002629,-0.005653,NEGATIVE_CURVATURE
ceiling,0.000,13.2500,0.6628,1.809,-0.002457,33.91,-0.005599,14.88,1.374666e-05,-0.004028,-0.002454,-0.005601,NEGATIVE_CURVATURE
ceiling,0.000,13.5000,0.6753,1.728,-0.002294,36.33,-0.005531,15.07,1.267694e-05,-0.003912,-0.002291,-0.005533,NEGATIVE_CURVATURE
ceiling,0.000,13.7500,0.6878,1.659,-0.002144,38.87,-0.005445,15.30,1.166782e-05,-0.003794,-0.002142,-0.005447,NEGATIVE_CURVATURE
ceiling,0.000,14.0000,0.7004,1.584,-0.002015,41.36,-0.005340,15.61,1.075337e-05,-0.003677,-0.002013,-0.005341,NEGATIVE_CURVATURE
ceiling,0.000,14.2500,0.7129,1.507,-0.001897,43.94,-0.005214,15.98,9.884012e-06,-0.003555,-0.001895,-0.005215,NEGATIVE_CURVATURE
ceiling,0.000,14.5000,0.7254,1.430,-0.001789,46.57,-0.005067,16.44,9.062560e-06,-0.003428,-0.001788,-0.005068,NEGATIVE_CURVATURE
ceiling,0.000,14.7500,0.7379,1.354,-0.001695,49.16,-0.004899,17.01,8.301775e-06,-0.003297,-0.001694,-0.004900,NEGATIVE_CURVATURE
ceiling,0.000,15.0000,0.7504,1.281,-0.001613,51.65,-0.004711,17.69,7.597164e-06,-0.003162,-0.001613,-0.004711,NEGATIVE_CURVATURE
ceiling,0.000,15.2500,0.7629,1.213,-0.001540,54.11,-0.004501,18.51,6.930593e-06,-0.003021,-0.001540,-0.004502,NEGATIVE_CURVATURE
ceiling,0.000,15.5000,0.7754,1.151,-0.001479,56.34,-0.004273,19.50,6.318501e-06,-0.002876,-0.001479,-0.004273,NEGATIVE_CURVATURE
ceiling,0.000,15.7500,0.7879,1.103,-0.001412,59.02,-0.004027,20.69,5.684166e-06,-0.002719,-0.001411,-0.004027,NEGATIVE_CURVATURE
ceiling,0.000,16.0000,0.8004,1.068,-0.001356,61.45,-0.003765,22.14,5.103867e-06,-0.002560,-0.001356,-0.003765,NEGATIVE_CURVATURE
ceiling,0.000,16.2500,0.8129,1.048,-0.001302,63.98,-0.003487,23.90,4.541084e-06,-0.002395,-0.001302,-0.003488,NEGATIVE_CURVATURE
ceiling,0.000,16.5000,0.8254,1.036,-0.001252,66.58,-0.003197,26.06,4.001043e-06,-0.002224,-0.001251,-0.003198,NEGATIVE_CURVATURE
ceiling,0.000,16.7500,0.8379,1.031,-0.001200,69.44,-0.002896,28.78,3.474719e-06,-0.002048,-0.001200,-0.002896,NEGATIVE_CURVATURE
ceiling,0.000,17.0000,0.8504,1.030,-0.001147,72.63,-0.002584,32.24,2.964594e-06,-0.001866,-0.001147,-0.002585,NEGATIVE_CURVATURE
ceiling,0.000,17.2500,0.8629,1.029,-0.001089,76.49,-0.002264,36.81,2.465599e-06,-0.001677,-0.001089,-0.002264,NEGATIVE_CURVATURE
ceiling,0.000,17.5000,0.8754,1.029,-0.001027,81.12,-0.001935,43.08,1.986542e-06,-0.001481,-0.001026,-0.001935,NEGATIVE_CURVATURE
ceiling,0.000,17.7500,0.8879,1.024,-0.000959,86.86,-0.001597,52.19,1.531094e-06,-0.001278,-0.000958,-0.001598,NEGATIVE_CURVATURE
ceiling,0.000,18.0000,0.9005,1.016,-0.000888,93.86,-0.001250,66.66,1.109060e-06,-0.001069,-0.000886,-0.001252,NEGATIVE_CURVATURE
ceiling,0.000,18.2500,0.9130,0.997,-0.000810,102.82,-0.000895,93.16,7.241206e-07,-0.000852,-0.000801,-0.000904,NEGATIVE_CURVATURE
ceiling,0.000,18.5000,0.9255,0.966,-0.000728,114.47,-0.000530,157.25,3.848799e-07,-0.000629,-0.000525,-0.000732,NEGATIVE_CURVATURE
ceiling,0.000,18.7500,0.9380,0.922,-0.000641,130.07,-0.000157,532.40,9.931370e-08,-0.000399,-0.000155,-0.000643,NEGATIVE_CURVATURE
ceiling,0.000,19.0000,0.9505,0.866,-0.000549,151.88,0.000224,371.23,-1.242643e-07,-0.000162,0.000226,-0.000550,NEGATIVE_CURVATURE
ceiling,0.000,19.2500,0.9630,0.794,-0.000447,186.25,0.000610,136.54,-2.745094e-07,0.000081,0.000612,-0.000449,NEGATIVE_CURVATURE
