section,key,value_in,reconstructed_in,residual_in
source_point,s0,3.7500,3.75000,+0.00e+00
source_point,s3,3.7400,3.74000,+0.00e+00
source_point,s6,3.8950,3.89500,+0.00e+00
source_point,s9,4.0850,4.08500,+0.00e+00
source_point,s12,4.2400,4.24000,+0.00e+00
source_point,s15,4.3500,4.35000,+0.00e+00
source_point,s18,4.4550,4.45500,+0.00e+00
source_point,s21,4.5650,4.56500,+0.00e+00
source_point,s24,4.6400,4.64000,+0.00e+00
source_point,s27,4.6700,4.67000,+0.00e+00
source_point,s30.4375,4.7200,4.72000,+0.00e+00
admissibility,max_source_err_in,0.00000,,
admissibility,max_overshoot_in,0.00000,,
admissibility,min_slope,-0.01000,,
admissibility,max_slope,0.06909,,
admissibility,max_abs_curvature,0.06534,,
waist,solved_station_in,11.5521,,
waist,genone_prior_station_in,11.1649,,
waist,H_at_prior_in,4.2015,,-0.0185
diagnostic,sphere_R_ft,40.67,,
diagnostic,sphere_P_in,-13.655,,0.0648
