y_in,x_center_in,z_back_in,local_rim_reference_in,rise_in,rise_mm,longitudinal_slope,longitudinal_curvature
0.00000,0.00000,3.75000,3.75000,0.00000,0.00001,0.07242,0.00197
0.25000,0.00000,3.76811,3.74019,0.02791,0.70895,0.07292,0.00280
0.50000,0.00000,3.78646,3.74000,0.04646,1.18003,0.07382,0.00333
0.75000,0.00000,3.80502,3.74565,0.05936,1.50787,0.07458,0.00276
1.00000,0.00000,3.82375,3.76035,0.06340,1.61041,0.07520,0.00223
1.25000,0.00000,3.84262,3.78025,0.06236,1.58406,0.07570,0.00175
1.50000,0.00000,3.86160,3.80364,0.05795,1.47204,0.07608,0.00131
1.75000,0.00000,3.88066,3.82875,0.05191,1.31844,0.07635,0.00091
2.00000,0.00000,3.89977,3.85383,0.04594,1.16686,0.07653,0.00051
2.25000,0.00000,3.91892,3.87763,0.04129,1.04880,0.07661,0.00012
2.50000,0.00000,3.93808,3.89889,0.03919,0.99544,0.07659,-0.00028
2.75000,0.00000,3.95722,3.91991,0.03731,0.94755,0.07647,-0.00070
3.00000,0.00000,3.97631,3.94142,0.03489,0.88615,0.07624,-0.00113
3.25000,0.00000,3.99534,3.96381,0.03153,0.80080,0.07590,-0.00158
3.50000,0.00000,4.01427,3.98667,0.02759,0.70080,0.07545,-0.00203
3.75000,0.00000,4.03307,4.00936,0.02370,0.60209,0.07489,-0.00249
4.00000,0.00000,4.05171,4.03175,0.01996,0.50698,0.07421,-0.00294
4.25000,0.00000,4.07017,4.05387,0.01630,0.41396,0.07342,-0.00337
4.50000,0.00000,4.08842,4.07480,0.01362,0.34586,0.07252,-0.00378
4.75000,0.00000,4.10643,4.09461,0.01182,0.30018,0.07153,-0.00415
5.00000,0.00000,4.12418,4.11399,0.01019,0.25895,0.07045,-0.00448
5.25000,0.00000,4.14166,4.13290,0.00876,0.22239,0.06929,-0.00477
5.50000,0.00000,4.15883,4.15136,0.00747,0.18980,0.06807,-0.00500
5.75000,0.00000,4.17569,4.16944,0.00625,0.15874,0.06679,-0.00519
6.00000,0.00000,4.19223,4.18672,0.00550,0.13979,0.06547,-0.00532
6.25000,0.00000,4.20843,4.20320,0.00523,0.13279,0.06413,-0.00540
6.50000,0.00000,4.22429,4.21865,0.00564,0.14324,0.06278,-0.00543
6.75000,0.00000,4.23982,4.23322,0.00660,0.16755,0.06142,-0.00541
7.00000,0.00000,4.25500,4.24715,0.00785,0.19940,0.06007,-0.00536
7.25000,0.00000,4.26985,4.26043,0.00942,0.23930,0.05874,-0.00527
7.50000,0.00000,4.28437,4.27313,0.01124,0.28539,0.05743,-0.00515
7.75000,0.00000,4.29857,4.28540,0.01317,0.33446,0.05616,-0.00501
8.00000,0.00000,4.31245,4.29750,0.01495,0.37983,0.05493,-0.00486
8.25000,0.00000,4.32603,4.30915,0.01688,0.42880,0.05373,-0.00469
8.50000,0.00000,4.33932,4.32081,0.01850,0.46998,0.05258,-0.00453
8.75000,0.00000,4.35232,4.33264,0.01968,0.49996,0.05147,-0.00437
9.00000,0.00000,4.36505,4.34489,0.02016,0.51214,0.05040,-0.00422
9.25000,0.00000,4.37752,4.35724,0.02028,0.51506,0.04936,-0.00408
9.50000,0.00000,4.38973,4.36959,0.02014,0.51159,0.04835,-0.00396
9.75000,0.00000,4.40169,4.38185,0.01984,0.50397,0.04738,-0.00386
10.00000,0.00000,4.41342,4.39409,0.01933,0.49094,0.04643,-0.00377
10.25000,0.00000,4.42491,4.40660,0.01831,0.46502,0.04549,-0.00370
10.50000,0.00000,4.43617,4.41878,0.01739,0.44159,0.04457,-0.00366
10.75000,0.00000,4.44719,4.43083,0.01636,0.41566,0.04366,-0.00362
11.00000,0.00000,4.45800,4.44293,0.01507,0.38273,0.04276,-0.00361
11.25000,0.00000,4.46858,4.45504,0.01353,0.34371,0.04186,-0.00360
11.50000,0.00000,4.47893,4.46737,0.01156,0.29370,0.04096,-0.00361
11.75000,0.00000,4.48906,4.48013,0.00893,0.22670,0.04006,-0.00362
12.00000,0.00000,4.49896,4.49293,0.00603,0.15314,0.03915,-0.00363
12.25000,0.00000,4.50863,4.50588,0.00275,0.06981,0.03824,-0.00365
12.50000,0.00000,4.51808,4.51835,-0.00027,-0.00688,0.03733,-0.00366
12.75000,0.00000,4.52730,4.53040,-0.00311,-0.07891,0.03641,-0.00367
13.00000,0.00000,4.53629,4.54190,-0.00562,-0.14262,0.03549,-0.00367
13.25000,0.00000,4.54504,4.55264,-0.00760,-0.19296,0.03458,-0.00366
13.50000,0.00000,4.55357,4.56255,-0.00898,-0.22800,0.03366,-0.00363
13.75000,0.00000,4.56188,4.57165,-0.00978,-0.24832,0.03276,-0.00359
14.00000,0.00000,4.56995,4.58067,-0.01071,-0.27210,0.03187,-0.00354
14.25000,0.00000,4.57781,4.58940,-0.01159,-0.29448,0.03099,-0.00347
14.50000,0.00000,4.58545,4.59783,-0.01238,-0.31435,0.03013,-0.00337
14.75000,0.00000,4.59288,4.60589,-0.01301,-0.33043,0.02930,-0.00326
15.00000,0.00000,4.60010,4.61351,-0.01341,-0.34060,0.02850,-0.00314
15.25000,0.00000,4.60713,4.62066,-0.01353,-0.34365,0.02774,-0.00299
15.50000,0.00000,4.61397,4.62726,-0.01329,-0.33757,0.02701,-0.00283
15.75000,0.00000,4.62063,4.63309,-0.01246,-0.31641,0.02632,-0.00265
16.00000,0.00000,4.62713,4.63813,-0.01100,-0.27930,0.02568,-0.00246
16.25000,0.00000,4.63347,4.64232,-0.00885,-0.22475,0.02509,-0.00225
16.50000,0.00000,4.63968,4.64600,-0.00632,-0.16061,0.02456,-0.00203
16.75000,0.00000,4.64575,4.64924,-0.00349,-0.08864,0.02408,-0.00181
17.00000,0.00000,4.65172,4.65211,-0.00039,-0.00997,0.02365,-0.00157
17.25000,0.00000,4.65758,4.65481,0.00277,0.07042,0.02329,-0.00133
17.50000,0.00000,4.66336,4.65733,0.00603,0.15315,0.02299,-0.00108
17.75000,0.00000,4.66907,4.65993,0.00914,0.23228,0.02275,-0.00083
18.00000,0.00000,4.67474,4.66256,0.01217,0.30921,0.02257,-0.00056
18.25000,0.00000,4.68036,4.66553,0.01483,0.37674,0.02247,-0.00029
18.50000,0.00000,4.68597,4.66890,0.01707,0.43348,0.02243,-0.00001
18.75000,0.00000,4.69158,4.67276,0.01881,0.47783,0.02246,0.00028
19.00000,0.00000,4.69720,4.67713,0.02007,0.50979,0.02257,0.00057
19.25000,0.00000,4.70286,4.68211,0.02075,0.52712,0.02275,0.00087
19.50000,0.00000,4.70857,4.68771,0.02087,0.52998,0.02300,0.00080
19.75000,0.00000,4.71436,4.69646,0.01790,0.45457,0.02315,0.00058
