s_in,x_in,y_in,z_in,x_mm,y_mm,z_mm,developed_fraction,station_in,landmark,coordinate_system
0.0000,3.08580,0.00000,3.75000,78.37932,0.00000,95.25000,0.000000,0.00000,True,corrected_developed_arc_004L (identity to plan perimeter)
0.1250,3.21068,0.00555,3.74830,81.55119,0.14104,95.20689,0.005105,0.18033,False,corrected_developed_arc_004L (identity to plan perimeter)
0.2500,3.33554,0.01141,3.74681,84.72266,0.28976,95.16899,0.010210,0.36052,False,corrected_developed_arc_004L (identity to plan perimeter)
0.3750,3.46033,0.01854,3.74551,87.89250,0.47079,95.13596,0.015316,0.54054,False,corrected_developed_arc_004L (identity to plan perimeter)
0.5000,3.58504,0.02706,3.74439,91.06005,0.68736,95.10744,0.020421,0.72040,False,corrected_developed_arc_004L (identity to plan perimeter)
0.6250,3.70960,0.03755,3.74343,94.22371,0.95381,95.08311,0.025526,0.90009,False,corrected_developed_arc_004L (identity to plan perimeter)
0.7500,3.83400,0.04974,3.74262,97.38357,1.26331,95.06262,0.030631,1.07961,False,corrected_developed_arc_004L (identity to plan perimeter)
0.8750,3.95808,0.06484,3.74195,100.53525,1.64702,95.04565,0.035737,1.25896,False,corrected_developed_arc_004L (identity to plan perimeter)
1.0000,4.08165,0.08345,3.74141,103.67386,2.11963,95.03184,0.040842,1.43812,False,corrected_developed_arc_004L (identity to plan perimeter)
1.1250,4.20372,0.11014,3.74098,106.77454,2.79757,95.02088,0.045947,1.61709,False,corrected_developed_arc_004L (identity to plan perimeter)
1.2500,4.32524,0.13940,3.74065,109.86110,3.54069,95.01242,0.051052,1.79588,False,corrected_developed_arc_004L (identity to plan perimeter)
1.3750,4.44342,0.17992,3.74040,112.86280,4.56987,95.00615,0.056158,1.97446,False,corrected_developed_arc_004L (identity to plan perimeter)
1.5000,4.55876,0.22792,3.74023,115.79243,5.78916,95.00172,0.061263,2.15285,False,corrected_developed_arc_004L (identity to plan perimeter)
1.6250,4.67329,0.27774,3.74011,118.70157,7.05471,94.99882,0.066368,2.33103,False,corrected_developed_arc_004L (identity to plan perimeter)
1.7500,4.78631,0.33094,3.74004,121.57226,8.40587,94.99711,0.071473,2.50900,False,corrected_developed_arc_004L (identity to plan perimeter)
1.8750,4.89417,0.39274,3.74001,124.31195,9.97550,94.99629,0.076578,2.68675,False,corrected_developed_arc_004L (identity to plan perimeter)
2.0000,4.99129,0.47047,3.74000,126.77878,11.94995,94.99602,0.081684,2.86429,False,corrected_developed_arc_004L (identity to plan perimeter)
2.1250,5.08194,0.55610,3.74006,129.08128,14.12494,94.99743,0.086789,3.04160,False,corrected_developed_arc_004L (identity to plan perimeter)
2.2500,5.16213,0.65040,3.74151,131.11804,16.52008,95.03434,0.091894,3.21867,False,corrected_developed_arc_004L (identity to plan perimeter)
2.3750,5.23831,0.74759,3.74480,133.05300,18.98871,95.11781,0.096999,3.39552,False,corrected_developed_arc_004L (identity to plan perimeter)
2.5000,5.30344,0.85274,3.74974,134.70727,21.65964,95.24331,0.102105,3.57213,False,corrected_developed_arc_004L (identity to plan perimeter)
2.6250,5.36671,0.95922,3.75616,136.31455,24.36427,95.40634,0.107210,3.74849,False,corrected_developed_arc_004L (identity to plan perimeter)
2.7500,5.42630,1.06837,3.76388,137.82812,27.13655,95.60243,0.112315,3.92460,False,corrected_developed_arc_004L (identity to plan perimeter)
2.8750,5.47772,1.18123,3.77272,139.13415,30.00319,95.82715,0.117420,4.10046,False,corrected_developed_arc_004L (identity to plan perimeter)
3.0000,5.52465,1.29515,3.78252,140.32609,32.89680,96.07610,0.122526,4.27606,False,corrected_developed_arc_004L (identity to plan perimeter)
3.1250,5.56708,1.41013,3.79311,141.40393,35.81737,96.34493,0.127631,4.45140,False,corrected_developed_arc_004L (identity to plan perimeter)
3.2500,5.60504,1.52617,3.80430,142.36792,38.76479,96.62929,0.132736,4.62647,False,corrected_developed_arc_004L (identity to plan perimeter)
3.3750,5.64299,1.64221,3.81594,143.33182,41.71223,96.92491,0.137841,4.80127,False,corrected_developed_arc_004L (identity to plan perimeter)
3.5000,5.67486,1.75969,3.82786,144.14144,44.69617,97.22753,0.142946,4.97579,False,corrected_developed_arc_004L (identity to plan perimeter)
3.6250,5.70094,1.87854,3.83988,144.80375,47.71487,97.53294,0.148052,5.15003,False,corrected_developed_arc_004L (identity to plan perimeter)
3.7500,5.72542,1.99776,3.85185,145.42577,50.74303,97.83696,0.153157,5.32398,False,corrected_developed_arc_004L (identity to plan perimeter)
3.8750,5.74991,2.11697,3.86360,146.04776,53.77115,98.13547,0.158262,5.49764,False,corrected_developed_arc_004L (identity to plan perimeter)
4.0000,5.76991,2.23725,3.87498,146.55575,56.82623,98.42437,0.163367,5.67100,False,corrected_developed_arc_004L (identity to plan perimeter)
4.1250,5.78525,2.35863,3.88581,146.94535,59.90926,98.69962,0.168473,5.84407,False,corrected_developed_arc_004L (identity to plan perimeter)
4.2500,5.78525,2.47889,3.89596,146.94535,62.96380,98.95736,0.173578,6.01682,False,corrected_developed_arc_004L (identity to plan perimeter)
4.3750,5.79188,2.60232,3.90599,147.11376,66.09903,99.21218,0.178683,6.18927,False,corrected_developed_arc_004L (identity to plan perimeter)
4.5000,5.81034,2.72296,3.91634,147.58264,69.16331,99.47499,0.183788,6.36140,False,corrected_developed_arc_004L (identity to plan perimeter)
4.6250,5.81535,2.84678,3.92695,147.70989,72.30829,99.74464,0.188894,6.53321,False,corrected_developed_arc_004L (identity to plan perimeter)
4.7500,5.81535,2.97178,3.93779,147.70989,75.48329,100.01997,0.193999,6.70469,False,corrected_developed_arc_004L (identity to plan perimeter)
4.8750,5.82539,3.09441,3.94881,147.96491,78.59809,100.29984,0.199104,6.87585,False,corrected_developed_arc_004L (identity to plan perimeter)
5.0000,5.82037,3.21823,3.95997,147.83740,81.74296,100.58313,0.204209,7.04667,False,corrected_developed_arc_004L (identity to plan perimeter)
5.1250,5.82075,3.34094,3.97121,147.84699,84.86000,100.86873,0.209314,7.21715,False,corrected_developed_arc_004L (identity to plan perimeter)
5.2500,5.81034,3.46349,3.98250,147.58264,87.97265,101.15554,0.214420,7.38729,False,corrected_developed_arc_004L (identity to plan perimeter)
5.3750,5.81034,3.58849,3.99380,147.58264,91.14765,101.44247,0.219525,7.55708,False,corrected_developed_arc_004L (identity to plan perimeter)
5.5000,5.80030,3.71112,4.00506,147.32762,94.26239,101.72844,0.224630,7.72651,False,corrected_developed_arc_004L (identity to plan perimeter)
5.6250,5.79027,3.83375,4.01624,147.07286,97.37728,102.01240,0.229735,7.89559,False,corrected_developed_arc_004L (identity to plan perimeter)
5.7500,5.78023,3.95638,4.02730,146.81784,100.49202,102.29330,0.234841,8.06430,False,corrected_developed_arc_004L (identity to plan perimeter)
5.8750,5.76016,4.07664,4.03819,146.30806,103.54665,102.57010,0.239946,8.23264,False,corrected_developed_arc_004L (identity to plan perimeter)
6.0000,5.74009,4.19690,4.04889,145.79829,106.60129,102.84179,0.245051,8.40061,False,corrected_developed_arc_004L (identity to plan perimeter)
6.1250,5.72359,4.31801,4.05934,145.37910,109.67738,103.10735,0.250156,8.56821,False,corrected_developed_arc_004L (identity to plan perimeter)
6.2500,5.70807,4.43935,4.06952,144.98501,112.75937,103.36581,0.255262,8.73542,False,corrected_developed_arc_004L (identity to plan perimeter)
6.3750,5.68359,4.55857,4.07938,144.36318,115.78763,103.61617,0.260367,8.90225,False,corrected_developed_arc_004L (identity to plan perimeter)
6.5000,5.66359,4.67884,4.08891,143.85522,118.84266,103.85820,0.265472,9.06868,False,corrected_developed_arc_004L (identity to plan perimeter)
6.6250,5.64359,4.79912,4.09832,143.34726,121.89770,104.09735,0.270577,9.23471,False,corrected_developed_arc_004L (identity to plan perimeter)
6.7500,5.62359,4.91940,4.10767,142.83931,124.95277,104.33473,0.275682,9.40035,False,corrected_developed_arc_004L (identity to plan perimeter)
6.8750,5.60359,5.03968,4.11693,142.33130,128.00789,104.57009,0.280788,9.56558,False,corrected_developed_arc_004L (identity to plan perimeter)
7.0000,5.58359,5.15996,4.12611,141.82329,131.06302,104.80316,0.285893,9.73040,False,corrected_developed_arc_004L (identity to plan perimeter)
7.1250,5.56359,5.28024,4.13518,141.31528,134.11815,105.03367,0.290998,9.89480,False,corrected_developed_arc_004L (identity to plan perimeter)
7.2500,5.54360,5.40052,4.14415,140.80741,137.17323,105.26138,0.296103,10.05878,False,corrected_developed_arc_004L (identity to plan perimeter)
7.3750,5.52434,5.52097,4.15299,140.31824,140.23273,105.48602,0.301209,10.22234,False,corrected_developed_arc_004L (identity to plan perimeter)
7.5000,5.50426,5.64123,4.16171,139.80820,143.28727,105.70735,0.306314,10.38546,False,corrected_developed_arc_004L (identity to plan perimeter)
7.6250,5.47918,5.76031,4.17028,139.17117,146.31191,105.92513,0.311419,10.54815,False,corrected_developed_arc_004L (identity to plan perimeter)
7.7500,5.45911,5.88057,4.17871,138.66139,149.36657,106.13912,0.316524,10.71041,False,corrected_developed_arc_004L (identity to plan perimeter)
7.8750,5.44405,6.00202,4.18697,138.27887,152.45122,106.34908,0.321630,10.87221,False,corrected_developed_arc_004L (identity to plan perimeter)
8.0000,5.42900,6.12346,4.19507,137.89660,155.53598,106.55478,0.326735,11.03357,False,corrected_developed_arc_004L (identity to plan perimeter)
8.1250,5.41897,6.24610,4.20299,137.64184,158.65086,106.75600,0.331840,11.19448,False,corrected_developed_arc_004L (identity to plan perimeter)
8.2500,5.40893,6.36873,4.21073,137.38682,161.76566,106.95252,0.336945,11.35492,False,corrected_developed_arc_004L (identity to plan perimeter)
8.3750,5.40893,6.49373,4.21827,137.38682,164.94066,107.14412,0.342050,11.51491,False,corrected_developed_arc_004L (identity to plan perimeter)
8.4041,5.40893,6.52283,4.22000,137.38682,165.67988,107.18800,0.343239,11.55209,True,corrected_developed_arc_004L (identity to plan perimeter)
8.5000,5.40893,6.61873,4.22562,137.38682,168.11566,107.33070,0.347156,11.67452,False,corrected_developed_arc_004L (identity to plan perimeter)
8.6250,5.41395,6.74254,4.23277,137.51433,171.26053,107.51229,0.352261,11.83397,False,corrected_developed_arc_004L (identity to plan perimeter)
8.7500,5.41897,6.86636,4.23971,137.64184,174.40543,107.68868,0.357366,11.99329,False,corrected_developed_arc_004L (identity to plan perimeter)
8.8750,5.42900,6.98899,4.24645,137.89660,177.52034,107.85986,0.362471,12.15245,False,corrected_developed_arc_004L (identity to plan perimeter)
9.0000,5.44206,7.11091,4.25300,138.22820,180.61703,108.02627,0.367577,12.31146,False,corrected_developed_arc_004L (identity to plan perimeter)
9.1250,5.45911,7.23188,4.25938,138.66139,183.68975,108.18827,0.372682,12.47033,False,corrected_developed_arc_004L (identity to plan perimeter)
9.2500,5.47757,7.35252,4.26560,139.13019,186.75408,108.34625,0.377787,12.62904,False,corrected_developed_arc_004L (identity to plan perimeter)
9.3750,5.49925,7.47240,4.27168,139.68095,189.79904,108.50057,0.382892,12.78761,False,corrected_developed_arc_004L (identity to plan perimeter)
9.5000,5.51932,7.59267,4.27762,140.19073,192.85372,108.65161,0.387998,12.94601,False,corrected_developed_arc_004L (identity to plan perimeter)
9.6250,5.53939,7.71114,4.28345,140.70051,195.86300,108.79974,0.393103,13.10427,False,corrected_developed_arc_004L (identity to plan perimeter)
9.7500,5.56045,7.82938,4.28919,141.23551,198.86636,108.94532,0.398208,13.26236,False,corrected_developed_arc_004L (identity to plan perimeter)
9.8750,5.58956,7.94751,4.29483,141.97482,201.86686,109.08872,0.403313,13.42030,False,corrected_developed_arc_004L (identity to plan perimeter)
10.0000,5.61967,8.06540,4.30041,142.73962,204.86127,109.23031,0.408418,13.57808,False,corrected_developed_arc_004L (identity to plan perimeter)
10.1250,5.65186,8.18280,4.30592,143.55723,207.84324,109.37043,0.413524,13.73570,False,corrected_developed_arc_004L (identity to plan perimeter)
10.2500,5.68981,8.29885,4.31140,144.52114,210.79071,109.50946,0.418629,13.89316,False,corrected_developed_arc_004L (identity to plan perimeter)
10.3750,5.72777,8.41488,4.31684,145.48529,213.73807,109.64775,0.423734,14.05045,False,corrected_developed_arc_004L (identity to plan perimeter)
10.5000,5.76572,8.53093,4.32227,146.44924,216.68552,109.78565,0.428839,14.20758,False,corrected_developed_arc_004L (identity to plan perimeter)
10.6250,5.80815,8.64591,4.32770,147.52711,219.60607,109.92351,0.433945,14.36454,False,corrected_developed_arc_004L (identity to plan perimeter)
10.7500,5.85508,8.75983,4.33314,148.71894,222.49974,110.06168,0.439050,14.52134,False,corrected_developed_arc_004L (identity to plan perimeter)
10.8750,5.90040,8.87055,4.33860,149.87022,225.31208,110.20052,0.444155,14.67797,False,corrected_developed_arc_004L (identity to plan perimeter)
11.0000,5.94653,8.98288,4.34411,151.04184,228.16508,110.34037,0.449260,14.83443,False,corrected_developed_arc_004L (identity to plan perimeter)
11.1250,5.99266,9.09520,4.34967,152.21355,231.01804,110.48156,0.454366,14.99072,False,corrected_developed_arc_004L (identity to plan perimeter)
11.2500,6.04407,9.20806,4.35524,153.51936,233.88479,110.62314,0.459471,15.14684,False,corrected_developed_arc_004L (identity to plan perimeter)
11.3750,6.09389,9.31773,4.36077,154.78479,236.67031,110.76367,0.464576,15.30278,False,corrected_developed_arc_004L (identity to plan perimeter)
11.5000,6.14370,9.42739,4.36627,156.05005,239.45582,110.90323,0.469681,15.45855,False,corrected_developed_arc_004L (identity to plan perimeter)
11.6250,6.19712,9.53881,4.37173,157.40680,242.28584,111.04194,0.474786,15.61415,False,corrected_developed_arc_004L (identity to plan perimeter)
11.7500,6.24942,9.64886,4.37716,158.73515,245.08107,111.17990,0.479892,15.76956,False,corrected_developed_arc_004L (identity to plan perimeter)
11.8750,6.30206,9.75607,4.38257,160.07232,247.80423,111.31722,0.484997,15.92480,False,corrected_developed_arc_004L (identity to plan perimeter)
12.0000,6.35354,9.86714,4.38795,161.37979,250.62529,111.45400,0.490102,16.07986,False,corrected_developed_arc_004L (identity to plan perimeter)
12.1250,6.40391,9.97641,4.39332,162.65921,253.40074,111.59033,0.495207,16.23473,False,corrected_developed_arc_004L (identity to plan perimeter)
12.2500,6.45606,10.08222,4.39867,163.98389,256.08833,111.72634,0.500313,16.38943,False,corrected_developed_arc_004L (identity to plan perimeter)
12.3750,6.50768,10.19057,4.40402,165.29518,258.84058,111.86211,0.505418,16.54394,False,corrected_developed_arc_004L (identity to plan perimeter)
12.5000,6.56060,10.29366,4.40936,166.63912,261.45903,111.99774,0.510523,16.69826,False,corrected_developed_arc_004L (identity to plan perimeter)
12.6250,6.61020,10.40348,4.41470,167.89916,264.24829,112.13334,0.515628,16.85240,False,corrected_developed_arc_004L (identity to plan perimeter)
12.7500,6.66190,10.51396,4.42004,169.21214,267.05460,112.26901,0.520734,17.00635,False,corrected_developed_arc_004L (identity to plan perimeter)
12.8750,6.71350,10.62320,4.42539,170.52290,269.82940,112.40484,0.525839,17.16011,False,corrected_developed_arc_004L (identity to plan perimeter)
13.0000,6.76367,10.73457,4.43075,171.79722,272.65819,112.54093,0.530944,17.31369,False,corrected_developed_arc_004L (identity to plan perimeter)
13.1250,6.81385,10.84236,4.43612,173.07179,275.39599,112.67738,0.536049,17.46707,False,corrected_developed_arc_004L (identity to plan perimeter)
13.2500,6.86196,10.95422,4.44151,174.29372,278.23721,112.81428,0.541154,17.62025,False,corrected_developed_arc_004L (identity to plan perimeter)
13.3750,6.91257,11.06548,4.44692,175.57929,281.06330,112.95174,0.546260,17.77325,False,corrected_developed_arc_004L (identity to plan perimeter)
13.5000,6.96123,11.17598,4.45236,176.81528,283.86993,113.08983,0.551365,17.92604,False,corrected_developed_arc_004L (identity to plan perimeter)
13.6250,7.00452,11.28841,4.45783,177.91481,286.72564,113.22898,0.556470,18.07864,False,corrected_developed_arc_004L (identity to plan perimeter)
13.7500,7.05464,11.39980,4.46342,179.18780,289.55481,113.37081,0.561575,18.23105,False,corrected_developed_arc_004L (identity to plan perimeter)
13.8750,7.10077,11.51212,4.46910,180.35944,292.40782,113.51514,0.566681,18.38325,False,corrected_developed_arc_004L (identity to plan perimeter)
14.0000,7.14690,11.62444,4.47486,181.53114,295.26078,113.66150,0.571786,18.53525,False,corrected_developed_arc_004L (identity to plan perimeter)
14.1250,7.19302,11.73676,4.48069,182.70266,298.11376,113.80940,0.576891,18.68705,False,corrected_developed_arc_004L (identity to plan perimeter)
14.2500,7.23532,11.84999,4.48655,183.77713,300.98975,113.95839,0.581996,18.83865,False,corrected_developed_arc_004L (identity to plan perimeter)
14.3750,7.28078,11.96247,4.49244,184.93183,303.84675,114.10800,0.587101,18.99004,False,corrected_developed_arc_004L (identity to plan perimeter)
14.5000,7.32242,12.07585,4.49834,185.98949,306.72664,114.25777,0.592207,19.14123,False,corrected_developed_arc_004L (identity to plan perimeter)
14.6250,7.36578,12.18705,4.50422,187.09081,309.55098,114.40723,0.597312,19.29221,False,corrected_developed_arc_004L (identity to plan perimeter)
14.7500,7.40592,12.30257,4.51008,188.11037,312.48529,114.55594,0.602417,19.44298,False,corrected_developed_arc_004L (identity to plan perimeter)
14.8750,7.44606,12.41809,4.51588,189.12992,315.41961,114.70345,0.607522,19.59354,False,corrected_developed_arc_004L (identity to plan perimeter)
15.0000,7.48609,12.53365,4.52163,190.14663,318.35460,114.84930,0.612628,19.74389,False,corrected_developed_arc_004L (identity to plan perimeter)
15.1250,7.52404,12.64969,4.52729,191.11057,321.30204,114.99307,0.617733,19.89402,False,corrected_developed_arc_004L (identity to plan perimeter)
15.2500,7.56199,12.76573,4.53285,192.07461,324.24944,115.13429,0.622838,20.04395,False,corrected_developed_arc_004L (identity to plan perimeter)
15.3750,7.59659,12.88256,4.53829,192.95339,327.21699,115.27256,0.627943,20.19365,False,corrected_developed_arc_004L (identity to plan perimeter)
15.5000,7.63340,12.99887,4.54360,193.88847,330.17127,115.40742,0.633049,20.34315,False,corrected_developed_arc_004L (identity to plan perimeter)
15.6250,7.66238,13.11703,4.54876,194.62441,333.17251,115.53846,0.638154,20.49242,False,corrected_developed_arc_004L (identity to plan perimeter)
15.7500,7.69135,13.23519,4.55375,195.36026,336.17377,115.66525,0.643259,20.64148,False,corrected_developed_arc_004L (identity to plan perimeter)
15.8750,7.72033,13.35335,4.55856,196.09633,339.17498,115.78738,0.648364,20.79031,False,corrected_developed_arc_004L (identity to plan perimeter)
16.0000,7.74711,13.47202,4.56317,196.77659,342.18942,115.90442,0.653469,20.93892,False,corrected_developed_arc_004L (identity to plan perimeter)
16.1250,7.76930,13.59178,4.56760,197.34022,345.23132,116.01700,0.658575,21.08731,False,corrected_developed_arc_004L (identity to plan perimeter)
16.2500,7.78930,13.71206,4.57202,197.84821,348.28640,116.12919,0.663680,21.23548,False,corrected_developed_arc_004L (identity to plan perimeter)
16.3750,7.80733,13.83281,4.57642,198.30618,351.35328,116.24114,0.668785,21.38342,False,corrected_developed_arc_004L (identity to plan perimeter)
16.5000,7.81736,13.95544,4.58081,198.56094,354.46814,116.35255,0.673890,21.53114,False,corrected_developed_arc_004L (identity to plan perimeter)
16.6250,7.82740,14.07807,4.58516,198.81596,357.58291,116.46306,0.678996,21.67862,False,corrected_developed_arc_004L (identity to plan perimeter)
16.7500,7.83743,14.20070,4.58946,199.07072,360.69780,116.57238,0.684101,21.82588,False,corrected_developed_arc_004L (identity to plan perimeter)
16.8750,7.84747,14.32333,4.59371,199.32574,363.81254,116.68018,0.689206,21.97290,False,corrected_developed_arc_004L (identity to plan perimeter)
17.0000,7.85750,14.44596,4.59788,199.58050,366.92743,116.78613,0.694311,22.11970,False,corrected_developed_arc_004L (identity to plan perimeter)
17.1250,7.85750,14.57096,4.60197,199.58050,370.10243,116.88994,0.699417,22.26626,False,corrected_developed_arc_004L (identity to plan perimeter)
17.2500,7.86252,14.69478,4.60596,199.70801,373.24730,116.99128,0.704522,22.41258,False,corrected_developed_arc_004L (identity to plan perimeter)
17.3750,7.85750,14.81859,4.60984,199.58050,376.39217,117.08986,0.709627,22.55867,False,corrected_developed_arc_004L (identity to plan perimeter)
17.5000,7.85750,14.94359,4.61360,199.58050,379.56717,117.18537,0.714732,22.70453,False,corrected_developed_arc_004L (identity to plan perimeter)
17.6250,7.85248,15.06740,4.61722,199.45299,382.71205,117.27751,0.719837,22.85014,False,corrected_developed_arc_004L (identity to plan perimeter)
17.7500,7.84747,15.19122,4.62071,199.32574,385.85703,117.36598,0.724943,22.99551,False,corrected_developed_arc_004L (identity to plan perimeter)
17.8750,7.83743,15.31385,4.62403,199.07072,388.97180,117.45049,0.730048,23.14065,False,corrected_developed_arc_004L (identity to plan perimeter)
18.0000,7.82740,15.43648,4.62719,198.81596,392.08669,117.53074,0.735153,23.28554,False,corrected_developed_arc_004L (identity to plan perimeter)
18.1250,7.82238,15.55793,4.63018,198.68845,395.17133,117.60646,0.740258,23.43019,False,corrected_developed_arc_004L (identity to plan perimeter)
18.2500,7.82238,15.68055,4.63297,198.68845,398.28608,117.67735,0.745364,23.57459,False,corrected_developed_arc_004L (identity to plan perimeter)
18.3750,7.81234,15.80318,4.63556,198.43344,401.40082,117.74314,0.750469,23.71874,False,corrected_developed_arc_004L (identity to plan perimeter)
18.5000,7.80231,15.92582,4.63793,198.17867,404.51571,117.80354,0.755574,23.86265,False,corrected_developed_arc_004L (identity to plan perimeter)
18.6250,7.78726,16.04726,4.64009,197.79640,407.60047,117.85829,0.760679,24.00631,False,corrected_developed_arc_004L (identity to plan perimeter)
18.7500,7.77574,16.16954,4.64206,197.50376,410.70638,117.90842,0.765785,24.14972,False,corrected_developed_arc_004L (identity to plan perimeter)
18.8750,7.75574,16.28982,4.64390,196.99578,413.76147,117.95517,0.770890,24.29288,False,corrected_developed_arc_004L (identity to plan perimeter)
19.0000,7.73708,16.41042,4.64562,196.52183,416.82458,117.99887,0.775995,24.43578,False,corrected_developed_arc_004L (identity to plan perimeter)
19.1250,7.71574,16.53038,4.64724,195.97990,419.87164,118.03983,0.781100,24.57843,False,corrected_developed_arc_004L (identity to plan perimeter)
19.2500,7.69192,16.64976,4.64875,195.37477,422.90380,118.07836,0.786205,24.72083,False,corrected_developed_arc_004L (identity to plan perimeter)
19.3750,7.66683,16.76883,4.65019,194.73748,425.92830,118.11477,0.791311,24.86296,False,corrected_developed_arc_004L (identity to plan perimeter)
19.5000,7.64175,16.88791,4.65155,194.10045,428.95294,118.14936,0.796416,25.00484,False,corrected_developed_arc_004L (identity to plan perimeter)
19.6250,7.61164,17.00581,4.65285,193.33566,431.94745,118.18245,0.801521,25.14646,False,corrected_developed_arc_004L (identity to plan perimeter)
19.7500,7.58433,17.12436,4.65411,192.64207,434.95868,118.21433,0.806626,25.28782,False,corrected_developed_arc_004L (identity to plan perimeter)
19.8750,7.55087,17.24146,4.65533,191.79212,437.93305,118.24529,0.811732,25.42892,False,corrected_developed_arc_004L (identity to plan perimeter)
20.0000,7.51292,17.35750,4.65652,190.82821,440.88051,118.27563,0.816837,25.56976,False,corrected_developed_arc_004L (identity to plan perimeter)
20.1250,7.47946,17.47460,4.65770,189.97822,443.85480,118.30564,0.821942,25.71033,False,corrected_developed_arc_004L (identity to plan perimeter)
20.2500,7.44151,17.59064,4.65888,189.01425,446.80223,118.33561,0.827047,25.85063,False,corrected_developed_arc_004L (identity to plan perimeter)
20.3750,7.40090,17.70605,4.66007,187.98286,449.73378,118.36581,0.832153,25.99067,False,corrected_developed_arc_004L (identity to plan perimeter)
20.5000,7.36076,17.82158,4.66128,186.96330,452.66809,118.39654,0.837258,26.13044,False,corrected_developed_arc_004L (identity to plan perimeter)
20.6250,7.31059,17.93473,4.66252,185.68899,455.54227,118.42806,0.842363,26.26993,False,corrected_developed_arc_004L (identity to plan perimeter)
20.7500,7.26278,18.04845,4.66381,184.47463,458.43059,118.46066,0.847468,26.40916,False,corrected_developed_arc_004L (identity to plan perimeter)
20.8750,7.21585,18.16237,4.66514,183.28263,461.32415,118.49459,0.852573,26.54812,False,corrected_developed_arc_004L (identity to plan perimeter)
21.0000,7.15995,18.27417,4.66654,181.86281,464.16400,118.53013,0.857679,26.68680,False,corrected_developed_arc_004L (identity to plan perimeter)
21.1250,7.10406,18.38598,4.66801,180.44300,467.00385,118.56755,0.862784,26.82520,False,corrected_developed_arc_004L (identity to plan perimeter)
21.2500,7.04446,18.49512,4.66957,178.92935,469.77617,118.60710,0.867889,26.96333,False,corrected_developed_arc_004L (identity to plan perimeter)
21.3750,6.98118,18.60161,4.67120,177.32208,472.48093,118.64856,0.872994,27.10119,False,corrected_developed_arc_004L (identity to plan perimeter)
21.5000,6.91791,18.70810,4.67287,175.71482,475.18562,118.69085,0.878100,27.23876,False,corrected_developed_arc_004L (identity to plan perimeter)
21.6250,6.84725,18.80926,4.67456,173.92018,477.75515,118.73389,0.883205,27.37605,False,corrected_developed_arc_004L (identity to plan perimeter)
21.7500,6.77536,18.90954,4.67629,172.09414,480.30232,118.77766,0.888310,27.51307,False,corrected_developed_arc_004L (identity to plan perimeter)
21.8750,6.69856,19.00628,4.67804,170.14345,482.75947,118.82215,0.893415,27.64979,False,corrected_developed_arc_004L (identity to plan perimeter)
22.0000,6.61899,19.10103,4.67982,168.12240,485.16611,118.86734,0.898521,27.78624,False,corrected_developed_arc_004L (identity to plan perimeter)
22.1250,6.53352,19.19152,4.68162,165.95140,487.46461,118.91321,0.903626,27.92240,False,corrected_developed_arc_004L (identity to plan perimeter)
22.2500,6.44513,19.27991,4.68346,163.70634,489.70968,118.95976,0.908731,28.05827,False,corrected_developed_arc_004L (identity to plan perimeter)
22.3750,6.35674,19.36830,4.68531,161.46128,491.95474,119.00695,0.913836,28.19386,False,corrected_developed_arc_004L (identity to plan perimeter)
22.5000,6.26383,19.45117,4.68720,159.10133,494.05967,119.05479,0.918941,28.32915,False,corrected_developed_arc_004L (identity to plan perimeter)
22.6250,6.16283,19.52416,4.68910,156.53578,495.91375,119.10325,0.924047,28.46416,False,corrected_developed_arc_004L (identity to plan perimeter)
22.7500,6.05602,19.58868,4.69104,153.82296,497.55244,119.15232,0.929152,28.59887,False,corrected_developed_arc_004L (identity to plan perimeter)
22.8750,5.94646,19.64844,4.69299,151.04011,499.07049,119.20198,0.934257,28.73329,False,corrected_developed_arc_004L (identity to plan perimeter)
23.0000,5.83348,19.70173,4.69497,148.17047,500.42397,119.25221,0.939362,28.86741,False,corrected_developed_arc_004L (identity to plan perimeter)
23.1250,5.71819,19.74985,4.69697,145.24193,501.64629,119.30301,0.944468,29.00124,False,corrected_developed_arc_004L (identity to plan perimeter)
23.2500,5.60149,19.79453,4.69899,142.27775,502.78100,119.35436,0.949573,29.13477,False,corrected_developed_arc_004L (identity to plan perimeter)
23.3750,5.48371,19.83626,4.70103,139.28614,503.84090,119.40625,0.954678,29.26801,False,corrected_developed_arc_004L (identity to plan perimeter)
23.5000,5.36470,19.87433,4.70310,136.26330,504.80794,119.45865,0.959783,29.40094,False,corrected_developed_arc_004L (identity to plan perimeter)
23.6250,5.24343,19.90465,4.70518,133.18309,505.57799,119.51156,0.964889,29.53357,False,corrected_developed_arc_004L (identity to plan perimeter)
23.7500,5.12128,19.93109,4.70728,130.08041,506.24957,119.56496,0.969994,29.66590,False,corrected_developed_arc_004L (identity to plan perimeter)
23.8750,4.99823,19.95304,4.70940,126.95516,506.80728,119.61884,0.975099,29.79793,False,corrected_developed_arc_004L (identity to plan perimeter)
24.0000,4.87456,19.97094,4.71154,123.81370,507.26177,119.67318,0.980204,29.92965,False,corrected_developed_arc_004L (identity to plan perimeter)
24.1250,4.74994,19.98038,4.71370,120.64836,507.50156,119.72796,0.985309,30.06107,False,corrected_developed_arc_004L (identity to plan perimeter)
24.2500,4.62498,19.98371,4.71587,117.47448,507.58615,119.78319,0.990415,30.19218,False,corrected_developed_arc_004L (identity to plan perimeter)
24.3750,4.50002,19.98704,4.71806,114.30061,507.67075,119.83883,0.995520,30.32297,False,corrected_developed_arc_004L (identity to plan perimeter)
24.4847,4.39037,19.98996,4.72000,111.51540,507.74498,119.88800,1.000000,30.43750,True,corrected_developed_arc_004L (identity to plan perimeter)
