s_in,u_developed,p_plan,plan_arc_in,x_in,y_in,z_in,ds_plan_ds_developed,local_stretch_ratio,local_compression_ratio,nearest_anchor,anchor_distance_in,mapping_segment,registration_status
0.0000,0.00000,0.00000,0.0000,3.0858,0.0000,3.7500,0.68044,0.84587,1.18221,neck,0.0000,1,REGISTERED
0.1250,0.00411,0.00348,0.0851,3.1708,0.0038,3.7488,0.68135,0.84700,1.18064,neck,0.1250,1,REGISTERED
0.2500,0.00821,0.00696,0.1703,3.2560,0.0076,3.7477,0.68226,0.84813,1.17906,neck,0.2500,1,REGISTERED
0.3750,0.01232,0.01044,0.2557,3.3412,0.0117,3.7467,0.68318,0.84927,1.17748,neck,0.3750,1,REGISTERED
0.5000,0.01643,0.01393,0.3411,3.4265,0.0166,3.7458,0.68410,0.85042,1.17590,neck,0.5000,1,REGISTERED
0.6250,0.02053,0.01743,0.4267,3.5119,0.0218,3.7450,0.68502,0.85156,1.17431,neck,0.6250,1,REGISTERED
0.7500,0.02464,0.02093,0.5124,3.5974,0.0279,3.7442,0.68595,0.85272,1.17272,neck,0.7500,1,REGISTERED
0.8750,0.02875,0.02443,0.5982,3.6829,0.0351,3.7436,0.68688,0.85387,1.17114,neck,0.8750,1,REGISTERED
1.0000,0.03285,0.02794,0.6841,3.7684,0.0432,3.7430,0.68781,0.85503,1.16954,neck,1.0000,1,REGISTERED
1.1250,0.03696,0.03145,0.7701,3.8540,0.0521,3.7424,0.68875,0.85620,1.16795,neck,1.1250,1,REGISTERED
1.2500,0.04107,0.03497,0.8563,3.9395,0.0627,3.7420,0.68969,0.85737,1.16636,neck,1.2500,1,REGISTERED
1.3750,0.04517,0.03850,0.9426,4.0250,0.0738,3.7416,0.69063,0.85854,1.16476,neck,1.3750,1,REGISTERED
1.5000,0.04928,0.04202,1.0290,4.1101,0.0886,3.7413,0.69158,0.85972,1.16317,neck,1.5000,1,REGISTERED
1.6250,0.05339,0.04556,1.1155,4.1945,0.1078,3.7410,0.69253,0.86091,1.16157,neck,1.6250,1,REGISTERED
1.7500,0.05749,0.04910,1.2021,4.2785,0.1288,3.7407,0.69349,0.86209,1.15997,neck,1.7500,1,REGISTERED
1.8750,0.06160,0.05264,1.2888,4.3622,0.1512,3.7405,0.69445,0.86329,1.15836,neck,1.8750,1,REGISTERED
2.0000,0.06571,0.05619,1.3757,4.4441,0.1801,3.7404,0.69541,0.86448,1.15676,neck,2.0000,1,REGISTERED
2.1250,0.06982,0.05974,1.4627,4.5241,0.2141,3.7402,0.69638,0.86569,1.15515,neck,2.1250,1,REGISTERED
2.2500,0.07392,0.06330,1.5498,4.6042,0.2481,3.7402,0.69735,0.86689,1.15355,neck,2.2500,1,REGISTERED
2.3750,0.07803,0.06686,1.6370,4.6843,0.2825,3.7401,0.69832,0.86810,1.15194,neck,2.3750,1,REGISTERED
2.5000,0.08214,0.07043,1.7244,4.7634,0.3195,3.7400,0.69930,0.86932,1.15033,neck,2.5000,1,REGISTERED
2.6250,0.08624,0.07400,1.8118,4.8405,0.3605,3.7400,0.70028,0.87054,1.14872,neck,2.6250,1,REGISTERED
2.7500,0.09035,0.07758,1.8994,4.9134,0.4076,3.7400,0.70127,0.87176,1.14710,neck,2.7500,1,REGISTERED
2.8750,0.09446,0.08116,1.9872,4.9822,0.4614,3.7400,0.70226,0.87299,1.14549,neck,2.8750,1,REGISTERED
3.0000,0.09856,0.08475,2.0750,5.0466,0.5208,3.7400,0.70325,0.87422,1.14387,neck,3.0000,1,REGISTERED
3.1250,0.10267,0.08834,2.1630,5.1059,0.5851,3.7405,0.70424,0.87546,1.14226,neck,3.1250,1,REGISTERED
3.2500,0.10678,0.09194,2.2511,5.1626,0.6514,3.7420,0.70524,0.87670,1.14064,neck,3.2500,1,REGISTERED
3.3750,0.11088,0.09554,2.3393,5.2160,0.7202,3.7443,0.70624,0.87795,1.13902,neck,3.3750,1,REGISTERED
3.5000,0.11499,0.09915,2.4276,5.2674,0.7907,3.7475,0.70725,0.87920,1.13740,neck,3.5000,1,REGISTERED
3.6250,0.11910,0.10276,2.5161,5.3143,0.8645,3.7515,0.70826,0.88046,1.13578,neck,3.6250,1,REGISTERED
3.7500,0.12320,0.10638,2.6047,5.3576,0.9411,3.7562,0.70927,0.88172,1.13415,neck,3.7500,1,REGISTERED
3.8750,0.12731,0.11000,2.6934,5.4010,1.0178,3.7616,0.71029,0.88298,1.13253,neck,3.8750,1,REGISTERED
4.0000,0.13142,0.11363,2.7823,5.4407,1.0972,3.7675,0.71131,0.88425,1.13090,upper_bout,3.9449,1,REGISTERED
4.1250,0.13552,0.11727,2.8712,5.4760,1.1779,3.7740,0.71234,0.88552,1.12928,upper_bout,3.8199,1,REGISTERED
4.2500,0.13963,0.12091,2.9604,5.5114,1.2586,3.7810,0.71337,0.88680,1.12765,upper_bout,3.6949,1,REGISTERED
4.3750,0.14374,0.12455,3.0496,5.5444,1.3401,3.7884,0.71440,0.88808,1.12602,upper_bout,3.5699,1,REGISTERED
4.5000,0.14784,0.12820,3.1390,5.5733,1.4226,3.7962,0.71543,0.88937,1.12439,upper_bout,3.4449,1,REGISTERED
4.6250,0.15195,0.13186,3.2284,5.5999,1.5058,3.8042,0.71647,0.89066,1.12276,upper_bout,3.3199,1,REGISTERED
4.7500,0.15606,0.13552,3.3181,5.6265,1.5892,3.8125,0.71751,0.89196,1.12113,upper_bout,3.1949,1,REGISTERED
4.8750,0.16016,0.13918,3.4078,5.6532,1.6726,3.8209,0.71856,0.89326,1.11950,upper_bout,3.0699,1,REGISTERED
5.0000,0.16427,0.14285,3.4977,5.6749,1.7574,3.8295,0.71961,0.89456,1.11786,upper_bout,2.9449,1,REGISTERED
5.1250,0.16838,0.14653,3.5877,5.6949,1.8427,3.8382,0.72066,0.89587,1.11623,upper_bout,2.8199,1,REGISTERED
5.2500,0.17248,0.15021,3.6779,5.7111,1.9290,3.8468,0.72172,0.89719,1.11459,upper_bout,2.6949,1,REGISTERED
5.3750,0.17659,0.15390,3.7682,5.7301,2.0148,3.8553,0.72278,0.89851,1.11296,upper_bout,2.5699,1,REGISTERED
5.5000,0.18070,0.15759,3.8586,5.7451,2.1017,3.8638,0.72385,0.89983,1.11132,upper_bout,2.4449,1,REGISTERED
5.6250,0.18480,0.16129,3.9491,5.7602,2.1887,3.8720,0.72491,0.90116,1.10968,upper_bout,2.3199,1,REGISTERED
5.7500,0.18891,0.16499,4.0398,5.7752,2.2758,3.8800,0.72598,0.90249,1.10805,upper_bout,2.1949,1,REGISTERED
5.8750,0.19302,0.16870,4.1306,5.7852,2.3642,3.8877,0.72706,0.90383,1.10641,upper_bout,2.0699,1,REGISTERED
6.0000,0.19713,0.17242,4.2216,5.7889,2.4513,3.8950,0.72814,0.90517,1.10477,upper_bout,1.9449,1,REGISTERED
6.1250,0.20123,0.17614,4.3127,5.7852,2.5415,3.9022,0.72922,0.90651,1.10313,upper_bout,1.8199,1,REGISTERED
6.2500,0.20534,0.17986,4.4039,5.8003,2.6292,3.9096,0.73031,0.90786,1.10149,upper_bout,1.6949,1,REGISTERED
6.3750,0.20945,0.18359,4.4952,5.8103,2.7182,3.9172,0.73140,0.90922,1.09985,upper_bout,1.5699,1,REGISTERED
6.5000,0.21355,0.18733,4.5867,5.8153,2.8085,3.9249,0.73249,0.91058,1.09821,upper_bout,1.4449,1,REGISTERED
6.6250,0.21766,0.19107,4.6784,5.8153,2.9001,3.9327,0.73359,0.91194,1.09656,upper_bout,1.3199,1,REGISTERED
6.7500,0.22177,0.19482,4.7701,5.8153,2.9919,3.9407,0.73469,0.91331,1.09492,upper_bout,1.1949,1,REGISTERED
6.8750,0.22587,0.19857,4.8620,5.8212,3.0824,3.9488,0.73579,0.91468,1.09328,upper_bout,1.0699,1,REGISTERED
7.0000,0.22998,0.20233,4.9541,5.8204,3.1723,3.9569,0.73690,0.91606,1.09164,upper_bout,0.9449,1,REGISTERED
7.1250,0.23409,0.20610,5.0462,5.8204,3.2645,3.9651,0.73801,0.91744,1.08999,upper_bout,0.8199,1,REGISTERED
7.2500,0.23819,0.20987,5.1386,5.8204,3.3544,3.9734,0.73913,0.91882,1.08835,upper_bout,0.6949,1,REGISTERED
7.3750,0.24230,0.21364,5.2310,5.8103,3.4445,3.9817,0.74024,0.92022,1.08670,upper_bout,0.5699,1,REGISTERED
7.5000,0.24641,0.21743,5.3236,5.8103,3.5371,3.9900,0.74137,0.92161,1.08506,upper_bout,0.4449,1,REGISTERED
7.6250,0.25051,0.22121,5.4164,5.8071,3.6291,3.9983,0.74249,0.92301,1.08341,upper_bout,0.3199,1,REGISTERED
7.7500,0.25462,0.22501,5.5093,5.7970,3.7196,4.0066,0.74362,0.92441,1.08177,upper_bout,0.1949,1,REGISTERED
7.8750,0.25873,0.22881,5.6023,5.7903,3.8110,4.0149,0.74475,0.92582,1.08012,upper_bout,0.0699,1,REGISTERED
7.9449,0.26102,0.23093,5.6544,5.7860,3.8621,4.0195,0.74539,0.92661,1.07920,upper_bout,0.0000,2,REGISTERED
8.0000,0.26283,0.23261,5.6954,5.7802,3.9018,4.0231,0.74589,0.92724,1.07847,upper_bout,0.0551,2,REGISTERED
8.1250,0.26694,0.23642,5.7888,5.7752,3.9939,4.0312,0.74703,0.92865,1.07683,upper_bout,0.1801,2,REGISTERED
8.2500,0.27105,0.24024,5.8822,5.7602,4.0838,4.0393,0.74818,0.93007,1.07518,upper_bout,0.3051,2,REGISTERED
8.3750,0.27515,0.24406,5.9758,5.7454,4.1740,4.0473,0.74932,0.93150,1.07354,upper_bout,0.4301,2,REGISTERED
8.5000,0.27926,0.24789,6.0695,5.7304,4.2642,4.0551,0.75047,0.93293,1.07189,upper_bout,0.5551,2,REGISTERED
8.6250,0.28337,0.25173,6.1634,5.7199,4.3555,4.0628,0.75163,0.93437,1.07024,upper_bout,0.6801,2,REGISTERED
8.7500,0.28747,0.25557,6.2574,5.7050,4.4461,4.0704,0.75279,0.93581,1.06860,upper_bout,0.8051,2,REGISTERED
8.8750,0.29158,0.25941,6.3516,5.6899,4.5367,4.0778,0.75395,0.93725,1.06695,upper_bout,0.9301,2,REGISTERED
9.0000,0.29569,0.26326,6.4459,5.6698,4.6262,4.0850,0.75512,0.93870,1.06530,upper_bout,1.0551,2,REGISTERED
9.1250,0.29979,0.26712,6.5404,5.6590,4.7181,4.0921,0.75628,0.94015,1.06365,upper_bout,1.1801,2,REGISTERED
9.2500,0.30390,0.27099,6.6350,5.6397,4.8082,4.0992,0.75746,0.94161,1.06201,upper_bout,1.3051,2,REGISTERED
9.3750,0.30801,0.27486,6.7298,5.6282,4.9002,4.1062,0.75863,0.94308,1.06036,upper_bout,1.4301,2,REGISTERED
9.5000,0.31211,0.27873,6.8247,5.6096,4.9908,4.1133,0.75981,0.94454,1.05871,upper_bout,1.5551,2,REGISTERED
9.6250,0.31622,0.28261,6.9197,5.5971,5.0828,4.1202,0.76100,0.94601,1.05707,upper_bout,1.6801,2,REGISTERED
9.7500,0.32033,0.28650,7.0149,5.5795,5.1739,4.1272,0.76218,0.94749,1.05542,waist,1.8021,2,REGISTERED
9.8750,0.32444,0.29040,7.1103,5.5657,5.2660,4.1341,0.76338,0.94897,1.05377,waist,1.6771,2,REGISTERED
10.0000,0.32854,0.29430,7.2058,5.5494,5.3576,4.1409,0.76457,0.95046,1.05213,waist,1.5521,2,REGISTERED
10.1250,0.33265,0.29820,7.3014,5.5344,5.4497,4.1477,0.76577,0.95194,1.05048,waist,1.4271,2,REGISTERED
10.2500,0.33676,0.30211,7.3972,5.5243,5.5432,4.1545,0.76697,0.95344,1.04883,waist,1.3021,2,REGISTERED
10.3750,0.34086,0.30603,7.4931,5.5067,5.6349,4.1612,0.76818,0.95494,1.04719,waist,1.1771,2,REGISTERED
10.5000,0.34497,0.30996,7.5892,5.4892,5.7269,4.1678,0.76938,0.95644,1.04554,waist,1.0521,2,REGISTERED
10.6250,0.34908,0.31389,7.6855,5.4691,5.8184,4.1743,0.77060,0.95795,1.04390,waist,0.9271,2,REGISTERED
10.7500,0.35318,0.31783,7.7819,5.4583,5.9123,4.1807,0.77181,0.95946,1.04225,waist,0.8021,2,REGISTERED
10.8750,0.35729,0.32177,7.8784,5.4440,6.0055,4.1871,0.77303,0.96098,1.04061,waist,0.6771,2,REGISTERED
11.0000,0.36140,0.32572,7.9751,5.4340,6.0998,4.1934,0.77426,0.96250,1.03896,waist,0.5521,2,REGISTERED
11.1250,0.36550,0.32968,8.0720,5.4228,6.1940,4.1996,0.77548,0.96402,1.03732,waist,0.4271,2,REGISTERED
11.2500,0.36961,0.33364,8.1690,5.4139,6.2889,4.2057,0.77672,0.96555,1.03568,waist,0.3021,2,REGISTERED
11.3750,0.37372,0.33761,8.2662,5.4089,6.3849,4.2117,0.77795,0.96709,1.03403,waist,0.1771,2,REGISTERED
11.5000,0.37782,0.34158,8.3635,5.4089,6.4822,4.2176,0.77919,0.96863,1.03239,waist,0.0521,2,REGISTERED
11.5521,0.37954,0.34324,8.4041,5.4089,6.5228,4.2200,0.77970,0.96927,1.03171,waist,0.0000,3,REGISTERED
11.6250,0.38193,0.34556,8.4610,5.4089,6.5797,4.2234,0.78022,0.96991,1.03102,waist,0.0729,3,REGISTERED
11.7500,0.38604,0.34955,8.5586,5.4089,6.6773,4.2290,0.78110,0.97101,1.02986,waist,0.1979,3,REGISTERED
11.8750,0.39014,0.35354,8.6562,5.4139,6.7738,4.2346,0.78199,0.97211,1.02869,waist,0.3229,3,REGISTERED
12.0000,0.39425,0.35753,8.7541,5.4190,6.8704,4.2400,0.78287,0.97321,1.02753,waist,0.4479,3,REGISTERED
12.1250,0.39836,0.36153,8.8520,5.4290,6.9660,4.2453,0.78376,0.97431,1.02637,waist,0.5729,3,REGISTERED
12.2500,0.40246,0.36553,8.9500,5.4390,7.0616,4.2505,0.78465,0.97542,1.02520,waist,0.6979,3,REGISTERED
12.3750,0.40657,0.36954,9.0481,5.4491,7.1574,4.2556,0.78554,0.97652,1.02404,waist,0.8229,3,REGISTERED
12.5000,0.41068,0.37355,9.1464,5.4591,7.2533,4.2606,0.78643,0.97763,1.02288,waist,0.9479,3,REGISTERED
12.6250,0.41478,0.37757,9.2447,5.4752,7.3478,4.2654,0.78732,0.97874,1.02172,waist,1.0729,3,REGISTERED
12.7500,0.41889,0.38159,9.3432,5.4923,7.4422,4.2702,0.78822,0.97985,1.02056,waist,1.1979,3,REGISTERED
12.8750,0.42300,0.38562,9.4418,5.5095,7.5368,4.2750,0.78911,0.98097,1.01940,waist,1.3229,3,REGISTERED
13.0000,0.42710,0.38965,9.5405,5.5267,7.6314,4.2796,0.79001,0.98208,1.01824,waist,1.4479,3,REGISTERED
13.1250,0.43121,0.39369,9.6393,5.5394,7.7254,4.2842,0.79091,0.98320,1.01709,waist,1.5729,3,REGISTERED
13.2500,0.43532,0.39773,9.7382,5.5595,7.8178,4.2887,0.79181,0.98432,1.01593,waist,1.6979,3,REGISTERED
13.3750,0.43943,0.40177,9.8372,5.5815,7.9117,4.2932,0.79271,0.98544,1.01478,waist,1.8229,3,REGISTERED
13.5000,0.44353,0.40582,9.9364,5.6096,8.0042,4.2977,0.79361,0.98656,1.01362,waist,1.9479,3,REGISTERED
13.6250,0.44764,0.40987,10.0357,5.6297,8.0987,4.3021,0.79452,0.98768,1.01247,waist,2.0729,3,REGISTERED
13.7500,0.45175,0.41393,10.1350,5.6563,8.1918,4.3064,0.79542,0.98881,1.01132,waist,2.1979,3,REGISTERED
13.8750,0.45585,0.41800,10.2345,5.6829,8.2850,4.3108,0.79633,0.98993,1.01017,waist,2.3229,3,REGISTERED
14.0000,0.45996,0.42206,10.3341,5.7100,8.3782,4.3151,0.79724,0.99106,1.00902,waist,2.4479,3,REGISTERED
14.1250,0.46407,0.42614,10.4338,5.7451,8.4696,4.3194,0.79815,0.99219,1.00787,waist,2.5729,3,REGISTERED
14.2500,0.46817,0.43021,10.5336,5.7763,8.5621,4.3237,0.79906,0.99333,1.00672,waist,2.6979,3,REGISTERED
14.3750,0.47228,0.43429,10.6336,5.8120,8.6536,4.3281,0.79997,0.99446,1.00557,waist,2.8229,3,REGISTERED
14.5000,0.47639,0.43838,10.7336,5.8478,8.7452,4.3324,0.80088,0.99559,1.00443,waist,2.9479,3,REGISTERED
14.6250,0.48049,0.44247,10.8338,5.8841,8.8344,4.3368,0.80180,0.99673,1.00328,waist,3.0729,3,REGISTERED
14.7500,0.48460,0.44657,10.9341,5.9223,8.9245,4.3411,0.80271,0.99787,1.00213,waist,3.1979,3,REGISTERED
14.8750,0.48871,0.45067,11.0345,5.9609,9.0122,4.3455,0.80363,0.99901,1.00099,waist,3.3229,3,REGISTERED
15.0000,0.49281,0.45477,11.1350,5.9971,9.1041,4.3500,0.80455,1.00015,0.99985,waist,3.4479,3,REGISTERED
15.1250,0.49692,0.45888,11.2356,6.0376,9.1952,4.3545,0.80547,1.00130,0.99871,waist,3.5729,3,REGISTERED
15.2500,0.50103,0.46300,11.3364,6.0766,9.2832,4.3589,0.80639,1.00244,0.99756,waist,3.6979,3,REGISTERED
15.3750,0.50513,0.46712,11.4372,6.1214,9.3734,4.3633,0.80731,1.00359,0.99642,waist,3.8229,3,REGISTERED
15.5000,0.50924,0.47124,11.5382,6.1608,9.4615,4.3677,0.80824,1.00474,0.99529,waist,3.9479,3,REGISTERED
15.6250,0.51335,0.47537,11.6393,6.2017,9.5512,4.3721,0.80916,1.00589,0.99415,waist,4.0729,3,REGISTERED
15.7500,0.51745,0.47950,11.7405,6.2452,9.6403,4.3765,0.81009,1.00704,0.99301,waist,4.1979,3,REGISTERED
15.8750,0.52156,0.48364,11.8418,6.2870,9.7291,4.3808,0.81102,1.00819,0.99187,lower_bout,4.0782,3,REGISTERED
16.0000,0.52567,0.48778,11.9432,6.3282,9.8164,4.3852,0.81195,1.00935,0.99074,lower_bout,3.9532,3,REGISTERED
16.1250,0.52977,0.49193,12.0448,6.3736,9.9072,4.3895,0.81288,1.01051,0.98960,lower_bout,3.8282,3,REGISTERED
16.2500,0.53388,0.49608,12.1464,6.4124,9.9943,4.3938,0.81381,1.01166,0.98847,lower_bout,3.7032,3,REGISTERED
16.3750,0.53799,0.50024,12.2482,6.4553,10.0806,4.3982,0.81474,1.01283,0.98734,lower_bout,3.5782,3,REGISTERED
16.5000,0.54209,0.50440,12.3501,6.4972,10.1701,4.4025,0.81568,1.01399,0.98621,lower_bout,3.4532,3,REGISTERED
16.6250,0.54620,0.50857,12.4522,6.5409,10.2539,4.4068,0.81661,1.01515,0.98507,lower_bout,3.3282,3,REGISTERED
16.7500,0.55031,0.51274,12.5543,6.5813,10.3426,4.4112,0.81755,1.01632,0.98395,lower_bout,3.2032,3,REGISTERED
16.8750,0.55441,0.51692,12.6565,6.6232,10.4296,4.4155,0.81849,1.01748,0.98282,lower_bout,3.0782,3,REGISTERED
17.0000,0.55852,0.52110,12.7589,6.6659,10.5219,4.4198,0.81943,1.01865,0.98169,lower_bout,2.9532,3,REGISTERED
17.1250,0.56263,0.52528,12.8614,6.7082,10.6118,4.4242,0.82037,1.01982,0.98056,lower_bout,2.8282,3,REGISTERED
17.2500,0.56674,0.52947,12.9640,6.7507,10.7016,4.4285,0.82131,1.02100,0.97944,lower_bout,2.7032,3,REGISTERED
17.3750,0.57084,0.53367,13.0667,6.7914,10.7930,4.4329,0.82226,1.02217,0.97831,lower_bout,2.5782,3,REGISTERED
17.5000,0.57495,0.53787,13.1696,6.8313,10.8828,4.4373,0.82320,1.02335,0.97719,lower_bout,2.4532,3,REGISTERED
17.6250,0.57906,0.54207,13.2725,6.8720,10.9744,4.4417,0.82415,1.02452,0.97606,lower_bout,2.3282,3,REGISTERED
17.7500,0.58316,0.54628,13.3756,6.9128,11.0660,4.4461,0.82510,1.02570,0.97494,lower_bout,2.2032,3,REGISTERED
17.8750,0.58727,0.55050,13.4788,6.9537,11.1578,4.4505,0.82605,1.02688,0.97382,lower_bout,2.0782,3,REGISTERED
18.0000,0.59138,0.55472,13.5821,6.9893,11.2491,4.4550,0.82700,1.02807,0.97270,lower_bout,1.9532,3,REGISTERED
18.1250,0.59548,0.55894,13.6856,7.0303,11.3411,4.4595,0.82795,1.02925,0.97158,lower_bout,1.8282,3,REGISTERED
18.2500,0.59959,0.56317,13.7891,7.0668,11.4342,4.4641,0.82891,1.03043,0.97046,lower_bout,1.7032,3,REGISTERED
18.3750,0.60370,0.56741,13.8928,7.1049,11.5289,4.4688,0.82986,1.03162,0.96935,lower_bout,1.5782,3,REGISTERED
18.5000,0.60780,0.57165,13.9966,7.1454,11.6214,4.4735,0.83082,1.03281,0.96823,lower_bout,1.4532,3,REGISTERED
18.6250,0.61191,0.57589,14.1005,7.1852,11.7141,4.4783,0.83178,1.03400,0.96712,lower_bout,1.3282,3,REGISTERED
18.7500,0.61602,0.58014,14.2045,7.2221,11.8082,4.4831,0.83274,1.03519,0.96600,lower_bout,1.2032,3,REGISTERED
18.8750,0.62012,0.58439,14.3087,7.2556,11.9021,4.4880,0.83370,1.03639,0.96489,lower_bout,1.0782,3,REGISTERED
19.0000,0.62423,0.58865,14.4129,7.2933,11.9975,4.4928,0.83466,1.03758,0.96378,lower_bout,0.9532,3,REGISTERED
19.1250,0.62834,0.59291,14.5173,7.3257,12.0924,4.4977,0.83562,1.03878,0.96267,lower_bout,0.8282,3,REGISTERED
19.2500,0.63244,0.59718,14.6218,7.3658,12.1839,4.5026,0.83659,1.03998,0.96156,lower_bout,0.7032,3,REGISTERED
19.3750,0.63655,0.60146,14.7265,7.3997,12.2805,4.5074,0.83755,1.04118,0.96045,lower_bout,0.5782,3,REGISTERED
19.5000,0.64066,0.60573,14.8312,7.4331,12.3774,4.5123,0.83852,1.04239,0.95934,lower_bout,0.4532,3,REGISTERED
19.6250,0.64476,0.61002,14.9361,7.4661,12.4745,4.5171,0.83949,1.04359,0.95823,lower_bout,0.3282,3,REGISTERED
19.7500,0.64887,0.61431,15.0411,7.4962,12.5724,4.5219,0.84046,1.04480,0.95713,lower_bout,0.2032,3,REGISTERED
19.8750,0.65298,0.61860,15.1462,7.5290,12.6697,4.5266,0.84143,1.04600,0.95602,lower_bout,0.0782,3,REGISTERED
19.9532,0.65555,0.62129,15.2120,7.5495,12.7307,4.5295,0.84204,1.04676,0.95533,lower_bout,0.0000,4,REGISTERED
20.0000,0.65708,0.62290,15.2515,7.5626,12.7670,4.5312,0.84240,1.04721,0.95492,lower_bout,0.0468,4,REGISTERED
20.1250,0.66119,0.62720,15.3568,7.5918,12.8655,4.5358,0.84338,1.04842,0.95381,lower_bout,0.1718,4,REGISTERED
20.2500,0.66530,0.63151,15.4623,7.6210,12.9641,4.5403,0.84435,1.04964,0.95271,lower_bout,0.2968,4,REGISTERED
20.3750,0.66940,0.63582,15.5679,7.6503,13.0628,4.5447,0.84533,1.05085,0.95161,lower_bout,0.4218,4,REGISTERED
20.5000,0.67351,0.64014,15.6736,7.6752,13.1627,4.5490,0.84631,1.05207,0.95051,lower_bout,0.5468,4,REGISTERED
20.6250,0.67762,0.64446,15.7795,7.6969,13.2634,4.5532,0.84729,1.05328,0.94941,lower_bout,0.6718,4,REGISTERED
20.7500,0.68172,0.64879,15.8855,7.7220,13.3634,4.5573,0.84827,1.05450,0.94831,lower_bout,0.7968,4,REGISTERED
20.8750,0.68583,0.65312,15.9916,7.7455,13.4640,4.5612,0.84925,1.05572,0.94722,lower_bout,0.9218,4,REGISTERED
21.0000,0.68994,0.65746,16.0978,7.7661,13.5653,4.5650,0.85024,1.05695,0.94612,lower_bout,1.0468,4,REGISTERED
21.1250,0.69405,0.66181,16.2041,7.7822,13.6678,4.5687,0.85122,1.05817,0.94503,lower_bout,1.1718,4,REGISTERED
21.2500,0.69815,0.66615,16.3106,7.7973,13.7708,4.5724,0.85221,1.05940,0.94393,lower_bout,1.2968,4,REGISTERED
21.3750,0.70226,0.67051,16.4172,7.8123,13.8738,4.5762,0.85319,1.06063,0.94284,lower_bout,1.4218,4,REGISTERED
21.5000,0.70637,0.67487,16.5239,7.8224,13.9781,4.5799,0.85418,1.06186,0.94175,lower_bout,1.5468,4,REGISTERED
21.6250,0.71047,0.67923,16.6307,7.8274,14.0838,4.5836,0.85517,1.06309,0.94066,lower_bout,1.6718,4,REGISTERED
21.7500,0.71458,0.68360,16.7377,7.8374,14.1884,4.5873,0.85617,1.06432,0.93957,lower_bout,1.7968,4,REGISTERED
21.8750,0.71869,0.68797,16.8448,7.8444,14.2938,4.5909,0.85716,1.06555,0.93848,lower_bout,1.9218,4,REGISTERED
22.0000,0.72279,0.69235,16.9520,7.8525,14.3991,4.5945,0.85815,1.06679,0.93739,lower_bout,2.0468,4,REGISTERED
22.1250,0.72690,0.69673,17.0593,7.8575,14.5053,4.5980,0.85915,1.06803,0.93630,lower_bout,2.1718,4,REGISTERED
22.2500,0.73101,0.70112,17.1668,7.8575,14.6127,4.6015,0.86015,1.06927,0.93522,lower_bout,2.2968,4,REGISTERED
22.3750,0.73511,0.70552,17.2743,7.8625,14.7191,4.6049,0.86114,1.07051,0.93413,lower_bout,2.4218,4,REGISTERED
22.5000,0.73922,0.70991,17.3820,7.8575,14.8256,4.6083,0.86214,1.07175,0.93305,lower_bout,2.5468,4,REGISTERED
22.6250,0.74333,0.71432,17.4899,7.8575,14.9335,4.6116,0.86315,1.07300,0.93197,lower_bout,2.6718,4,REGISTERED
22.7500,0.74743,0.71873,17.5978,7.8575,15.0414,4.6147,0.86415,1.07424,0.93089,lower_bout,2.7968,4,REGISTERED
22.8750,0.75154,0.72314,17.7059,7.8475,15.1471,4.6178,0.86515,1.07549,0.92981,lower_bout,2.9218,4,REGISTERED
23.0000,0.75565,0.72756,17.8141,7.8466,15.2551,4.6208,0.86616,1.07674,0.92873,lower_bout,3.0468,4,REGISTERED
23.1250,0.75975,0.73199,17.9224,7.8374,15.3613,4.6237,0.86716,1.07799,0.92765,lower_bout,3.1718,4,REGISTERED
23.2500,0.76386,0.73642,18.0309,7.8224,15.4662,4.6264,0.86817,1.07925,0.92657,lower_bout,3.2968,4,REGISTERED
23.3750,0.76797,0.74085,18.1395,7.8224,15.5724,4.6291,0.86918,1.08050,0.92550,lower_bout,3.4218,4,REGISTERED
23.5000,0.77207,0.74529,18.2482,7.8224,15.6788,4.6315,0.87019,1.08176,0.92442,lower_bout,3.5468,4,REGISTERED
23.6250,0.77618,0.74974,18.3570,7.8168,15.7863,4.6339,0.87120,1.08302,0.92335,lower_bout,3.6718,4,REGISTERED
23.7500,0.78029,0.75419,18.4660,7.8073,15.8930,4.6361,0.87222,1.08427,0.92228,lower_bout,3.7968,4,REGISTERED
23.8750,0.78439,0.75864,18.5751,7.7923,15.9985,4.6381,0.87323,1.08554,0.92120,lower_bout,3.9218,4,REGISTERED
24.0000,0.78850,0.76310,18.6843,7.7822,16.1054,4.6400,0.87425,1.08680,0.92013,lower_bout,4.0468,4,REGISTERED
24.1250,0.79261,0.76757,18.7937,7.7672,16.2112,4.6417,0.87527,1.08806,0.91906,lower_bout,4.1718,4,REGISTERED
24.2500,0.79671,0.77204,18.9031,7.7521,16.3171,4.6434,0.87629,1.08933,0.91799,lower_bout,4.2968,4,REGISTERED
24.3750,0.80082,0.77651,19.0127,7.7345,16.4225,4.6449,0.87731,1.09060,0.91693,lower_bout,4.4218,4,REGISTERED
24.5000,0.80493,0.78100,19.1225,7.7169,16.5281,4.6464,0.87833,1.09187,0.91586,lower_bout,4.5468,4,REGISTERED
24.6250,0.80903,0.78548,19.2323,7.6969,16.6332,4.6477,0.87935,1.09314,0.91480,lower_bout,4.6718,4,REGISTERED
24.7500,0.81314,0.78997,19.3423,7.6724,16.7374,4.6491,0.88037,1.09441,0.91373,lower_bout,4.7968,4,REGISTERED
24.8750,0.81725,0.79447,19.4524,7.6518,16.8427,4.6503,0.88140,1.09569,0.91267,lower_bout,4.9218,4,REGISTERED
25.0000,0.82136,0.79897,19.5626,7.6267,16.9470,4.6515,0.88243,1.09697,0.91161,lower_bout,5.0468,4,REGISTERED
25.1250,0.82546,0.80348,19.6730,7.6016,17.0514,4.6527,0.88346,1.09824,0.91054,lower_bout,5.1718,4,REGISTERED
25.2500,0.82957,0.80799,19.7835,7.5738,17.1554,4.6538,0.88448,1.09952,0.90948,tail,5.1875,4,REGISTERED
25.3750,0.83368,0.81251,19.8941,7.5423,17.2586,4.6549,0.88552,1.10081,0.90843,tail,5.0625,4,REGISTERED
25.5000,0.83778,0.81704,20.0049,7.5113,17.3620,4.6559,0.88655,1.10209,0.90737,tail,4.9375,4,REGISTERED
25.6250,0.84189,0.82156,20.1158,7.4812,17.4658,4.6570,0.88758,1.10337,0.90631,tail,4.8125,4,REGISTERED
25.7500,0.84600,0.82610,20.2268,7.4474,17.5688,4.6580,0.88862,1.10466,0.90526,tail,4.6875,4,REGISTERED
25.8750,0.85010,0.83064,20.3379,7.4157,17.6725,4.6591,0.88965,1.10595,0.90420,tail,4.5625,4,REGISTERED
26.0000,0.85421,0.83518,20.4492,7.3794,17.7752,4.6602,0.89069,1.10724,0.90315,tail,4.4375,4,REGISTERED
26.1250,0.85832,0.83973,20.5606,7.3357,17.8762,4.6612,0.89173,1.10853,0.90209,tail,4.3125,4,REGISTERED
26.2500,0.86242,0.84429,20.6721,7.2931,17.9777,4.6623,0.89277,1.10982,0.90104,tail,4.1875,4,REGISTERED
26.3750,0.86653,0.84885,20.7838,7.2522,18.0797,4.6635,0.89381,1.11112,0.89999,tail,4.0625,4,REGISTERED
26.5000,0.87064,0.85341,20.8956,7.2067,18.1808,4.6647,0.89486,1.11242,0.89894,tail,3.9375,4,REGISTERED
26.6250,0.87474,0.85798,21.0075,7.1566,18.2809,4.6659,0.89590,1.11372,0.89790,tail,3.8125,4,REGISTERED
26.7500,0.87885,0.86256,21.1196,7.1065,18.3811,4.6672,0.89695,1.11502,0.89685,tail,3.6875,4,REGISTERED
26.8750,0.88296,0.86714,21.2317,7.0526,18.4788,4.6686,0.89799,1.11632,0.89580,tail,3.5625,4,REGISTERED
27.0000,0.88706,0.87173,21.3441,6.9987,18.5766,4.6700,0.89904,1.11762,0.89476,tail,3.4375,4,REGISTERED
27.1250,0.89117,0.87632,21.4565,6.9410,18.6718,4.6715,0.90009,1.11893,0.89371,tail,3.3125,4,REGISTERED
27.2500,0.89528,0.88092,21.5691,6.8796,18.7646,4.6730,0.90114,1.12023,0.89267,tail,3.1875,4,REGISTERED
27.3750,0.89938,0.88552,21.6818,6.8149,18.8550,4.6745,0.90220,1.12154,0.89163,tail,3.0625,4,REGISTERED
27.5000,0.90349,0.89013,21.7946,6.7467,18.9432,4.6761,0.90325,1.12285,0.89059,tail,2.9375,4,REGISTERED
27.6250,0.90760,0.89475,21.9076,6.6785,19.0315,4.6777,0.90431,1.12416,0.88955,tail,2.8125,4,REGISTERED
27.7500,0.91170,0.89937,22.0207,6.6044,19.1157,4.6793,0.90536,1.12548,0.88851,tail,2.6875,4,REGISTERED
27.8750,0.91581,0.90399,22.1339,6.5272,19.1978,4.6810,0.90642,1.12679,0.88747,tail,2.5625,4,REGISTERED
28.0000,0.91992,0.90862,22.2473,6.4470,19.2780,4.6827,0.90748,1.12811,0.88644,tail,2.4375,4,REGISTERED
28.1250,0.92402,0.91326,22.3608,6.3668,19.3583,4.6844,0.90854,1.12943,0.88540,tail,2.3125,4,REGISTERED
28.2500,0.92813,0.91790,22.4744,6.2828,19.4342,4.6861,0.90960,1.13075,0.88437,tail,2.1875,4,REGISTERED
28.3750,0.93224,0.92254,22.5882,6.1934,19.5038,4.6878,0.91067,1.13207,0.88334,tail,2.0625,4,REGISTERED
28.5000,0.93634,0.92720,22.7021,6.0973,19.5645,4.6896,0.91173,1.13340,0.88230,tail,1.9375,4,REGISTERED
28.6250,0.94045,0.93185,22.8161,5.9982,19.6205,4.6914,0.91280,1.13472,0.88127,tail,1.8125,4,REGISTERED
28.7500,0.94456,0.93652,22.9303,5.8970,19.6732,4.6932,0.91387,1.13605,0.88024,tail,1.6875,4,REGISTERED
28.8750,0.94867,0.94118,23.0446,5.7921,19.7183,4.6951,0.91493,1.13738,0.87922,tail,1.5625,4,REGISTERED
29.0000,0.95277,0.94586,23.1590,5.6866,19.7625,4.6970,0.91601,1.13871,0.87819,tail,1.4375,4,REGISTERED
29.1250,0.95688,0.95054,23.2736,5.5796,19.8033,4.6988,0.91708,1.14004,0.87716,tail,1.3125,4,REGISTERED
29.2500,0.96099,0.95522,23.3883,5.4711,19.8405,4.7008,0.91815,1.14137,0.87614,tail,1.1875,4,REGISTERED
29.3750,0.96509,0.95991,23.5031,5.3616,19.8751,4.7027,0.91922,1.14271,0.87511,tail,1.0625,4,REGISTERED
29.5000,0.96920,0.96461,23.6181,5.2501,19.9030,4.7046,0.92030,1.14405,0.87409,tail,0.9375,4,REGISTERED
29.6250,0.97331,0.96931,23.7332,5.1377,19.9276,4.7066,0.92138,1.14539,0.87307,tail,0.8125,4,REGISTERED
29.7500,0.97741,0.97402,23.8485,5.0244,19.9487,4.7086,0.92246,1.14673,0.87205,tail,0.6875,4,REGISTERED
29.8750,0.98152,0.97873,23.9638,4.9104,19.9666,4.7107,0.92354,1.14807,0.87103,tail,0.5625,4,REGISTERED
30.0000,0.98563,0.98344,24.0793,4.7955,19.9775,4.7127,0.92462,1.14941,0.87001,tail,0.4375,4,REGISTERED
30.1250,0.98973,0.98817,24.1950,4.6800,19.9822,4.7148,0.92570,1.15076,0.86899,tail,0.3125,4,REGISTERED
30.2500,0.99384,0.99290,24.3108,4.5642,19.9853,4.7168,0.92678,1.15211,0.86798,tail,0.1875,4,REGISTERED
30.3750,0.99795,0.99763,24.4267,4.4484,19.9884,4.7189,0.92787,1.15345,0.86696,tail,0.0625,4,REGISTERED
30.4375,1.00000,1.00000,24.4847,4.3904,19.9900,4.7200,0.92841,1.15413,0.86645,tail,0.0000,5,REGISTERED
