run_id,coordinate_model,model_description,arnold_station_in,normalized_station,mapped_plan_arc_in,mapped_y_in,mapped_x_in,side_height_in,mapping_status,anchor_station_in,body_length_in,radius_in,radius_ft,high_point_P_in,predicted_anchor_height_in,anchor_residual_in,waist_predicted_in,waist_residual_in,rmse_in,max_abs_residual_in,physically_admissible,bound_hit,solver_status,source_support_level,notes
MAP_A_literal_0.0,A_literal,literal plan-view developed arc (s_CAD=s_Arnold),0.0000,0.00000,0.0000,0.0000,2.0643,3.7500,OK,,19.990,,,,,,,,,,,,mapping_only,weak (no source names plan-arc; clamps late stations),
MAP_A_literal_3.0,A_literal,literal plan-view developed arc (s_CAD=s_Arnold),3.0000,0.09856,3.0000,0.4828,4.9858,3.7400,OK,,19.990,,,,,,,,,,,,mapping_only,weak (no source names plan-arc; clamps late stations),
MAP_A_literal_6.0,A_literal,literal plan-view developed arc (s_CAD=s_Arnold),6.0000,0.19713,6.0000,3.2758,5.8190,3.8950,OK,,19.990,,,,,,,,,,,,mapping_only,weak (no source names plan-arc; clamps late stations),
MAP_A_literal_9.0,A_literal,literal plan-view developed arc (s_CAD=s_Arnold),9.0000,0.29569,9.0000,6.2461,5.4197,4.0850,OK,,19.990,,,,,,,,,,,,mapping_only,weak (no source names plan-arc; clamps late stations),
MAP_A_literal_12.0,A_literal,literal plan-view developed arc (s_CAD=s_Arnold),12.0000,0.39425,12.0000,9.1555,6.0205,4.2400,OK,,19.990,,,,,,,,,,,,mapping_only,weak (no source names plan-arc; clamps late stations),
MAP_A_literal_15.0,A_literal,literal plan-view developed arc (s_CAD=s_Arnold),15.0000,0.49281,15.0000,11.8901,7.2520,4.3500,OK,,19.990,,,,,,,,,,,,mapping_only,weak (no source names plan-arc; clamps late stations),
MAP_A_literal_18.0,A_literal,literal plan-view developed arc (s_CAD=s_Arnold),18.0000,0.59138,18.0000,14.8060,7.8592,4.4550,OK,,19.990,,,,,,,,,,,,mapping_only,weak (no source names plan-arc; clamps late stations),
MAP_A_literal_21.0,A_literal,literal plan-view developed arc (s_CAD=s_Arnold),21.0000,0.68994,21.0000,17.7521,7.3833,4.5650,OK,,19.990,,,,,,,,,,,,mapping_only,weak (no source names plan-arc; clamps late stations),
MAP_A_literal_24.0,A_literal,literal plan-view developed arc (s_CAD=s_Arnold),24.0000,0.78850,24.0000,19.8070,5.4001,4.6400,OK,,19.990,,,,,,,,,,,,mapping_only,weak (no source names plan-arc; clamps late stations),
MAP_A_literal_27.0,A_literal,literal plan-view developed arc (s_CAD=s_Arnold),27.0000,0.88706,27.0000,19.9900,2.6780,4.6700,OUT_OF_DOMAIN,,19.990,,,,,,,,,,,,mapping_only,weak (no source names plan-arc; clamps late stations),
MAP_A_literal_30.4375,A_literal,literal plan-view developed arc (s_CAD=s_Arnold),30.4375,1.00000,30.4375,19.9900,2.6780,4.7200,OUT_OF_DOMAIN,,19.990,,,,,,,,,,,,mapping_only,weak (no source names plan-arc; clamps late stations),
MAP_C_normalized_0.0,C_normalized,normalized neck->tail (u=s/30.4375; s_CAD=u*S_CAD),0.0000,0.00000,0.0000,0.0000,2.0643,3.7500,OK,,19.990,,,,,,,,,,,,mapping_only,none (no source names normalization),
MAP_C_normalized_3.0,C_normalized,normalized neck->tail (u=s/30.4375; s_CAD=u*S_CAD),3.0000,0.09856,2.6344,0.2939,4.6738,3.7400,OK,,19.990,,,,,,,,,,,,mapping_only,none (no source names normalization),
MAP_C_normalized_6.0,C_normalized,normalized neck->tail (u=s/30.4375; s_CAD=u*S_CAD),6.0000,0.19713,5.2688,2.5454,5.7927,3.8950,OK,,19.990,,,,,,,,,,,,mapping_only,none (no source names normalization),
MAP_C_normalized_9.0,C_normalized,normalized neck->tail (u=s/30.4375; s_CAD=u*S_CAD),9.0000,0.29569,7.9032,5.1620,5.5830,4.0850,OK,,19.990,,,,,,,,,,,,mapping_only,none (no source names normalization),
MAP_C_normalized_12.0,C_normalized,normalized neck->tail (u=s/30.4375; s_CAD=u*S_CAD),12.0000,0.39425,10.5376,7.7730,5.5531,4.2400,OK,,19.990,,,,,,,,,,,,mapping_only,none (no source names normalization),
MAP_C_normalized_15.0,C_normalized,normalized neck->tail (u=s/30.4375; s_CAD=u*S_CAD),15.0000,0.49281,13.1721,10.2156,6.5203,4.3500,OK,,19.990,,,,,,,,,,,,mapping_only,none (no source names normalization),
MAP_C_normalized_18.0,C_normalized,normalized neck->tail (u=s/30.4375; s_CAD=u*S_CAD),18.0000,0.59138,15.8065,12.6496,7.5231,4.4550,OK,,19.990,,,,,,,,,,,,mapping_only,none (no source names normalization),
MAP_C_normalized_21.0,C_normalized,normalized neck->tail (u=s/30.4375; s_CAD=u*S_CAD),21.0000,0.68994,18.4409,15.2464,7.8428,4.5650,OK,,19.990,,,,,,,,,,,,mapping_only,none (no source names normalization),
MAP_C_normalized_24.0,C_normalized,normalized neck->tail (u=s/30.4375; s_CAD=u*S_CAD),24.0000,0.78850,21.0753,17.8225,7.3565,4.6400,OK,,19.990,,,,,,,,,,,,mapping_only,none (no source names normalization),
MAP_C_normalized_27.0,C_normalized,normalized neck->tail (u=s/30.4375; s_CAD=u*S_CAD),27.0000,0.88706,23.7097,19.7489,5.6824,4.6700,OK,,19.990,,,,,,,,,,,,mapping_only,none (no source names normalization),
MAP_C_normalized_30.4375,C_normalized,normalized neck->tail (u=s/30.4375; s_CAD=u*S_CAD),30.4375,1.00000,26.7283,19.9900,2.6780,4.7200,OK,,19.990,,,,,,,,,,,,mapping_only,none (no source names normalization),
INV_A_literal_a9.0,A_literal,literal plan-view developed arc (s_CAD=s_Arnold),,,,,,,,9.0,22.0486,408.000,34.0000,-6.9013,4.0850,+0.000000,4.1543,-0.0657,0.028235,0.065741,False,False,solved,weak (no source names plan-arc; clamps late stations),
INV_A_literal_a12.0,A_literal,literal plan-view developed arc (s_CAD=s_Arnold),,,,,,,,12.0,21.8689,420.000,35.0000,-7.6701,4.2400,-0.000000,4.1504,-0.0696,0.028052,0.069629,False,False,solved,weak (no source names plan-arc; clamps late stations),
INV_A_literal_a15.0,A_literal,literal plan-view developed arc (s_CAD=s_Arnold),,,,,,,,15.0,21.9519,396.000,33.0000,-6.4986,4.3500,-0.000000,4.1561,-0.0639,0.026980,0.063868,False,False,solved,weak (no source names plan-arc; clamps late stations),
INV_C_normalized_a9.0,C_normalized,normalized neck->tail (u=s/30.4375; s_CAD=u*S_CAD),,,,,,,,9.0,12.5762,108.000,9.0000,-2.0031,4.0850,-0.000000,4.1754,-0.0446,0.030841,0.054529,False,False,solved,none (no source names normalization),
INV_C_normalized_a12.0,C_normalized,normalized neck->tail (u=s/30.4375; s_CAD=u*S_CAD),,,,,,,,12.0,12.2340,108.000,9.0000,-2.4055,4.2400,+0.000000,4.1697,-0.0503,0.031910,0.055593,False,False,solved,none (no source names normalization),
INV_C_normalized_a15.0,C_normalized,normalized neck->tail (u=s/30.4375; s_CAD=u*S_CAD),,,,,,,,15.0,12.4387,108.000,9.0000,-2.1633,4.3500,-0.000000,4.1731,-0.0469,0.031213,0.054960,False,False,solved,none (no source names normalization),
